date,site_id,equipment_type,project_type,weather,day,is_weekend,machines_used
2025-01-01,S001,Excavator,Road,Sunny,Wed,0,4
2025-01-01,S001,Bulldozer,Road,Sunny,Wed,0,2
2025-01-01,S001,Crane,Road,Sunny,Wed,0,0
2025-01-01,S001,Grader,Road,Sunny,Wed,0,4
2025-01-01,S001,Loader,Road,Sunny,Wed,0,3
2025-01-01,S001,Compactor,Road,Sunny,Wed,0,3
2025-01-01,S002,Excavator,Mining,Sunny,Wed,0,2
2025-01-01,S002,Bulldozer,Mining,Sunny,Wed,0,6
2025-01-01,S002,Crane,Mining,Sunny,Wed,0,1
2025-01-01,S002,Grader,Mining,Sunny,Wed,0,0
2025-01-01,S002,Loader,Mining,Sunny,Wed,0,5
2025-01-01,S002,Compactor,Mining,Sunny,Wed,0,2
2025-01-01,S003,Excavator,Building,Sunny,Wed,0,1
2025-01-01,S003,Bulldozer,Building,Sunny,Wed,0,1
2025-01-01,S003,Crane,Building,Sunny,Wed,0,6
2025-01-01,S003,Grader,Building,Sunny,Wed,0,1
2025-01-01,S003,Loader,Building,Sunny,Wed,0,2
2025-01-01,S003,Compactor,Building,Sunny,Wed,0,3
2025-01-01,S004,Excavator,Highway,Sunny,Wed,0,6
2025-01-01,S004,Bulldozer,Highway,Sunny,Wed,0,3
2025-01-01,S004,Crane,Highway,Sunny,Wed,0,0
2025-01-01,S004,Grader,Highway,Sunny,Wed,0,4
2025-01-01,S004,Loader,Highway,Sunny,Wed,0,3
2025-01-01,S004,Compactor,Highway,Sunny,Wed,0,6
2025-01-01,S005,Excavator,Mining,Sunny,Wed,0,3
2025-01-01,S005,Bulldozer,Mining,Sunny,Wed,0,6
2025-01-01,S005,Crane,Mining,Sunny,Wed,0,2
2025-01-01,S005,Grader,Mining,Sunny,Wed,0,1
2025-01-01,S005,Loader,Mining,Sunny,Wed,0,4
2025-01-01,S005,Compactor,Mining,Sunny,Wed,0,0
2025-01-01,S006,Excavator,Road,Sunny,Wed,0,5
2025-01-01,S006,Bulldozer,Road,Sunny,Wed,0,2
2025-01-01,S006,Crane,Road,Sunny,Wed,0,1
2025-01-01,S006,Grader,Road,Sunny,Wed,0,4
2025-01-01,S006,Loader,Road,Sunny,Wed,0,3
2025-01-01,S006,Compactor,Road,Sunny,Wed,0,4
2025-01-02,S001,Excavator,Road,Cloudy,Thu,0,5
2025-01-02,S001,Bulldozer,Road,Cloudy,Thu,0,1
2025-01-02,S001,Crane,Road,Cloudy,Thu,0,1
2025-01-02,S001,Grader,Road,Cloudy,Thu,0,3
2025-01-02,S001,Loader,Road,Cloudy,Thu,0,3
2025-01-02,S001,Compactor,Road,Cloudy,Thu,0,4
2025-01-02,S002,Excavator,Mining,Sunny,Thu,0,4
2025-01-02,S002,Bulldozer,Mining,Sunny,Thu,0,5
2025-01-02,S002,Crane,Mining,Sunny,Thu,0,2
2025-01-02,S002,Grader,Mining,Sunny,Thu,0,2
2025-01-02,S002,Loader,Mining,Sunny,Thu,0,4
2025-01-02,S002,Compactor,Mining,Sunny,Thu,0,1
2025-01-02,S003,Excavator,Building,Sunny,Thu,0,2
2025-01-02,S003,Bulldozer,Building,Sunny,Thu,0,2
2025-01-02,S003,Crane,Building,Sunny,Thu,0,5
2025-01-02,S003,Grader,Building,Sunny,Thu,0,2
2025-01-02,S003,Loader,Building,Sunny,Thu,0,2
2025-01-02,S003,Compactor,Building,Sunny,Thu,0,2
2025-01-02,S004,Excavator,Highway,Sunny,Thu,0,5
2025-01-02,S004,Bulldozer,Highway,Sunny,Thu,0,3
2025-01-02,S004,Crane,Highway,Sunny,Thu,0,2
2025-01-02,S004,Grader,Highway,Sunny,Thu,0,6
2025-01-02,S004,Loader,Highway,Sunny,Thu,0,3
2025-01-02,S004,Compactor,Highway,Sunny,Thu,0,5
2025-01-02,S005,Excavator,Mining,Sunny,Thu,0,3
2025-01-02,S005,Bulldozer,Mining,Sunny,Thu,0,6
2025-01-02,S005,Crane,Mining,Sunny,Thu,0,3
2025-01-02,S005,Grader,Mining,Sunny,Thu,0,2
2025-01-02,S005,Loader,Mining,Sunny,Thu,0,5
2025-01-02,S005,Compactor,Mining,Sunny,Thu,0,1
2025-01-02,S006,Excavator,Road,Rain,Thu,0,2
2025-01-02,S006,Bulldozer,Road,Rain,Thu,0,1
2025-01-02,S006,Crane,Road,Rain,Thu,0,0
2025-01-02,S006,Grader,Road,Rain,Thu,0,1
2025-01-02,S006,Loader,Road,Rain,Thu,0,1
2025-01-02,S006,Compactor,Road,Rain,Thu,0,3
2025-01-03,S001,Excavator,Road,Sunny,Fri,0,4
2025-01-03,S001,Bulldozer,Road,Sunny,Fri,0,2
2025-01-03,S001,Crane,Road,Sunny,Fri,0,2
2025-01-03,S001,Grader,Road,Sunny,Fri,0,3
2025-01-03,S001,Loader,Road,Sunny,Fri,0,3
2025-01-03,S001,Compactor,Road,Sunny,Fri,0,4
2025-01-03,S002,Excavator,Mining,Cloudy,Fri,0,3
2025-01-03,S002,Bulldozer,Mining,Cloudy,Fri,0,6
2025-01-03,S002,Crane,Mining,Cloudy,Fri,0,1
2025-01-03,S002,Grader,Mining,Cloudy,Fri,0,1
2025-01-03,S002,Loader,Mining,Cloudy,Fri,0,4
2025-01-03,S002,Compactor,Mining,Cloudy,Fri,0,2
2025-01-03,S003,Excavator,Building,Cloudy,Fri,0,1
2025-01-03,S003,Bulldozer,Building,Cloudy,Fri,0,0
2025-01-03,S003,Crane,Building,Cloudy,Fri,0,4
2025-01-03,S003,Grader,Building,Cloudy,Fri,0,0
2025-01-03,S003,Loader,Building,Cloudy,Fri,0,2
2025-01-03,S003,Compactor,Building,Cloudy,Fri,0,2
2025-01-03,S004,Excavator,Highway,Sunny,Fri,0,4
2025-01-03,S004,Bulldozer,Highway,Sunny,Fri,0,3
2025-01-03,S004,Crane,Highway,Sunny,Fri,0,1
2025-01-03,S004,Grader,Highway,Sunny,Fri,0,5
2025-01-03,S004,Loader,Highway,Sunny,Fri,0,4
2025-01-03,S004,Compactor,Highway,Sunny,Fri,0,5
2025-01-03,S005,Excavator,Mining,Sunny,Fri,0,3
2025-01-03,S005,Bulldozer,Mining,Sunny,Fri,0,6
2025-01-03,S005,Crane,Mining,Sunny,Fri,0,1
2025-01-03,S005,Grader,Mining,Sunny,Fri,0,2
2025-01-03,S005,Loader,Mining,Sunny,Fri,0,6
2025-01-03,S005,Compactor,Mining,Sunny,Fri,0,2
2025-01-03,S006,Excavator,Road,Cloudy,Fri,0,4
2025-01-03,S006,Bulldozer,Road,Cloudy,Fri,0,1
2025-01-03,S006,Crane,Road,Cloudy,Fri,0,0
2025-01-03,S006,Grader,Road,Cloudy,Fri,0,4
2025-01-03,S006,Loader,Road,Cloudy,Fri,0,2
2025-01-03,S006,Compactor,Road,Cloudy,Fri,0,3
2025-01-04,S001,Excavator,Road,Sunny,Sat,1,1
2025-01-04,S001,Bulldozer,Road,Sunny,Sat,1,0
2025-01-04,S001,Crane,Road,Sunny,Sat,1,0
2025-01-04,S001,Grader,Road,Sunny,Sat,1,1
2025-01-04,S001,Loader,Road,Sunny,Sat,1,1
2025-01-04,S001,Compactor,Road,Sunny,Sat,1,1
2025-01-04,S002,Excavator,Mining,Sunny,Sat,1,0
2025-01-04,S002,Bulldozer,Mining,Sunny,Sat,1,3
2025-01-04,S002,Crane,Mining,Sunny,Sat,1,1
2025-01-04,S002,Grader,Mining,Sunny,Sat,1,0
2025-01-04,S002,Loader,Mining,Sunny,Sat,1,2
2025-01-04,S002,Compactor,Mining,Sunny,Sat,1,0
2025-01-04,S003,Excavator,Building,Sunny,Sat,1,0
2025-01-04,S003,Bulldozer,Building,Sunny,Sat,1,1
2025-01-04,S003,Crane,Building,Sunny,Sat,1,3
2025-01-04,S003,Grader,Building,Sunny,Sat,1,0
2025-01-04,S003,Loader,Building,Sunny,Sat,1,1
2025-01-04,S003,Compactor,Building,Sunny,Sat,1,0
2025-01-04,S004,Excavator,Highway,Sunny,Sat,1,2
2025-01-04,S004,Bulldozer,Highway,Sunny,Sat,1,1
2025-01-04,S004,Crane,Highway,Sunny,Sat,1,1
2025-01-04,S004,Grader,Highway,Sunny,Sat,1,1
2025-01-04,S004,Loader,Highway,Sunny,Sat,1,0
2025-01-04,S004,Compactor,Highway,Sunny,Sat,1,3
2025-01-04,S005,Excavator,Mining,Sunny,Sat,1,0
2025-01-04,S005,Bulldozer,Mining,Sunny,Sat,1,2
2025-01-04,S005,Crane,Mining,Sunny,Sat,1,0
2025-01-04,S005,Grader,Mining,Sunny,Sat,1,0
2025-01-04,S005,Loader,Mining,Sunny,Sat,1,3
2025-01-04,S005,Compactor,Mining,Sunny,Sat,1,1
2025-01-04,S006,Excavator,Road,Rain,Sat,1,1
2025-01-04,S006,Bulldozer,Road,Rain,Sat,1,0
2025-01-04,S006,Crane,Road,Rain,Sat,1,0
2025-01-04,S006,Grader,Road,Rain,Sat,1,1
2025-01-04,S006,Loader,Road,Rain,Sat,1,1
2025-01-04,S006,Compactor,Road,Rain,Sat,1,1
2025-01-05,S001,Excavator,Road,Sunny,Sun,1,1
2025-01-05,S001,Bulldozer,Road,Sunny,Sun,1,1
2025-01-05,S001,Crane,Road,Sunny,Sun,1,1
2025-01-05,S001,Grader,Road,Sunny,Sun,1,2
2025-01-05,S001,Loader,Road,Sunny,Sun,1,2
2025-01-05,S001,Compactor,Road,Sunny,Sun,1,2
2025-01-05,S002,Excavator,Mining,Rain,Sun,1,0
2025-01-05,S002,Bulldozer,Mining,Rain,Sun,1,1
2025-01-05,S002,Crane,Mining,Rain,Sun,1,0
2025-01-05,S002,Grader,Mining,Rain,Sun,1,0
2025-01-05,S002,Loader,Mining,Rain,Sun,1,0
2025-01-05,S002,Compactor,Mining,Rain,Sun,1,0
2025-01-05,S003,Excavator,Building,Sunny,Sun,1,1
2025-01-05,S003,Bulldozer,Building,Sunny,Sun,1,1
2025-01-05,S003,Crane,Building,Sunny,Sun,1,2
2025-01-05,S003,Grader,Building,Sunny,Sun,1,1
2025-01-05,S003,Loader,Building,Sunny,Sun,1,2
2025-01-05,S003,Compactor,Building,Sunny,Sun,1,2
2025-01-05,S004,Excavator,Highway,Sunny,Sun,1,1
2025-01-05,S004,Bulldozer,Highway,Sunny,Sun,1,1
2025-01-05,S004,Crane,Highway,Sunny,Sun,1,0
2025-01-05,S004,Grader,Highway,Sunny,Sun,1,1
2025-01-05,S004,Loader,Highway,Sunny,Sun,1,1
2025-01-05,S004,Compactor,Highway,Sunny,Sun,1,3
2025-01-05,S005,Excavator,Mining,Cloudy,Sun,1,1
2025-01-05,S005,Bulldozer,Mining,Cloudy,Sun,1,2
2025-01-05,S005,Crane,Mining,Cloudy,Sun,1,1
2025-01-05,S005,Grader,Mining,Cloudy,Sun,1,0
2025-01-05,S005,Loader,Mining,Cloudy,Sun,1,2
2025-01-05,S005,Compactor,Mining,Cloudy,Sun,1,1
2025-01-05,S006,Excavator,Road,Cloudy,Sun,1,2
2025-01-05,S006,Bulldozer,Road,Cloudy,Sun,1,1
2025-01-05,S006,Crane,Road,Cloudy,Sun,1,0
2025-01-05,S006,Grader,Road,Cloudy,Sun,1,2
2025-01-05,S006,Loader,Road,Cloudy,Sun,1,1
2025-01-05,S006,Compactor,Road,Cloudy,Sun,1,2
2025-01-06,S001,Excavator,Road,Cloudy,Mon,0,4
2025-01-06,S001,Bulldozer,Road,Cloudy,Mon,0,2
2025-01-06,S001,Crane,Road,Cloudy,Mon,0,2
2025-01-06,S001,Grader,Road,Cloudy,Mon,0,4
2025-01-06,S001,Loader,Road,Cloudy,Mon,0,2
2025-01-06,S001,Compactor,Road,Cloudy,Mon,0,3
2025-01-06,S002,Excavator,Mining,Sunny,Mon,0,4
2025-01-06,S002,Bulldozer,Mining,Sunny,Mon,0,7
2025-01-06,S002,Crane,Mining,Sunny,Mon,0,1
2025-01-06,S002,Grader,Mining,Sunny,Mon,0,2
2025-01-06,S002,Loader,Mining,Sunny,Mon,0,6
2025-01-06,S002,Compactor,Mining,Sunny,Mon,0,1
2025-01-06,S003,Excavator,Building,Sunny,Mon,0,2
2025-01-06,S003,Bulldozer,Building,Sunny,Mon,0,0
2025-01-06,S003,Crane,Building,Sunny,Mon,0,4
2025-01-06,S003,Grader,Building,Sunny,Mon,0,2
2025-01-06,S003,Loader,Building,Sunny,Mon,0,2
2025-01-06,S003,Compactor,Building,Sunny,Mon,0,2
2025-01-06,S004,Excavator,Highway,Cloudy,Mon,0,4
2025-01-06,S004,Bulldozer,Highway,Cloudy,Mon,0,3
2025-01-06,S004,Crane,Highway,Cloudy,Mon,0,2
2025-01-06,S004,Grader,Highway,Cloudy,Mon,0,4
2025-01-06,S004,Loader,Highway,Cloudy,Mon,0,2
2025-01-06,S004,Compactor,Highway,Cloudy,Mon,0,4
2025-01-06,S005,Excavator,Mining,Sunny,Mon,0,3
2025-01-06,S005,Bulldozer,Mining,Sunny,Mon,0,6
2025-01-06,S005,Crane,Mining,Sunny,Mon,0,2
2025-01-06,S005,Grader,Mining,Sunny,Mon,0,0
2025-01-06,S005,Loader,Mining,Sunny,Mon,0,6
2025-01-06,S005,Compactor,Mining,Sunny,Mon,0,1
2025-01-06,S006,Excavator,Road,Sunny,Mon,0,5
2025-01-06,S006,Bulldozer,Road,Sunny,Mon,0,3
2025-01-06,S006,Crane,Road,Sunny,Mon,0,1
2025-01-06,S006,Grader,Road,Sunny,Mon,0,5
2025-01-06,S006,Loader,Road,Sunny,Mon,0,3
2025-01-06,S006,Compactor,Road,Sunny,Mon,0,4
2025-01-07,S001,Excavator,Road,Sunny,Tue,0,4
2025-01-07,S001,Bulldozer,Road,Sunny,Tue,0,2
2025-01-07,S001,Crane,Road,Sunny,Tue,0,0
2025-01-07,S001,Grader,Road,Sunny,Tue,0,3
2025-01-07,S001,Loader,Road,Sunny,Tue,0,4
2025-01-07,S001,Compactor,Road,Sunny,Tue,0,3
2025-01-07,S002,Excavator,Mining,Sunny,Tue,0,3
2025-01-07,S002,Bulldozer,Mining,Sunny,Tue,0,6
2025-01-07,S002,Crane,Mining,Sunny,Tue,0,2
2025-01-07,S002,Grader,Mining,Sunny,Tue,0,1
2025-01-07,S002,Loader,Mining,Sunny,Tue,0,5
2025-01-07,S002,Compactor,Mining,Sunny,Tue,0,2
2025-01-07,S003,Excavator,Building,Sunny,Tue,0,2
2025-01-07,S003,Bulldozer,Building,Sunny,Tue,0,0
2025-01-07,S003,Crane,Building,Sunny,Tue,0,5
2025-01-07,S003,Grader,Building,Sunny,Tue,0,2
2025-01-07,S003,Loader,Building,Sunny,Tue,0,2
2025-01-07,S003,Compactor,Building,Sunny,Tue,0,2
2025-01-07,S004,Excavator,Highway,Cloudy,Tue,0,5
2025-01-07,S004,Bulldozer,Highway,Cloudy,Tue,0,2
2025-01-07,S004,Crane,Highway,Cloudy,Tue,0,1
2025-01-07,S004,Grader,Highway,Cloudy,Tue,0,4
2025-01-07,S004,Loader,Highway,Cloudy,Tue,0,3
2025-01-07,S004,Compactor,Highway,Cloudy,Tue,0,5
2025-01-07,S005,Excavator,Mining,Sunny,Tue,0,3
2025-01-07,S005,Bulldozer,Mining,Sunny,Tue,0,6
2025-01-07,S005,Crane,Mining,Sunny,Tue,0,3
2025-01-07,S005,Grader,Mining,Sunny,Tue,0,1
2025-01-07,S005,Loader,Mining,Sunny,Tue,0,6
2025-01-07,S005,Compactor,Mining,Sunny,Tue,0,2
2025-01-07,S006,Excavator,Road,Sunny,Tue,0,5
2025-01-07,S006,Bulldozer,Road,Sunny,Tue,0,3
2025-01-07,S006,Crane,Road,Sunny,Tue,0,2
2025-01-07,S006,Grader,Road,Sunny,Tue,0,3
2025-01-07,S006,Loader,Road,Sunny,Tue,0,2
2025-01-07,S006,Compactor,Road,Sunny,Tue,0,4
2025-01-08,S001,Excavator,Road,Sunny,Wed,0,4
2025-01-08,S001,Bulldozer,Road,Sunny,Wed,0,1
2025-01-08,S001,Crane,Road,Sunny,Wed,0,1
2025-01-08,S001,Grader,Road,Sunny,Wed,0,5
2025-01-08,S001,Loader,Road,Sunny,Wed,0,4
2025-01-08,S001,Compactor,Road,Sunny,Wed,0,3
2025-01-08,S002,Excavator,Mining,Rain,Wed,0,2
2025-01-08,S002,Bulldozer,Mining,Rain,Wed,0,2
2025-01-08,S002,Crane,Mining,Rain,Wed,0,2
2025-01-08,S002,Grader,Mining,Rain,Wed,0,1
2025-01-08,S002,Loader,Mining,Rain,Wed,0,2
2025-01-08,S002,Compactor,Mining,Rain,Wed,0,1
2025-01-08,S003,Excavator,Building,Sunny,Wed,0,2
2025-01-08,S003,Bulldozer,Building,Sunny,Wed,0,2
2025-01-08,S003,Crane,Building,Sunny,Wed,0,6
2025-01-08,S003,Grader,Building,Sunny,Wed,0,0
2025-01-08,S003,Loader,Building,Sunny,Wed,0,2
2025-01-08,S003,Compactor,Building,Sunny,Wed,0,2
2025-01-08,S004,Excavator,Highway,Sunny,Wed,0,4
2025-01-08,S004,Bulldozer,Highway,Sunny,Wed,0,3
2025-01-08,S004,Crane,Highway,Sunny,Wed,0,1
2025-01-08,S004,Grader,Highway,Sunny,Wed,0,4
2025-01-08,S004,Loader,Highway,Sunny,Wed,0,3
2025-01-08,S004,Compactor,Highway,Sunny,Wed,0,5
2025-01-08,S005,Excavator,Mining,Sunny,Wed,0,3
2025-01-08,S005,Bulldozer,Mining,Sunny,Wed,0,6
2025-01-08,S005,Crane,Mining,Sunny,Wed,0,2
2025-01-08,S005,Grader,Mining,Sunny,Wed,0,0
2025-01-08,S005,Loader,Mining,Sunny,Wed,0,6
2025-01-08,S005,Compactor,Mining,Sunny,Wed,0,2
2025-01-08,S006,Excavator,Road,Cloudy,Wed,0,3
2025-01-08,S006,Bulldozer,Road,Cloudy,Wed,0,1
2025-01-08,S006,Crane,Road,Cloudy,Wed,0,0
2025-01-08,S006,Grader,Road,Cloudy,Wed,0,4
2025-01-08,S006,Loader,Road,Cloudy,Wed,0,2
2025-01-08,S006,Compactor,Road,Cloudy,Wed,0,3
2025-01-09,S001,Excavator,Road,Sunny,Thu,0,6
2025-01-09,S001,Bulldozer,Road,Sunny,Thu,0,3
2025-01-09,S001,Crane,Road,Sunny,Thu,0,1
2025-01-09,S001,Grader,Road,Sunny,Thu,0,3
2025-01-09,S001,Loader,Road,Sunny,Thu,0,4
2025-01-09,S001,Compactor,Road,Sunny,Thu,0,4
2025-01-09,S002,Excavator,Mining,Rain,Thu,0,1
2025-01-09,S002,Bulldozer,Mining,Rain,Thu,0,2
2025-01-09,S002,Crane,Mining,Rain,Thu,0,1
2025-01-09,S002,Grader,Mining,Rain,Thu,0,0
2025-01-09,S002,Loader,Mining,Rain,Thu,0,2
2025-01-09,S002,Compactor,Mining,Rain,Thu,0,1
2025-01-09,S003,Excavator,Building,Rain,Thu,0,2
2025-01-09,S003,Bulldozer,Building,Rain,Thu,0,0
2025-01-09,S003,Crane,Building,Rain,Thu,0,3
2025-01-09,S003,Grader,Building,Rain,Thu,0,0
2025-01-09,S003,Loader,Building,Rain,Thu,0,2
2025-01-09,S003,Compactor,Building,Rain,Thu,0,1
2025-01-09,S004,Excavator,Highway,Sunny,Thu,0,5
2025-01-09,S004,Bulldozer,Highway,Sunny,Thu,0,4
2025-01-09,S004,Crane,Highway,Sunny,Thu,0,1
2025-01-09,S004,Grader,Highway,Sunny,Thu,0,4
2025-01-09,S004,Loader,Highway,Sunny,Thu,0,3
2025-01-09,S004,Compactor,Highway,Sunny,Thu,0,4
2025-01-09,S005,Excavator,Mining,Sunny,Thu,0,2
2025-01-09,S005,Bulldozer,Mining,Sunny,Thu,0,5
2025-01-09,S005,Crane,Mining,Sunny,Thu,0,1
2025-01-09,S005,Grader,Mining,Sunny,Thu,0,1
2025-01-09,S005,Loader,Mining,Sunny,Thu,0,5
2025-01-09,S005,Compactor,Mining,Sunny,Thu,0,2
2025-01-09,S006,Excavator,Road,Sunny,Thu,0,5
2025-01-09,S006,Bulldozer,Road,Sunny,Thu,0,1
2025-01-09,S006,Crane,Road,Sunny,Thu,0,1
2025-01-09,S006,Grader,Road,Sunny,Thu,0,3
2025-01-09,S006,Loader,Road,Sunny,Thu,0,3
2025-01-09,S006,Compactor,Road,Sunny,Thu,0,3
2025-01-10,S001,Excavator,Road,Rain,Fri,0,3
2025-01-10,S001,Bulldozer,Road,Rain,Fri,0,0
2025-01-10,S001,Crane,Road,Rain,Fri,0,0
2025-01-10,S001,Grader,Road,Rain,Fri,0,3
2025-01-10,S001,Loader,Road,Rain,Fri,0,1
2025-01-10,S001,Compactor,Road,Rain,Fri,0,3
2025-01-10,S002,Excavator,Mining,Sunny,Fri,0,3
2025-01-10,S002,Bulldozer,Mining,Sunny,Fri,0,7
2025-01-10,S002,Crane,Mining,Sunny,Fri,0,2
2025-01-10,S002,Grader,Mining,Sunny,Fri,0,1
2025-01-10,S002,Loader,Mining,Sunny,Fri,0,5
2025-01-10,S002,Compactor,Mining,Sunny,Fri,0,2
2025-01-10,S003,Excavator,Building,Sunny,Fri,0,3
2025-01-10,S003,Bulldozer,Building,Sunny,Fri,0,1
2025-01-10,S003,Crane,Building,Sunny,Fri,0,5
2025-01-10,S003,Grader,Building,Sunny,Fri,0,1
2025-01-10,S003,Loader,Building,Sunny,Fri,0,2
2025-01-10,S003,Compactor,Building,Sunny,Fri,0,1
2025-01-10,S004,Excavator,Highway,Sunny,Fri,0,4
2025-01-10,S004,Bulldozer,Highway,Sunny,Fri,0,3
2025-01-10,S004,Crane,Highway,Sunny,Fri,0,1
2025-01-10,S004,Grader,Highway,Sunny,Fri,0,4
2025-01-10,S004,Loader,Highway,Sunny,Fri,0,2
2025-01-10,S004,Compactor,Highway,Sunny,Fri,0,6
2025-01-10,S005,Excavator,Mining,Cloudy,Fri,0,3
2025-01-10,S005,Bulldozer,Mining,Cloudy,Fri,0,5
2025-01-10,S005,Crane,Mining,Cloudy,Fri,0,1
2025-01-10,S005,Grader,Mining,Cloudy,Fri,0,0
2025-01-10,S005,Loader,Mining,Cloudy,Fri,0,4
2025-01-10,S005,Compactor,Mining,Cloudy,Fri,0,0
2025-01-10,S006,Excavator,Road,Sunny,Fri,0,5
2025-01-10,S006,Bulldozer,Road,Sunny,Fri,0,3
2025-01-10,S006,Crane,Road,Sunny,Fri,0,2
2025-01-10,S006,Grader,Road,Sunny,Fri,0,4
2025-01-10,S006,Loader,Road,Sunny,Fri,0,2
2025-01-10,S006,Compactor,Road,Sunny,Fri,0,5
2025-01-11,S001,Excavator,Road,Sunny,Sat,1,2
2025-01-11,S001,Bulldozer,Road,Sunny,Sat,1,0
2025-01-11,S001,Crane,Road,Sunny,Sat,1,0
2025-01-11,S001,Grader,Road,Sunny,Sat,1,2
2025-01-11,S001,Loader,Road,Sunny,Sat,1,1
2025-01-11,S001,Compactor,Road,Sunny,Sat,1,1
2025-01-11,S002,Excavator,Mining,Sunny,Sat,1,0
2025-01-11,S002,Bulldozer,Mining,Sunny,Sat,1,2
2025-01-11,S002,Crane,Mining,Sunny,Sat,1,0
2025-01-11,S002,Grader,Mining,Sunny,Sat,1,0
2025-01-11,S002,Loader,Mining,Sunny,Sat,1,1
2025-01-11,S002,Compactor,Mining,Sunny,Sat,1,0
2025-01-11,S003,Excavator,Building,Sunny,Sat,1,0
2025-01-11,S003,Bulldozer,Building,Sunny,Sat,1,1
2025-01-11,S003,Crane,Building,Sunny,Sat,1,2
2025-01-11,S003,Grader,Building,Sunny,Sat,1,1
2025-01-11,S003,Loader,Building,Sunny,Sat,1,1
2025-01-11,S003,Compactor,Building,Sunny,Sat,1,1
2025-01-11,S004,Excavator,Highway,Cloudy,Sat,1,1
2025-01-11,S004,Bulldozer,Highway,Cloudy,Sat,1,1
2025-01-11,S004,Crane,Highway,Cloudy,Sat,1,1
2025-01-11,S004,Grader,Highway,Cloudy,Sat,1,1
2025-01-11,S004,Loader,Highway,Cloudy,Sat,1,1
2025-01-11,S004,Compactor,Highway,Cloudy,Sat,1,2
2025-01-11,S005,Excavator,Mining,Sunny,Sat,1,2
2025-01-11,S005,Bulldozer,Mining,Sunny,Sat,1,3
2025-01-11,S005,Crane,Mining,Sunny,Sat,1,1
2025-01-11,S005,Grader,Mining,Sunny,Sat,1,1
2025-01-11,S005,Loader,Mining,Sunny,Sat,1,3
2025-01-11,S005,Compactor,Mining,Sunny,Sat,1,0
2025-01-11,S006,Excavator,Road,Sunny,Sat,1,2
2025-01-11,S006,Bulldozer,Road,Sunny,Sat,1,1
2025-01-11,S006,Crane,Road,Sunny,Sat,1,1
2025-01-11,S006,Grader,Road,Sunny,Sat,1,2
2025-01-11,S006,Loader,Road,Sunny,Sat,1,1
2025-01-11,S006,Compactor,Road,Sunny,Sat,1,2
2025-01-12,S001,Excavator,Road,Rain,Sun,1,1
2025-01-12,S001,Bulldozer,Road,Rain,Sun,1,0
2025-01-12,S001,Crane,Road,Rain,Sun,1,0
2025-01-12,S001,Grader,Road,Rain,Sun,1,0
2025-01-12,S001,Loader,Road,Rain,Sun,1,0
2025-01-12,S001,Compactor,Road,Rain,Sun,1,0
2025-01-12,S002,Excavator,Mining,Cloudy,Sun,1,1
2025-01-12,S002,Bulldozer,Mining,Cloudy,Sun,1,2
2025-01-12,S002,Crane,Mining,Cloudy,Sun,1,1
2025-01-12,S002,Grader,Mining,Cloudy,Sun,1,1
2025-01-12,S002,Loader,Mining,Cloudy,Sun,1,2
2025-01-12,S002,Compactor,Mining,Cloudy,Sun,1,0
2025-01-12,S003,Excavator,Building,Cloudy,Sun,1,1
2025-01-12,S003,Bulldozer,Building,Cloudy,Sun,1,0
2025-01-12,S003,Crane,Building,Cloudy,Sun,1,2
2025-01-12,S003,Grader,Building,Cloudy,Sun,1,1
2025-01-12,S003,Loader,Building,Cloudy,Sun,1,0
2025-01-12,S003,Compactor,Building,Cloudy,Sun,1,1
2025-01-12,S004,Excavator,Highway,Sunny,Sun,1,1
2025-01-12,S004,Bulldozer,Highway,Sunny,Sun,1,1
2025-01-12,S004,Crane,Highway,Sunny,Sun,1,1
2025-01-12,S004,Grader,Highway,Sunny,Sun,1,1
2025-01-12,S004,Loader,Highway,Sunny,Sun,1,2
2025-01-12,S004,Compactor,Highway,Sunny,Sun,1,3
2025-01-12,S005,Excavator,Mining,Sunny,Sun,1,1
2025-01-12,S005,Bulldozer,Mining,Sunny,Sun,1,2
2025-01-12,S005,Crane,Mining,Sunny,Sun,1,1
2025-01-12,S005,Grader,Mining,Sunny,Sun,1,1
2025-01-12,S005,Loader,Mining,Sunny,Sun,1,2
2025-01-12,S005,Compactor,Mining,Sunny,Sun,1,1
2025-01-12,S006,Excavator,Road,Sunny,Sun,1,1
2025-01-12,S006,Bulldozer,Road,Sunny,Sun,1,0
2025-01-12,S006,Crane,Road,Sunny,Sun,1,1
2025-01-12,S006,Grader,Road,Sunny,Sun,1,1
2025-01-12,S006,Loader,Road,Sunny,Sun,1,1
2025-01-12,S006,Compactor,Road,Sunny,Sun,1,1
2025-01-13,S001,Excavator,Road,Sunny,Mon,0,5
2025-01-13,S001,Bulldozer,Road,Sunny,Mon,0,2
2025-01-13,S001,Crane,Road,Sunny,Mon,0,1
2025-01-13,S001,Grader,Road,Sunny,Mon,0,4
2025-01-13,S001,Loader,Road,Sunny,Mon,0,3
2025-01-13,S001,Compactor,Road,Sunny,Mon,0,4
2025-01-13,S002,Excavator,Mining,Sunny,Mon,0,3
2025-01-13,S002,Bulldozer,Mining,Sunny,Mon,0,5
2025-01-13,S002,Crane,Mining,Sunny,Mon,0,3
2025-01-13,S002,Grader,Mining,Sunny,Mon,0,0
2025-01-13,S002,Loader,Mining,Sunny,Mon,0,6
2025-01-13,S002,Compactor,Mining,Sunny,Mon,0,2
2025-01-13,S003,Excavator,Building,Sunny,Mon,0,2
2025-01-13,S003,Bulldozer,Building,Sunny,Mon,0,2
2025-01-13,S003,Crane,Building,Sunny,Mon,0,6
2025-01-13,S003,Grader,Building,Sunny,Mon,0,1
2025-01-13,S003,Loader,Building,Sunny,Mon,0,2
2025-01-13,S003,Compactor,Building,Sunny,Mon,0,1
2025-01-13,S004,Excavator,Highway,Cloudy,Mon,0,4
2025-01-13,S004,Bulldozer,Highway,Cloudy,Mon,0,3
2025-01-13,S004,Crane,Highway,Cloudy,Mon,0,0
2025-01-13,S004,Grader,Highway,Cloudy,Mon,0,4
2025-01-13,S004,Loader,Highway,Cloudy,Mon,0,3
2025-01-13,S004,Compactor,Highway,Cloudy,Mon,0,4
2025-01-13,S005,Excavator,Mining,Cloudy,Mon,0,3
2025-01-13,S005,Bulldozer,Mining,Cloudy,Mon,0,6
2025-01-13,S005,Crane,Mining,Cloudy,Mon,0,2
2025-01-13,S005,Grader,Mining,Cloudy,Mon,0,0
2025-01-13,S005,Loader,Mining,Cloudy,Mon,0,5
2025-01-13,S005,Compactor,Mining,Cloudy,Mon,0,1
2025-01-13,S006,Excavator,Road,Sunny,Mon,0,4
2025-01-13,S006,Bulldozer,Road,Sunny,Mon,0,2
2025-01-13,S006,Crane,Road,Sunny,Mon,0,1
2025-01-13,S006,Grader,Road,Sunny,Mon,0,4
2025-01-13,S006,Loader,Road,Sunny,Mon,0,2
2025-01-13,S006,Compactor,Road,Sunny,Mon,0,4
2025-01-14,S001,Excavator,Road,Sunny,Tue,0,6
2025-01-14,S001,Bulldozer,Road,Sunny,Tue,0,1
2025-01-14,S001,Crane,Road,Sunny,Tue,0,2
2025-01-14,S001,Grader,Road,Sunny,Tue,0,5
2025-01-14,S001,Loader,Road,Sunny,Tue,0,2
2025-01-14,S001,Compactor,Road,Sunny,Tue,0,5
2025-01-14,S002,Excavator,Mining,Rain,Tue,0,2
2025-01-14,S002,Bulldozer,Mining,Rain,Tue,0,3
2025-01-14,S002,Crane,Mining,Rain,Tue,0,1
2025-01-14,S002,Grader,Mining,Rain,Tue,0,0
2025-01-14,S002,Loader,Mining,Rain,Tue,0,3
2025-01-14,S002,Compactor,Mining,Rain,Tue,0,1
2025-01-14,S003,Excavator,Building,Sunny,Tue,0,2
2025-01-14,S003,Bulldozer,Building,Sunny,Tue,0,1
2025-01-14,S003,Crane,Building,Sunny,Tue,0,4
2025-01-14,S003,Grader,Building,Sunny,Tue,0,0
2025-01-14,S003,Loader,Building,Sunny,Tue,0,3
2025-01-14,S003,Compactor,Building,Sunny,Tue,0,2
2025-01-14,S004,Excavator,Highway,Cloudy,Tue,0,4
2025-01-14,S004,Bulldozer,Highway,Cloudy,Tue,0,2
2025-01-14,S004,Crane,Highway,Cloudy,Tue,0,1
2025-01-14,S004,Grader,Highway,Cloudy,Tue,0,4
2025-01-14,S004,Loader,Highway,Cloudy,Tue,0,2
2025-01-14,S004,Compactor,Highway,Cloudy,Tue,0,5
2025-01-14,S005,Excavator,Mining,Cloudy,Tue,0,3
2025-01-14,S005,Bulldozer,Mining,Cloudy,Tue,0,5
2025-01-14,S005,Crane,Mining,Cloudy,Tue,0,3
2025-01-14,S005,Grader,Mining,Cloudy,Tue,0,2
2025-01-14,S005,Loader,Mining,Cloudy,Tue,0,4
2025-01-14,S005,Compactor,Mining,Cloudy,Tue,0,1
2025-01-14,S006,Excavator,Road,Sunny,Tue,0,5
2025-01-14,S006,Bulldozer,Road,Sunny,Tue,0,2
2025-01-14,S006,Crane,Road,Sunny,Tue,0,2
2025-01-14,S006,Grader,Road,Sunny,Tue,0,4
2025-01-14,S006,Loader,Road,Sunny,Tue,0,3
2025-01-14,S006,Compactor,Road,Sunny,Tue,0,3
2025-01-15,S001,Excavator,Road,Cloudy,Wed,0,4
2025-01-15,S001,Bulldozer,Road,Cloudy,Wed,0,2
2025-01-15,S001,Crane,Road,Cloudy,Wed,0,1
2025-01-15,S001,Grader,Road,Cloudy,Wed,0,3
2025-01-15,S001,Loader,Road,Cloudy,Wed,0,3
2025-01-15,S001,Compactor,Road,Cloudy,Wed,0,4
2025-01-15,S002,Excavator,Mining,Sunny,Wed,0,3
2025-01-15,S002,Bulldozer,Mining,Sunny,Wed,0,6
2025-01-15,S002,Crane,Mining,Sunny,Wed,0,2
2025-01-15,S002,Grader,Mining,Sunny,Wed,0,1
2025-01-15,S002,Loader,Mining,Sunny,Wed,0,4
2025-01-15,S002,Compactor,Mining,Sunny,Wed,0,0
2025-01-15,S003,Excavator,Building,Sunny,Wed,0,3
2025-01-15,S003,Bulldozer,Building,Sunny,Wed,0,1
2025-01-15,S003,Crane,Building,Sunny,Wed,0,4
2025-01-15,S003,Grader,Building,Sunny,Wed,0,2
2025-01-15,S003,Loader,Building,Sunny,Wed,0,3
2025-01-15,S003,Compactor,Building,Sunny,Wed,0,2
2025-01-15,S004,Excavator,Highway,Sunny,Wed,0,4
2025-01-15,S004,Bulldozer,Highway,Sunny,Wed,0,2
2025-01-15,S004,Crane,Highway,Sunny,Wed,0,1
2025-01-15,S004,Grader,Highway,Sunny,Wed,0,4
2025-01-15,S004,Loader,Highway,Sunny,Wed,0,2
2025-01-15,S004,Compactor,Highway,Sunny,Wed,0,5
2025-01-15,S005,Excavator,Mining,Sunny,Wed,0,4
2025-01-15,S005,Bulldozer,Mining,Sunny,Wed,0,6
2025-01-15,S005,Crane,Mining,Sunny,Wed,0,2
2025-01-15,S005,Grader,Mining,Sunny,Wed,0,1
2025-01-15,S005,Loader,Mining,Sunny,Wed,0,5
2025-01-15,S005,Compactor,Mining,Sunny,Wed,0,1
2025-01-15,S006,Excavator,Road,Sunny,Wed,0,4
2025-01-15,S006,Bulldozer,Road,Sunny,Wed,0,2
2025-01-15,S006,Crane,Road,Sunny,Wed,0,2
2025-01-15,S006,Grader,Road,Sunny,Wed,0,3
2025-01-15,S006,Loader,Road,Sunny,Wed,0,3
2025-01-15,S006,Compactor,Road,Sunny,Wed,0,4
2025-01-16,S001,Excavator,Road,Cloudy,Thu,0,4
2025-01-16,S001,Bulldozer,Road,Cloudy,Thu,0,1
2025-01-16,S001,Crane,Road,Cloudy,Thu,0,0
2025-01-16,S001,Grader,Road,Cloudy,Thu,0,3
2025-01-16,S001,Loader,Road,Cloudy,Thu,0,2
2025-01-16,S001,Compactor,Road,Cloudy,Thu,0,4
2025-01-16,S002,Excavator,Mining,Cloudy,Thu,0,3
2025-01-16,S002,Bulldozer,Mining,Cloudy,Thu,0,4
2025-01-16,S002,Crane,Mining,Cloudy,Thu,0,1
2025-01-16,S002,Grader,Mining,Cloudy,Thu,0,1
2025-01-16,S002,Loader,Mining,Cloudy,Thu,0,5
2025-01-16,S002,Compactor,Mining,Cloudy,Thu,0,1
2025-01-16,S003,Excavator,Building,Sunny,Thu,0,1
2025-01-16,S003,Bulldozer,Building,Sunny,Thu,0,1
2025-01-16,S003,Crane,Building,Sunny,Thu,0,6
2025-01-16,S003,Grader,Building,Sunny,Thu,0,2
2025-01-16,S003,Loader,Building,Sunny,Thu,0,3
2025-01-16,S003,Compactor,Building,Sunny,Thu,0,3
2025-01-16,S004,Excavator,Highway,Sunny,Thu,0,4
2025-01-16,S004,Bulldozer,Highway,Sunny,Thu,0,2
2025-01-16,S004,Crane,Highway,Sunny,Thu,0,1
2025-01-16,S004,Grader,Highway,Sunny,Thu,0,5
2025-01-16,S004,Loader,Highway,Sunny,Thu,0,4
2025-01-16,S004,Compactor,Highway,Sunny,Thu,0,5
2025-01-16,S005,Excavator,Mining,Rain,Thu,0,2
2025-01-16,S005,Bulldozer,Mining,Rain,Thu,0,3
2025-01-16,S005,Crane,Mining,Rain,Thu,0,1
2025-01-16,S005,Grader,Mining,Rain,Thu,0,0
2025-01-16,S005,Loader,Mining,Rain,Thu,0,3
2025-01-16,S005,Compactor,Mining,Rain,Thu,0,0
2025-01-16,S006,Excavator,Road,Cloudy,Thu,0,5
2025-01-16,S006,Bulldozer,Road,Cloudy,Thu,0,1
2025-01-16,S006,Crane,Road,Cloudy,Thu,0,0
2025-01-16,S006,Grader,Road,Cloudy,Thu,0,3
2025-01-16,S006,Loader,Road,Cloudy,Thu,0,3
2025-01-16,S006,Compactor,Road,Cloudy,Thu,0,4
2025-01-17,S001,Excavator,Road,Sunny,Fri,0,4
2025-01-17,S001,Bulldozer,Road,Sunny,Fri,0,2
2025-01-17,S001,Crane,Road,Sunny,Fri,0,1
2025-01-17,S001,Grader,Road,Sunny,Fri,0,4
2025-01-17,S001,Loader,Road,Sunny,Fri,0,2
2025-01-17,S001,Compactor,Road,Sunny,Fri,0,4
2025-01-17,S002,Excavator,Mining,Sunny,Fri,0,3
2025-01-17,S002,Bulldozer,Mining,Sunny,Fri,0,6
2025-01-17,S002,Crane,Mining,Sunny,Fri,0,3
2025-01-17,S002,Grader,Mining,Sunny,Fri,0,1
2025-01-17,S002,Loader,Mining,Sunny,Fri,0,6
2025-01-17,S002,Compactor,Mining,Sunny,Fri,0,1
2025-01-17,S003,Excavator,Building,Sunny,Fri,0,1
2025-01-17,S003,Bulldozer,Building,Sunny,Fri,0,2
2025-01-17,S003,Crane,Building,Sunny,Fri,0,5
2025-01-17,S003,Grader,Building,Sunny,Fri,0,1
2025-01-17,S003,Loader,Building,Sunny,Fri,0,1
2025-01-17,S003,Compactor,Building,Sunny,Fri,0,2
2025-01-17,S004,Excavator,Highway,Rain,Fri,0,2
2025-01-17,S004,Bulldozer,Highway,Rain,Fri,0,1
2025-01-17,S004,Crane,Highway,Rain,Fri,0,1
2025-01-17,S004,Grader,Highway,Rain,Fri,0,3
2025-01-17,S004,Loader,Highway,Rain,Fri,0,1
2025-01-17,S004,Compactor,Highway,Rain,Fri,0,2
2025-01-17,S005,Excavator,Mining,Sunny,Fri,0,3
2025-01-17,S005,Bulldozer,Mining,Sunny,Fri,0,6
2025-01-17,S005,Crane,Mining,Sunny,Fri,0,1
2025-01-17,S005,Grader,Mining,Sunny,Fri,0,2
2025-01-17,S005,Loader,Mining,Sunny,Fri,0,5
2025-01-17,S005,Compactor,Mining,Sunny,Fri,0,1
2025-01-17,S006,Excavator,Road,Sunny,Fri,0,6
2025-01-17,S006,Bulldozer,Road,Sunny,Fri,0,2
2025-01-17,S006,Crane,Road,Sunny,Fri,0,2
2025-01-17,S006,Grader,Road,Sunny,Fri,0,3
2025-01-17,S006,Loader,Road,Sunny,Fri,0,2
2025-01-17,S006,Compactor,Road,Sunny,Fri,0,5
2025-01-18,S001,Excavator,Road,Sunny,Sat,1,3
2025-01-18,S001,Bulldozer,Road,Sunny,Sat,1,1
2025-01-18,S001,Crane,Road,Sunny,Sat,1,0
2025-01-18,S001,Grader,Road,Sunny,Sat,1,1
2025-01-18,S001,Loader,Road,Sunny,Sat,1,1
2025-01-18,S001,Compactor,Road,Sunny,Sat,1,2
2025-01-18,S002,Excavator,Mining,Cloudy,Sat,1,0
2025-01-18,S002,Bulldozer,Mining,Cloudy,Sat,1,2
2025-01-18,S002,Crane,Mining,Cloudy,Sat,1,0
2025-01-18,S002,Grader,Mining,Cloudy,Sat,1,1
2025-01-18,S002,Loader,Mining,Cloudy,Sat,1,1
2025-01-18,S002,Compactor,Mining,Cloudy,Sat,1,0
2025-01-18,S003,Excavator,Building,Sunny,Sat,1,1
2025-01-18,S003,Bulldozer,Building,Sunny,Sat,1,1
2025-01-18,S003,Crane,Building,Sunny,Sat,1,3
2025-01-18,S003,Grader,Building,Sunny,Sat,1,1
2025-01-18,S003,Loader,Building,Sunny,Sat,1,2
2025-01-18,S003,Compactor,Building,Sunny,Sat,1,2
2025-01-18,S004,Excavator,Highway,Sunny,Sat,1,1
2025-01-18,S004,Bulldozer,Highway,Sunny,Sat,1,2
2025-01-18,S004,Crane,Highway,Sunny,Sat,1,1
2025-01-18,S004,Grader,Highway,Sunny,Sat,1,1
2025-01-18,S004,Loader,Highway,Sunny,Sat,1,2
2025-01-18,S004,Compactor,Highway,Sunny,Sat,1,2
2025-01-18,S005,Excavator,Mining,Sunny,Sat,1,1
2025-01-18,S005,Bulldozer,Mining,Sunny,Sat,1,2
2025-01-18,S005,Crane,Mining,Sunny,Sat,1,0
2025-01-18,S005,Grader,Mining,Sunny,Sat,1,0
2025-01-18,S005,Loader,Mining,Sunny,Sat,1,2
2025-01-18,S005,Compactor,Mining,Sunny,Sat,1,1
2025-01-18,S006,Excavator,Road,Sunny,Sat,1,3
2025-01-18,S006,Bulldozer,Road,Sunny,Sat,1,0
2025-01-18,S006,Crane,Road,Sunny,Sat,1,0
2025-01-18,S006,Grader,Road,Sunny,Sat,1,2
2025-01-18,S006,Loader,Road,Sunny,Sat,1,2
2025-01-18,S006,Compactor,Road,Sunny,Sat,1,1
2025-01-19,S001,Excavator,Road,Sunny,Sun,1,2
2025-01-19,S001,Bulldozer,Road,Sunny,Sun,1,1
2025-01-19,S001,Crane,Road,Sunny,Sun,1,1
2025-01-19,S001,Grader,Road,Sunny,Sun,1,1
2025-01-19,S001,Loader,Road,Sunny,Sun,1,1
2025-01-19,S001,Compactor,Road,Sunny,Sun,1,2
2025-01-19,S002,Excavator,Mining,Sunny,Sun,1,1
2025-01-19,S002,Bulldozer,Mining,Sunny,Sun,1,3
2025-01-19,S002,Crane,Mining,Sunny,Sun,1,1
2025-01-19,S002,Grader,Mining,Sunny,Sun,1,0
2025-01-19,S002,Loader,Mining,Sunny,Sun,1,1
2025-01-19,S002,Compactor,Mining,Sunny,Sun,1,0
2025-01-19,S003,Excavator,Building,Cloudy,Sun,1,0
2025-01-19,S003,Bulldozer,Building,Cloudy,Sun,1,1
2025-01-19,S003,Crane,Building,Cloudy,Sun,1,2
2025-01-19,S003,Grader,Building,Cloudy,Sun,1,0
2025-01-19,S003,Loader,Building,Cloudy,Sun,1,0
2025-01-19,S003,Compactor,Building,Cloudy,Sun,1,2
2025-01-19,S004,Excavator,Highway,Rain,Sun,1,1
2025-01-19,S004,Bulldozer,Highway,Rain,Sun,1,1
2025-01-19,S004,Crane,Highway,Rain,Sun,1,0
2025-01-19,S004,Grader,Highway,Rain,Sun,1,1
2025-01-19,S004,Loader,Highway,Rain,Sun,1,0
2025-01-19,S004,Compactor,Highway,Rain,Sun,1,2
2025-01-19,S005,Excavator,Mining,Cloudy,Sun,1,1
2025-01-19,S005,Bulldozer,Mining,Cloudy,Sun,1,3
2025-01-19,S005,Crane,Mining,Cloudy,Sun,1,0
2025-01-19,S005,Grader,Mining,Cloudy,Sun,1,0
2025-01-19,S005,Loader,Mining,Cloudy,Sun,1,2
2025-01-19,S005,Compactor,Mining,Cloudy,Sun,1,1
2025-01-19,S006,Excavator,Road,Cloudy,Sun,1,1
2025-01-19,S006,Bulldozer,Road,Cloudy,Sun,1,0
2025-01-19,S006,Crane,Road,Cloudy,Sun,1,0
2025-01-19,S006,Grader,Road,Cloudy,Sun,1,1
2025-01-19,S006,Loader,Road,Cloudy,Sun,1,2
2025-01-19,S006,Compactor,Road,Cloudy,Sun,1,1
2025-01-20,S001,Excavator,Road,Cloudy,Mon,0,5
2025-01-20,S001,Bulldozer,Road,Cloudy,Mon,0,2
2025-01-20,S001,Crane,Road,Cloudy,Mon,0,1
2025-01-20,S001,Grader,Road,Cloudy,Mon,0,4
2025-01-20,S001,Loader,Road,Cloudy,Mon,0,2
2025-01-20,S001,Compactor,Road,Cloudy,Mon,0,3
2025-01-20,S002,Excavator,Mining,Sunny,Mon,0,4
2025-01-20,S002,Bulldozer,Mining,Sunny,Mon,0,5
2025-01-20,S002,Crane,Mining,Sunny,Mon,0,1
2025-01-20,S002,Grader,Mining,Sunny,Mon,0,2
2025-01-20,S002,Loader,Mining,Sunny,Mon,0,4
2025-01-20,S002,Compactor,Mining,Sunny,Mon,0,0
2025-01-20,S003,Excavator,Building,Sunny,Mon,0,2
2025-01-20,S003,Bulldozer,Building,Sunny,Mon,0,1
2025-01-20,S003,Crane,Building,Sunny,Mon,0,6
2025-01-20,S003,Grader,Building,Sunny,Mon,0,2
2025-01-20,S003,Loader,Building,Sunny,Mon,0,3
2025-01-20,S003,Compactor,Building,Sunny,Mon,0,2
2025-01-20,S004,Excavator,Highway,Sunny,Mon,0,4
2025-01-20,S004,Bulldozer,Highway,Sunny,Mon,0,3
2025-01-20,S004,Crane,Highway,Sunny,Mon,0,1
2025-01-20,S004,Grader,Highway,Sunny,Mon,0,5
2025-01-20,S004,Loader,Highway,Sunny,Mon,0,2
2025-01-20,S004,Compactor,Highway,Sunny,Mon,0,5
2025-01-20,S005,Excavator,Mining,Rain,Mon,0,2
2025-01-20,S005,Bulldozer,Mining,Rain,Mon,0,3
2025-01-20,S005,Crane,Mining,Rain,Mon,0,2
2025-01-20,S005,Grader,Mining,Rain,Mon,0,1
2025-01-20,S005,Loader,Mining,Rain,Mon,0,2
2025-01-20,S005,Compactor,Mining,Rain,Mon,0,1
2025-01-20,S006,Excavator,Road,Sunny,Mon,0,5
2025-01-20,S006,Bulldozer,Road,Sunny,Mon,0,2
2025-01-20,S006,Crane,Road,Sunny,Mon,0,1
2025-01-20,S006,Grader,Road,Sunny,Mon,0,3
2025-01-20,S006,Loader,Road,Sunny,Mon,0,2
2025-01-20,S006,Compactor,Road,Sunny,Mon,0,3
2025-01-21,S001,Excavator,Road,Sunny,Tue,0,6
2025-01-21,S001,Bulldozer,Road,Sunny,Tue,0,2
2025-01-21,S001,Crane,Road,Sunny,Tue,0,1
2025-01-21,S001,Grader,Road,Sunny,Tue,0,4
2025-01-21,S001,Loader,Road,Sunny,Tue,0,4
2025-01-21,S001,Compactor,Road,Sunny,Tue,0,4
2025-01-21,S002,Excavator,Mining,Sunny,Tue,0,4
2025-01-21,S002,Bulldozer,Mining,Sunny,Tue,0,6
2025-01-21,S002,Crane,Mining,Sunny,Tue,0,3
2025-01-21,S002,Grader,Mining,Sunny,Tue,0,0
2025-01-21,S002,Loader,Mining,Sunny,Tue,0,5
2025-01-21,S002,Compactor,Mining,Sunny,Tue,0,2
2025-01-21,S003,Excavator,Building,Cloudy,Tue,0,3
2025-01-21,S003,Bulldozer,Building,Cloudy,Tue,0,0
2025-01-21,S003,Crane,Building,Cloudy,Tue,0,4
2025-01-21,S003,Grader,Building,Cloudy,Tue,0,0
2025-01-21,S003,Loader,Building,Cloudy,Tue,0,1
2025-01-21,S003,Compactor,Building,Cloudy,Tue,0,3
2025-01-21,S004,Excavator,Highway,Sunny,Tue,0,6
2025-01-21,S004,Bulldozer,Highway,Sunny,Tue,0,3
2025-01-21,S004,Crane,Highway,Sunny,Tue,0,2
2025-01-21,S004,Grader,Highway,Sunny,Tue,0,5
2025-01-21,S004,Loader,Highway,Sunny,Tue,0,3
2025-01-21,S004,Compactor,Highway,Sunny,Tue,0,6
2025-01-21,S005,Excavator,Mining,Cloudy,Tue,0,2
2025-01-21,S005,Bulldozer,Mining,Cloudy,Tue,0,5
2025-01-21,S005,Crane,Mining,Cloudy,Tue,0,2
2025-01-21,S005,Grader,Mining,Cloudy,Tue,0,0
2025-01-21,S005,Loader,Mining,Cloudy,Tue,0,4
2025-01-21,S005,Compactor,Mining,Cloudy,Tue,0,0
2025-01-21,S006,Excavator,Road,Sunny,Tue,0,5
2025-01-21,S006,Bulldozer,Road,Sunny,Tue,0,2
2025-01-21,S006,Crane,Road,Sunny,Tue,0,1
2025-01-21,S006,Grader,Road,Sunny,Tue,0,3
2025-01-21,S006,Loader,Road,Sunny,Tue,0,2
2025-01-21,S006,Compactor,Road,Sunny,Tue,0,4
2025-01-22,S001,Excavator,Road,Rain,Wed,0,2
2025-01-22,S001,Bulldozer,Road,Rain,Wed,0,1
2025-01-22,S001,Crane,Road,Rain,Wed,0,0
2025-01-22,S001,Grader,Road,Rain,Wed,0,3
2025-01-22,S001,Loader,Road,Rain,Wed,0,2
2025-01-22,S001,Compactor,Road,Rain,Wed,0,1
2025-01-22,S002,Excavator,Mining,Sunny,Wed,0,3
2025-01-22,S002,Bulldozer,Mining,Sunny,Wed,0,6
2025-01-22,S002,Crane,Mining,Sunny,Wed,0,2
2025-01-22,S002,Grader,Mining,Sunny,Wed,0,0
2025-01-22,S002,Loader,Mining,Sunny,Wed,0,4
2025-01-22,S002,Compactor,Mining,Sunny,Wed,0,1
2025-01-22,S003,Excavator,Building,Sunny,Wed,0,2
2025-01-22,S003,Bulldozer,Building,Sunny,Wed,0,1
2025-01-22,S003,Crane,Building,Sunny,Wed,0,6
2025-01-22,S003,Grader,Building,Sunny,Wed,0,1
2025-01-22,S003,Loader,Building,Sunny,Wed,0,2
2025-01-22,S003,Compactor,Building,Sunny,Wed,0,2
2025-01-22,S004,Excavator,Highway,Sunny,Wed,0,6
2025-01-22,S004,Bulldozer,Highway,Sunny,Wed,0,4
2025-01-22,S004,Crane,Highway,Sunny,Wed,0,1
2025-01-22,S004,Grader,Highway,Sunny,Wed,0,4
2025-01-22,S004,Loader,Highway,Sunny,Wed,0,3
2025-01-22,S004,Compactor,Highway,Sunny,Wed,0,4
2025-01-22,S005,Excavator,Mining,Sunny,Wed,0,4
2025-01-22,S005,Bulldozer,Mining,Sunny,Wed,0,6
2025-01-22,S005,Crane,Mining,Sunny,Wed,0,3
2025-01-22,S005,Grader,Mining,Sunny,Wed,0,1
2025-01-22,S005,Loader,Mining,Sunny,Wed,0,6
2025-01-22,S005,Compactor,Mining,Sunny,Wed,0,1
2025-01-22,S006,Excavator,Road,Sunny,Wed,0,4
2025-01-22,S006,Bulldozer,Road,Sunny,Wed,0,2
2025-01-22,S006,Crane,Road,Sunny,Wed,0,1
2025-01-22,S006,Grader,Road,Sunny,Wed,0,5
2025-01-22,S006,Loader,Road,Sunny,Wed,0,2
2025-01-22,S006,Compactor,Road,Sunny,Wed,0,4
2025-01-23,S001,Excavator,Road,Sunny,Thu,0,5
2025-01-23,S001,Bulldozer,Road,Sunny,Thu,0,1
2025-01-23,S001,Crane,Road,Sunny,Thu,0,1
2025-01-23,S001,Grader,Road,Sunny,Thu,0,4
2025-01-23,S001,Loader,Road,Sunny,Thu,0,4
2025-01-23,S001,Compactor,Road,Sunny,Thu,0,3
2025-01-23,S002,Excavator,Mining,Sunny,Thu,0,4
2025-01-23,S002,Bulldozer,Mining,Sunny,Thu,0,7
2025-01-23,S002,Crane,Mining,Sunny,Thu,0,1
2025-01-23,S002,Grader,Mining,Sunny,Thu,0,0
2025-01-23,S002,Loader,Mining,Sunny,Thu,0,6
2025-01-23,S002,Compactor,Mining,Sunny,Thu,0,2
2025-01-23,S003,Excavator,Building,Sunny,Thu,0,1
2025-01-23,S003,Bulldozer,Building,Sunny,Thu,0,2
2025-01-23,S003,Crane,Building,Sunny,Thu,0,5
2025-01-23,S003,Grader,Building,Sunny,Thu,0,2
2025-01-23,S003,Loader,Building,Sunny,Thu,0,2
2025-01-23,S003,Compactor,Building,Sunny,Thu,0,3
2025-01-23,S004,Excavator,Highway,Sunny,Thu,0,6
2025-01-23,S004,Bulldozer,Highway,Sunny,Thu,0,2
2025-01-23,S004,Crane,Highway,Sunny,Thu,0,1
2025-01-23,S004,Grader,Highway,Sunny,Thu,0,6
2025-01-23,S004,Loader,Highway,Sunny,Thu,0,4
2025-01-23,S004,Compactor,Highway,Sunny,Thu,0,4
2025-01-23,S005,Excavator,Mining,Sunny,Thu,0,3
2025-01-23,S005,Bulldozer,Mining,Sunny,Thu,0,6
2025-01-23,S005,Crane,Mining,Sunny,Thu,0,2
2025-01-23,S005,Grader,Mining,Sunny,Thu,0,0
2025-01-23,S005,Loader,Mining,Sunny,Thu,0,4
2025-01-23,S005,Compactor,Mining,Sunny,Thu,0,1
2025-01-23,S006,Excavator,Road,Cloudy,Thu,0,3
2025-01-23,S006,Bulldozer,Road,Cloudy,Thu,0,2
2025-01-23,S006,Crane,Road,Cloudy,Thu,0,1
2025-01-23,S006,Grader,Road,Cloudy,Thu,0,2
2025-01-23,S006,Loader,Road,Cloudy,Thu,0,3
2025-01-23,S006,Compactor,Road,Cloudy,Thu,0,3
2025-01-24,S001,Excavator,Road,Sunny,Fri,0,5
2025-01-24,S001,Bulldozer,Road,Sunny,Fri,0,2
2025-01-24,S001,Crane,Road,Sunny,Fri,0,1
2025-01-24,S001,Grader,Road,Sunny,Fri,0,4
2025-01-24,S001,Loader,Road,Sunny,Fri,0,3
2025-01-24,S001,Compactor,Road,Sunny,Fri,0,4
2025-01-24,S002,Excavator,Mining,Rain,Fri,0,1
2025-01-24,S002,Bulldozer,Mining,Rain,Fri,0,3
2025-01-24,S002,Crane,Mining,Rain,Fri,0,0
2025-01-24,S002,Grader,Mining,Rain,Fri,0,1
2025-01-24,S002,Loader,Mining,Rain,Fri,0,2
2025-01-24,S002,Compactor,Mining,Rain,Fri,0,0
2025-01-24,S003,Excavator,Building,Cloudy,Fri,0,2
2025-01-24,S003,Bulldozer,Building,Cloudy,Fri,0,1
2025-01-24,S003,Crane,Building,Cloudy,Fri,0,4
2025-01-24,S003,Grader,Building,Cloudy,Fri,0,1
2025-01-24,S003,Loader,Building,Cloudy,Fri,0,1
2025-01-24,S003,Compactor,Building,Cloudy,Fri,0,1
2025-01-24,S004,Excavator,Highway,Sunny,Fri,0,4
2025-01-24,S004,Bulldozer,Highway,Sunny,Fri,0,3
2025-01-24,S004,Crane,Highway,Sunny,Fri,0,1
2025-01-24,S004,Grader,Highway,Sunny,Fri,0,4
2025-01-24,S004,Loader,Highway,Sunny,Fri,0,3
2025-01-24,S004,Compactor,Highway,Sunny,Fri,0,4
2025-01-24,S005,Excavator,Mining,Rain,Fri,0,2
2025-01-24,S005,Bulldozer,Mining,Rain,Fri,0,3
2025-01-24,S005,Crane,Mining,Rain,Fri,0,0
2025-01-24,S005,Grader,Mining,Rain,Fri,0,1
2025-01-24,S005,Loader,Mining,Rain,Fri,0,2
2025-01-24,S005,Compactor,Mining,Rain,Fri,0,1
2025-01-24,S006,Excavator,Road,Sunny,Fri,0,6
2025-01-24,S006,Bulldozer,Road,Sunny,Fri,0,3
2025-01-24,S006,Crane,Road,Sunny,Fri,0,1
2025-01-24,S006,Grader,Road,Sunny,Fri,0,5
2025-01-24,S006,Loader,Road,Sunny,Fri,0,2
2025-01-24,S006,Compactor,Road,Sunny,Fri,0,5
2025-01-25,S001,Excavator,Road,Sunny,Sat,1,3
2025-01-25,S001,Bulldozer,Road,Sunny,Sat,1,2
2025-01-25,S001,Crane,Road,Sunny,Sat,1,0
2025-01-25,S001,Grader,Road,Sunny,Sat,1,2
2025-01-25,S001,Loader,Road,Sunny,Sat,1,2
2025-01-25,S001,Compactor,Road,Sunny,Sat,1,1
2025-01-25,S002,Excavator,Mining,Sunny,Sat,1,2
2025-01-25,S002,Bulldozer,Mining,Sunny,Sat,1,2
2025-01-25,S002,Crane,Mining,Sunny,Sat,1,2
2025-01-25,S002,Grader,Mining,Sunny,Sat,1,0
2025-01-25,S002,Loader,Mining,Sunny,Sat,1,3
2025-01-25,S002,Compactor,Mining,Sunny,Sat,1,0
2025-01-25,S003,Excavator,Building,Sunny,Sat,1,2
2025-01-25,S003,Bulldozer,Building,Sunny,Sat,1,0
2025-01-25,S003,Crane,Building,Sunny,Sat,1,2
2025-01-25,S003,Grader,Building,Sunny,Sat,1,0
2025-01-25,S003,Loader,Building,Sunny,Sat,1,0
2025-01-25,S003,Compactor,Building,Sunny,Sat,1,0
2025-01-25,S004,Excavator,Highway,Sunny,Sat,1,1
2025-01-25,S004,Bulldozer,Highway,Sunny,Sat,1,2
2025-01-25,S004,Crane,Highway,Sunny,Sat,1,1
2025-01-25,S004,Grader,Highway,Sunny,Sat,1,3
2025-01-25,S004,Loader,Highway,Sunny,Sat,1,1
2025-01-25,S004,Compactor,Highway,Sunny,Sat,1,3
2025-01-25,S005,Excavator,Mining,Sunny,Sat,1,1
2025-01-25,S005,Bulldozer,Mining,Sunny,Sat,1,3
2025-01-25,S005,Crane,Mining,Sunny,Sat,1,1
2025-01-25,S005,Grader,Mining,Sunny,Sat,1,1
2025-01-25,S005,Loader,Mining,Sunny,Sat,1,2
2025-01-25,S005,Compactor,Mining,Sunny,Sat,1,1
2025-01-25,S006,Excavator,Road,Cloudy,Sat,1,1
2025-01-25,S006,Bulldozer,Road,Cloudy,Sat,1,2
2025-01-25,S006,Crane,Road,Cloudy,Sat,1,1
2025-01-25,S006,Grader,Road,Cloudy,Sat,1,1
2025-01-25,S006,Loader,Road,Cloudy,Sat,1,2
2025-01-25,S006,Compactor,Road,Cloudy,Sat,1,1
2025-01-26,S001,Excavator,Road,Cloudy,Sun,1,2
2025-01-26,S001,Bulldozer,Road,Cloudy,Sun,1,0
2025-01-26,S001,Crane,Road,Cloudy,Sun,1,1
2025-01-26,S001,Grader,Road,Cloudy,Sun,1,1
2025-01-26,S001,Loader,Road,Cloudy,Sun,1,0
2025-01-26,S001,Compactor,Road,Cloudy,Sun,1,2
2025-01-26,S002,Excavator,Mining,Sunny,Sun,1,2
2025-01-26,S002,Bulldozer,Mining,Sunny,Sun,1,2
2025-01-26,S002,Crane,Mining,Sunny,Sun,1,1
2025-01-26,S002,Grader,Mining,Sunny,Sun,1,1
2025-01-26,S002,Loader,Mining,Sunny,Sun,1,2
2025-01-26,S002,Compactor,Mining,Sunny,Sun,1,1
2025-01-26,S003,Excavator,Building,Sunny,Sun,1,0
2025-01-26,S003,Bulldozer,Building,Sunny,Sun,1,0
2025-01-26,S003,Crane,Building,Sunny,Sun,1,1
2025-01-26,S003,Grader,Building,Sunny,Sun,1,1
2025-01-26,S003,Loader,Building,Sunny,Sun,1,1
2025-01-26,S003,Compactor,Building,Sunny,Sun,1,1
2025-01-26,S004,Excavator,Highway,Cloudy,Sun,1,1
2025-01-26,S004,Bulldozer,Highway,Cloudy,Sun,1,0
2025-01-26,S004,Crane,Highway,Cloudy,Sun,1,1
2025-01-26,S004,Grader,Highway,Cloudy,Sun,1,1
2025-01-26,S004,Loader,Highway,Cloudy,Sun,1,0
2025-01-26,S004,Compactor,Highway,Cloudy,Sun,1,1
2025-01-26,S005,Excavator,Mining,Sunny,Sun,1,1
2025-01-26,S005,Bulldozer,Mining,Sunny,Sun,1,2
2025-01-26,S005,Crane,Mining,Sunny,Sun,1,1
2025-01-26,S005,Grader,Mining,Sunny,Sun,1,1
2025-01-26,S005,Loader,Mining,Sunny,Sun,1,1
2025-01-26,S005,Compactor,Mining,Sunny,Sun,1,1
2025-01-26,S006,Excavator,Road,Sunny,Sun,1,1
2025-01-26,S006,Bulldozer,Road,Sunny,Sun,1,2
2025-01-26,S006,Crane,Road,Sunny,Sun,1,0
2025-01-26,S006,Grader,Road,Sunny,Sun,1,1
2025-01-26,S006,Loader,Road,Sunny,Sun,1,0
2025-01-26,S006,Compactor,Road,Sunny,Sun,1,2
2025-01-27,S001,Excavator,Road,Cloudy,Mon,0,5
2025-01-27,S001,Bulldozer,Road,Cloudy,Mon,0,2
2025-01-27,S001,Crane,Road,Cloudy,Mon,0,0
2025-01-27,S001,Grader,Road,Cloudy,Mon,0,2
2025-01-27,S001,Loader,Road,Cloudy,Mon,0,3
2025-01-27,S001,Compactor,Road,Cloudy,Mon,0,4
2025-01-27,S002,Excavator,Mining,Sunny,Mon,0,3
2025-01-27,S002,Bulldozer,Mining,Sunny,Mon,0,6
2025-01-27,S002,Crane,Mining,Sunny,Mon,0,3
2025-01-27,S002,Grader,Mining,Sunny,Mon,0,1
2025-01-27,S002,Loader,Mining,Sunny,Mon,0,4
2025-01-27,S002,Compactor,Mining,Sunny,Mon,0,2
2025-01-27,S003,Excavator,Building,Sunny,Mon,0,2
2025-01-27,S003,Bulldozer,Building,Sunny,Mon,0,1
2025-01-27,S003,Crane,Building,Sunny,Mon,0,4
2025-01-27,S003,Grader,Building,Sunny,Mon,0,0
2025-01-27,S003,Loader,Building,Sunny,Mon,0,3
2025-01-27,S003,Compactor,Building,Sunny,Mon,0,1
2025-01-27,S004,Excavator,Highway,Sunny,Mon,0,6
2025-01-27,S004,Bulldozer,Highway,Sunny,Mon,0,2
2025-01-27,S004,Crane,Highway,Sunny,Mon,0,0
2025-01-27,S004,Grader,Highway,Sunny,Mon,0,5
2025-01-27,S004,Loader,Highway,Sunny,Mon,0,3
2025-01-27,S004,Compactor,Highway,Sunny,Mon,0,5
2025-01-27,S005,Excavator,Mining,Cloudy,Mon,0,2
2025-01-27,S005,Bulldozer,Mining,Cloudy,Mon,0,5
2025-01-27,S005,Crane,Mining,Cloudy,Mon,0,1
2025-01-27,S005,Grader,Mining,Cloudy,Mon,0,0
2025-01-27,S005,Loader,Mining,Cloudy,Mon,0,5
2025-01-27,S005,Compactor,Mining,Cloudy,Mon,0,1
2025-01-27,S006,Excavator,Road,Rain,Mon,0,2
2025-01-27,S006,Bulldozer,Road,Rain,Mon,0,2
2025-01-27,S006,Crane,Road,Rain,Mon,0,1
2025-01-27,S006,Grader,Road,Rain,Mon,0,2
2025-01-27,S006,Loader,Road,Rain,Mon,0,2
2025-01-27,S006,Compactor,Road,Rain,Mon,0,2
2025-01-28,S001,Excavator,Road,Sunny,Tue,0,4
2025-01-28,S001,Bulldozer,Road,Sunny,Tue,0,1
2025-01-28,S001,Crane,Road,Sunny,Tue,0,0
2025-01-28,S001,Grader,Road,Sunny,Tue,0,4
2025-01-28,S001,Loader,Road,Sunny,Tue,0,3
2025-01-28,S001,Compactor,Road,Sunny,Tue,0,4
2025-01-28,S002,Excavator,Mining,Cloudy,Tue,0,3
2025-01-28,S002,Bulldozer,Mining,Cloudy,Tue,0,5
2025-01-28,S002,Crane,Mining,Cloudy,Tue,0,2
2025-01-28,S002,Grader,Mining,Cloudy,Tue,0,1
2025-01-28,S002,Loader,Mining,Cloudy,Tue,0,5
2025-01-28,S002,Compactor,Mining,Cloudy,Tue,0,1
2025-01-28,S003,Excavator,Building,Sunny,Tue,0,2
2025-01-28,S003,Bulldozer,Building,Sunny,Tue,0,2
2025-01-28,S003,Crane,Building,Sunny,Tue,0,4
2025-01-28,S003,Grader,Building,Sunny,Tue,0,2
2025-01-28,S003,Loader,Building,Sunny,Tue,0,1
2025-01-28,S003,Compactor,Building,Sunny,Tue,0,2
2025-01-28,S004,Excavator,Highway,Sunny,Tue,0,5
2025-01-28,S004,Bulldozer,Highway,Sunny,Tue,0,4
2025-01-28,S004,Crane,Highway,Sunny,Tue,0,1
2025-01-28,S004,Grader,Highway,Sunny,Tue,0,5
2025-01-28,S004,Loader,Highway,Sunny,Tue,0,4
2025-01-28,S004,Compactor,Highway,Sunny,Tue,0,5
2025-01-28,S005,Excavator,Mining,Sunny,Tue,0,4
2025-01-28,S005,Bulldozer,Mining,Sunny,Tue,0,6
2025-01-28,S005,Crane,Mining,Sunny,Tue,0,2
2025-01-28,S005,Grader,Mining,Sunny,Tue,0,1
2025-01-28,S005,Loader,Mining,Sunny,Tue,0,6
2025-01-28,S005,Compactor,Mining,Sunny,Tue,0,1
2025-01-28,S006,Excavator,Road,Cloudy,Tue,0,5
2025-01-28,S006,Bulldozer,Road,Cloudy,Tue,0,2
2025-01-28,S006,Crane,Road,Cloudy,Tue,0,1
2025-01-28,S006,Grader,Road,Cloudy,Tue,0,4
2025-01-28,S006,Loader,Road,Cloudy,Tue,0,3
2025-01-28,S006,Compactor,Road,Cloudy,Tue,0,3
2025-01-29,S001,Excavator,Road,Sunny,Wed,0,5
2025-01-29,S001,Bulldozer,Road,Sunny,Wed,0,1
2025-01-29,S001,Crane,Road,Sunny,Wed,0,2
2025-01-29,S001,Grader,Road,Sunny,Wed,0,3
2025-01-29,S001,Loader,Road,Sunny,Wed,0,2
2025-01-29,S001,Compactor,Road,Sunny,Wed,0,3
2025-01-29,S002,Excavator,Mining,Cloudy,Wed,0,2
2025-01-29,S002,Bulldozer,Mining,Cloudy,Wed,0,4
2025-01-29,S002,Crane,Mining,Cloudy,Wed,0,1
2025-01-29,S002,Grader,Mining,Cloudy,Wed,0,0
2025-01-29,S002,Loader,Mining,Cloudy,Wed,0,5
2025-01-29,S002,Compactor,Mining,Cloudy,Wed,0,1
2025-01-29,S003,Excavator,Building,Rain,Wed,0,1
2025-01-29,S003,Bulldozer,Building,Rain,Wed,0,0
2025-01-29,S003,Crane,Building,Rain,Wed,0,3
2025-01-29,S003,Grader,Building,Rain,Wed,0,0
2025-01-29,S003,Loader,Building,Rain,Wed,0,2
2025-01-29,S003,Compactor,Building,Rain,Wed,0,2
2025-01-29,S004,Excavator,Highway,Cloudy,Wed,0,3
2025-01-29,S004,Bulldozer,Highway,Cloudy,Wed,0,3
2025-01-29,S004,Crane,Highway,Cloudy,Wed,0,2
2025-01-29,S004,Grader,Highway,Cloudy,Wed,0,5
2025-01-29,S004,Loader,Highway,Cloudy,Wed,0,2
2025-01-29,S004,Compactor,Highway,Cloudy,Wed,0,4
2025-01-29,S005,Excavator,Mining,Sunny,Wed,0,2
2025-01-29,S005,Bulldozer,Mining,Sunny,Wed,0,7
2025-01-29,S005,Crane,Mining,Sunny,Wed,0,3
2025-01-29,S005,Grader,Mining,Sunny,Wed,0,1
2025-01-29,S005,Loader,Mining,Sunny,Wed,0,6
2025-01-29,S005,Compactor,Mining,Sunny,Wed,0,1
2025-01-29,S006,Excavator,Road,Sunny,Wed,0,4
2025-01-29,S006,Bulldozer,Road,Sunny,Wed,0,1
2025-01-29,S006,Crane,Road,Sunny,Wed,0,2
2025-01-29,S006,Grader,Road,Sunny,Wed,0,3
2025-01-29,S006,Loader,Road,Sunny,Wed,0,3
2025-01-29,S006,Compactor,Road,Sunny,Wed,0,4
2025-01-30,S001,Excavator,Road,Sunny,Thu,0,5
2025-01-30,S001,Bulldozer,Road,Sunny,Thu,0,2
2025-01-30,S001,Crane,Road,Sunny,Thu,0,1
2025-01-30,S001,Grader,Road,Sunny,Thu,0,4
2025-01-30,S001,Loader,Road,Sunny,Thu,0,3
2025-01-30,S001,Compactor,Road,Sunny,Thu,0,5
2025-01-30,S002,Excavator,Mining,Sunny,Thu,0,4
2025-01-30,S002,Bulldozer,Mining,Sunny,Thu,0,6
2025-01-30,S002,Crane,Mining,Sunny,Thu,0,1
2025-01-30,S002,Grader,Mining,Sunny,Thu,0,1
2025-01-30,S002,Loader,Mining,Sunny,Thu,0,5
2025-01-30,S002,Compactor,Mining,Sunny,Thu,0,2
2025-01-30,S003,Excavator,Building,Sunny,Thu,0,2
2025-01-30,S003,Bulldozer,Building,Sunny,Thu,0,1
2025-01-30,S003,Crane,Building,Sunny,Thu,0,4
2025-01-30,S003,Grader,Building,Sunny,Thu,0,2
2025-01-30,S003,Loader,Building,Sunny,Thu,0,1
2025-01-30,S003,Compactor,Building,Sunny,Thu,0,3
2025-01-30,S004,Excavator,Highway,Sunny,Thu,0,4
2025-01-30,S004,Bulldozer,Highway,Sunny,Thu,0,2
2025-01-30,S004,Crane,Highway,Sunny,Thu,0,2
2025-01-30,S004,Grader,Highway,Sunny,Thu,0,6
2025-01-30,S004,Loader,Highway,Sunny,Thu,0,2
2025-01-30,S004,Compactor,Highway,Sunny,Thu,0,5
2025-01-30,S005,Excavator,Mining,Sunny,Thu,0,4
2025-01-30,S005,Bulldozer,Mining,Sunny,Thu,0,5
2025-01-30,S005,Crane,Mining,Sunny,Thu,0,2
2025-01-30,S005,Grader,Mining,Sunny,Thu,0,1
2025-01-30,S005,Loader,Mining,Sunny,Thu,0,6
2025-01-30,S005,Compactor,Mining,Sunny,Thu,0,1
2025-01-30,S006,Excavator,Road,Cloudy,Thu,0,4
2025-01-30,S006,Bulldozer,Road,Cloudy,Thu,0,1
2025-01-30,S006,Crane,Road,Cloudy,Thu,0,1
2025-01-30,S006,Grader,Road,Cloudy,Thu,0,3
2025-01-30,S006,Loader,Road,Cloudy,Thu,0,2
2025-01-30,S006,Compactor,Road,Cloudy,Thu,0,4
2025-01-31,S001,Excavator,Road,Sunny,Fri,0,6
2025-01-31,S001,Bulldozer,Road,Sunny,Fri,0,2
2025-01-31,S001,Crane,Road,Sunny,Fri,0,2
2025-01-31,S001,Grader,Road,Sunny,Fri,0,4
2025-01-31,S001,Loader,Road,Sunny,Fri,0,3
2025-01-31,S001,Compactor,Road,Sunny,Fri,0,4
2025-01-31,S002,Excavator,Mining,Sunny,Fri,0,4
2025-01-31,S002,Bulldozer,Mining,Sunny,Fri,0,5
2025-01-31,S002,Crane,Mining,Sunny,Fri,0,3
2025-01-31,S002,Grader,Mining,Sunny,Fri,0,0
2025-01-31,S002,Loader,Mining,Sunny,Fri,0,4
2025-01-31,S002,Compactor,Mining,Sunny,Fri,0,1
2025-01-31,S003,Excavator,Building,Cloudy,Fri,0,2
2025-01-31,S003,Bulldozer,Building,Cloudy,Fri,0,1
2025-01-31,S003,Crane,Building,Cloudy,Fri,0,5
2025-01-31,S003,Grader,Building,Cloudy,Fri,0,0
2025-01-31,S003,Loader,Building,Cloudy,Fri,0,2
2025-01-31,S003,Compactor,Building,Cloudy,Fri,0,2
2025-01-31,S004,Excavator,Highway,Cloudy,Fri,0,5
2025-01-31,S004,Bulldozer,Highway,Cloudy,Fri,0,3
2025-01-31,S004,Crane,Highway,Cloudy,Fri,0,1
2025-01-31,S004,Grader,Highway,Cloudy,Fri,0,4
2025-01-31,S004,Loader,Highway,Cloudy,Fri,0,2
2025-01-31,S004,Compactor,Highway,Cloudy,Fri,0,5
2025-01-31,S005,Excavator,Mining,Rain,Fri,0,2
2025-01-31,S005,Bulldozer,Mining,Rain,Fri,0,2
2025-01-31,S005,Crane,Mining,Rain,Fri,0,1
2025-01-31,S005,Grader,Mining,Rain,Fri,0,1
2025-01-31,S005,Loader,Mining,Rain,Fri,0,3
2025-01-31,S005,Compactor,Mining,Rain,Fri,0,0
2025-01-31,S006,Excavator,Road,Sunny,Fri,0,6
2025-01-31,S006,Bulldozer,Road,Sunny,Fri,0,1
2025-01-31,S006,Crane,Road,Sunny,Fri,0,0
2025-01-31,S006,Grader,Road,Sunny,Fri,0,4
2025-01-31,S006,Loader,Road,Sunny,Fri,0,3
2025-01-31,S006,Compactor,Road,Sunny,Fri,0,5
2025-02-01,S001,Excavator,Road,Sunny,Sat,1,1
2025-02-01,S001,Bulldozer,Road,Sunny,Sat,1,0
2025-02-01,S001,Crane,Road,Sunny,Sat,1,0
2025-02-01,S001,Grader,Road,Sunny,Sat,1,2
2025-02-01,S001,Loader,Road,Sunny,Sat,1,1
2025-02-01,S001,Compactor,Road,Sunny,Sat,1,1
2025-02-01,S002,Excavator,Mining,Sunny,Sat,1,2
2025-02-01,S002,Bulldozer,Mining,Sunny,Sat,1,3
2025-02-01,S002,Crane,Mining,Sunny,Sat,1,0
2025-02-01,S002,Grader,Mining,Sunny,Sat,1,1
2025-02-01,S002,Loader,Mining,Sunny,Sat,1,1
2025-02-01,S002,Compactor,Mining,Sunny,Sat,1,0
2025-02-01,S003,Excavator,Building,Cloudy,Sat,1,1
2025-02-01,S003,Bulldozer,Building,Cloudy,Sat,1,1
2025-02-01,S003,Crane,Building,Cloudy,Sat,1,2
2025-02-01,S003,Grader,Building,Cloudy,Sat,1,0
2025-02-01,S003,Loader,Building,Cloudy,Sat,1,1
2025-02-01,S003,Compactor,Building,Cloudy,Sat,1,0
2025-02-01,S004,Excavator,Highway,Sunny,Sat,1,2
2025-02-01,S004,Bulldozer,Highway,Sunny,Sat,1,0
2025-02-01,S004,Crane,Highway,Sunny,Sat,1,0
2025-02-01,S004,Grader,Highway,Sunny,Sat,1,3
2025-02-01,S004,Loader,Highway,Sunny,Sat,1,2
2025-02-01,S004,Compactor,Highway,Sunny,Sat,1,2
2025-02-01,S005,Excavator,Mining,Rain,Sat,1,1
2025-02-01,S005,Bulldozer,Mining,Rain,Sat,1,0
2025-02-01,S005,Crane,Mining,Rain,Sat,1,1
2025-02-01,S005,Grader,Mining,Rain,Sat,1,0
2025-02-01,S005,Loader,Mining,Rain,Sat,1,1
2025-02-01,S005,Compactor,Mining,Rain,Sat,1,1
2025-02-01,S006,Excavator,Road,Sunny,Sat,1,2
2025-02-01,S006,Bulldozer,Road,Sunny,Sat,1,1
2025-02-01,S006,Crane,Road,Sunny,Sat,1,0
2025-02-01,S006,Grader,Road,Sunny,Sat,1,1
2025-02-01,S006,Loader,Road,Sunny,Sat,1,2
2025-02-01,S006,Compactor,Road,Sunny,Sat,1,2
2025-02-02,S001,Excavator,Road,Cloudy,Sun,1,2
2025-02-02,S001,Bulldozer,Road,Cloudy,Sun,1,1
2025-02-02,S001,Crane,Road,Cloudy,Sun,1,1
2025-02-02,S001,Grader,Road,Cloudy,Sun,1,2
2025-02-02,S001,Loader,Road,Cloudy,Sun,1,1
2025-02-02,S001,Compactor,Road,Cloudy,Sun,1,1
2025-02-02,S002,Excavator,Mining,Rain,Sun,1,0
2025-02-02,S002,Bulldozer,Mining,Rain,Sun,1,1
2025-02-02,S002,Crane,Mining,Rain,Sun,1,1
2025-02-02,S002,Grader,Mining,Rain,Sun,1,1
2025-02-02,S002,Loader,Mining,Rain,Sun,1,1
2025-02-02,S002,Compactor,Mining,Rain,Sun,1,0
2025-02-02,S003,Excavator,Building,Sunny,Sun,1,1
2025-02-02,S003,Bulldozer,Building,Sunny,Sun,1,1
2025-02-02,S003,Crane,Building,Sunny,Sun,1,2
2025-02-02,S003,Grader,Building,Sunny,Sun,1,1
2025-02-02,S003,Loader,Building,Sunny,Sun,1,2
2025-02-02,S003,Compactor,Building,Sunny,Sun,1,0
2025-02-02,S004,Excavator,Highway,Rain,Sun,1,2
2025-02-02,S004,Bulldozer,Highway,Rain,Sun,1,0
2025-02-02,S004,Crane,Highway,Rain,Sun,1,0
2025-02-02,S004,Grader,Highway,Rain,Sun,1,2
2025-02-02,S004,Loader,Highway,Rain,Sun,1,0
2025-02-02,S004,Compactor,Highway,Rain,Sun,1,1
2025-02-02,S005,Excavator,Mining,Sunny,Sun,1,2
2025-02-02,S005,Bulldozer,Mining,Sunny,Sun,1,3
2025-02-02,S005,Crane,Mining,Sunny,Sun,1,1
2025-02-02,S005,Grader,Mining,Sunny,Sun,1,0
2025-02-02,S005,Loader,Mining,Sunny,Sun,1,2
2025-02-02,S005,Compactor,Mining,Sunny,Sun,1,0
2025-02-02,S006,Excavator,Road,Rain,Sun,1,1
2025-02-02,S006,Bulldozer,Road,Rain,Sun,1,1
2025-02-02,S006,Crane,Road,Rain,Sun,1,1
2025-02-02,S006,Grader,Road,Rain,Sun,1,1
2025-02-02,S006,Loader,Road,Rain,Sun,1,0
2025-02-02,S006,Compactor,Road,Rain,Sun,1,2
2025-02-03,S001,Excavator,Road,Sunny,Mon,0,5
2025-02-03,S001,Bulldozer,Road,Sunny,Mon,0,2
2025-02-03,S001,Crane,Road,Sunny,Mon,0,2
2025-02-03,S001,Grader,Road,Sunny,Mon,0,3
2025-02-03,S001,Loader,Road,Sunny,Mon,0,4
2025-02-03,S001,Compactor,Road,Sunny,Mon,0,4
2025-02-03,S002,Excavator,Mining,Sunny,Mon,0,3
2025-02-03,S002,Bulldozer,Mining,Sunny,Mon,0,6
2025-02-03,S002,Crane,Mining,Sunny,Mon,0,1
2025-02-03,S002,Grader,Mining,Sunny,Mon,0,1
2025-02-03,S002,Loader,Mining,Sunny,Mon,0,5
2025-02-03,S002,Compactor,Mining,Sunny,Mon,0,1
2025-02-03,S003,Excavator,Building,Sunny,Mon,0,2
2025-02-03,S003,Bulldozer,Building,Sunny,Mon,0,0
2025-02-03,S003,Crane,Building,Sunny,Mon,0,5
2025-02-03,S003,Grader,Building,Sunny,Mon,0,2
2025-02-03,S003,Loader,Building,Sunny,Mon,0,2
2025-02-03,S003,Compactor,Building,Sunny,Mon,0,1
2025-02-03,S004,Excavator,Highway,Cloudy,Mon,0,4
2025-02-03,S004,Bulldozer,Highway,Cloudy,Mon,0,2
2025-02-03,S004,Crane,Highway,Cloudy,Mon,0,0
2025-02-03,S004,Grader,Highway,Cloudy,Mon,0,5
2025-02-03,S004,Loader,Highway,Cloudy,Mon,0,3
2025-02-03,S004,Compactor,Highway,Cloudy,Mon,0,5
2025-02-03,S005,Excavator,Mining,Sunny,Mon,0,3
2025-02-03,S005,Bulldozer,Mining,Sunny,Mon,0,5
2025-02-03,S005,Crane,Mining,Sunny,Mon,0,3
2025-02-03,S005,Grader,Mining,Sunny,Mon,0,1
2025-02-03,S005,Loader,Mining,Sunny,Mon,0,5
2025-02-03,S005,Compactor,Mining,Sunny,Mon,0,2
2025-02-03,S006,Excavator,Road,Cloudy,Mon,0,4
2025-02-03,S006,Bulldozer,Road,Cloudy,Mon,0,1
2025-02-03,S006,Crane,Road,Cloudy,Mon,0,1
2025-02-03,S006,Grader,Road,Cloudy,Mon,0,3
2025-02-03,S006,Loader,Road,Cloudy,Mon,0,3
2025-02-03,S006,Compactor,Road,Cloudy,Mon,0,3
2025-02-04,S001,Excavator,Road,Cloudy,Tue,0,4
2025-02-04,S001,Bulldozer,Road,Cloudy,Tue,0,1
2025-02-04,S001,Crane,Road,Cloudy,Tue,0,0
2025-02-04,S001,Grader,Road,Cloudy,Tue,0,3
2025-02-04,S001,Loader,Road,Cloudy,Tue,0,2
2025-02-04,S001,Compactor,Road,Cloudy,Tue,0,2
2025-02-04,S002,Excavator,Mining,Rain,Tue,0,1
2025-02-04,S002,Bulldozer,Mining,Rain,Tue,0,2
2025-02-04,S002,Crane,Mining,Rain,Tue,0,1
2025-02-04,S002,Grader,Mining,Rain,Tue,0,0
2025-02-04,S002,Loader,Mining,Rain,Tue,0,2
2025-02-04,S002,Compactor,Mining,Rain,Tue,0,1
2025-02-04,S003,Excavator,Building,Rain,Tue,0,1
2025-02-04,S003,Bulldozer,Building,Rain,Tue,0,1
2025-02-04,S003,Crane,Building,Rain,Tue,0,3
2025-02-04,S003,Grader,Building,Rain,Tue,0,0
2025-02-04,S003,Loader,Building,Rain,Tue,0,2
2025-02-04,S003,Compactor,Building,Rain,Tue,0,2
2025-02-04,S004,Excavator,Highway,Cloudy,Tue,0,4
2025-02-04,S004,Bulldozer,Highway,Cloudy,Tue,0,3
2025-02-04,S004,Crane,Highway,Cloudy,Tue,0,1
2025-02-04,S004,Grader,Highway,Cloudy,Tue,0,3
2025-02-04,S004,Loader,Highway,Cloudy,Tue,0,2
2025-02-04,S004,Compactor,Highway,Cloudy,Tue,0,5
2025-02-04,S005,Excavator,Mining,Rain,Tue,0,1
2025-02-04,S005,Bulldozer,Mining,Rain,Tue,0,2
2025-02-04,S005,Crane,Mining,Rain,Tue,0,0
2025-02-04,S005,Grader,Mining,Rain,Tue,0,0
2025-02-04,S005,Loader,Mining,Rain,Tue,0,3
2025-02-04,S005,Compactor,Mining,Rain,Tue,0,0
2025-02-04,S006,Excavator,Road,Sunny,Tue,0,6
2025-02-04,S006,Bulldozer,Road,Sunny,Tue,0,3
2025-02-04,S006,Crane,Road,Sunny,Tue,0,0
2025-02-04,S006,Grader,Road,Sunny,Tue,0,5
2025-02-04,S006,Loader,Road,Sunny,Tue,0,3
2025-02-04,S006,Compactor,Road,Sunny,Tue,0,5
2025-02-05,S001,Excavator,Road,Rain,Wed,0,3
2025-02-05,S001,Bulldozer,Road,Rain,Wed,0,2
2025-02-05,S001,Crane,Road,Rain,Wed,0,1
2025-02-05,S001,Grader,Road,Rain,Wed,0,1
2025-02-05,S001,Loader,Road,Rain,Wed,0,2
2025-02-05,S001,Compactor,Road,Rain,Wed,0,2
2025-02-05,S002,Excavator,Mining,Rain,Wed,0,1
2025-02-05,S002,Bulldozer,Mining,Rain,Wed,0,4
2025-02-05,S002,Crane,Mining,Rain,Wed,0,1
2025-02-05,S002,Grader,Mining,Rain,Wed,0,0
2025-02-05,S002,Loader,Mining,Rain,Wed,0,2
2025-02-05,S002,Compactor,Mining,Rain,Wed,0,0
2025-02-05,S003,Excavator,Building,Sunny,Wed,0,1
2025-02-05,S003,Bulldozer,Building,Sunny,Wed,0,1
2025-02-05,S003,Crane,Building,Sunny,Wed,0,4
2025-02-05,S003,Grader,Building,Sunny,Wed,0,1
2025-02-05,S003,Loader,Building,Sunny,Wed,0,2
2025-02-05,S003,Compactor,Building,Sunny,Wed,0,2
2025-02-05,S004,Excavator,Highway,Cloudy,Wed,0,3
2025-02-05,S004,Bulldozer,Highway,Cloudy,Wed,0,3
2025-02-05,S004,Crane,Highway,Cloudy,Wed,0,1
2025-02-05,S004,Grader,Highway,Cloudy,Wed,0,4
2025-02-05,S004,Loader,Highway,Cloudy,Wed,0,3
2025-02-05,S004,Compactor,Highway,Cloudy,Wed,0,5
2025-02-05,S005,Excavator,Mining,Sunny,Wed,0,3
2025-02-05,S005,Bulldozer,Mining,Sunny,Wed,0,7
2025-02-05,S005,Crane,Mining,Sunny,Wed,0,1
2025-02-05,S005,Grader,Mining,Sunny,Wed,0,1
2025-02-05,S005,Loader,Mining,Sunny,Wed,0,5
2025-02-05,S005,Compactor,Mining,Sunny,Wed,0,0
2025-02-05,S006,Excavator,Road,Rain,Wed,0,3
2025-02-05,S006,Bulldozer,Road,Rain,Wed,0,2
2025-02-05,S006,Crane,Road,Rain,Wed,0,0
2025-02-05,S006,Grader,Road,Rain,Wed,0,3
2025-02-05,S006,Loader,Road,Rain,Wed,0,2
2025-02-05,S006,Compactor,Road,Rain,Wed,0,2
2025-02-06,S001,Excavator,Road,Cloudy,Thu,0,3
2025-02-06,S001,Bulldozer,Road,Cloudy,Thu,0,2
2025-02-06,S001,Crane,Road,Cloudy,Thu,0,1
2025-02-06,S001,Grader,Road,Cloudy,Thu,0,3
2025-02-06,S001,Loader,Road,Cloudy,Thu,0,3
2025-02-06,S001,Compactor,Road,Cloudy,Thu,0,3
2025-02-06,S002,Excavator,Mining,Sunny,Thu,0,3
2025-02-06,S002,Bulldozer,Mining,Sunny,Thu,0,7
2025-02-06,S002,Crane,Mining,Sunny,Thu,0,1
2025-02-06,S002,Grader,Mining,Sunny,Thu,0,1
2025-02-06,S002,Loader,Mining,Sunny,Thu,0,5
2025-02-06,S002,Compactor,Mining,Sunny,Thu,0,1
2025-02-06,S003,Excavator,Building,Cloudy,Thu,0,1
2025-02-06,S003,Bulldozer,Building,Cloudy,Thu,0,2
2025-02-06,S003,Crane,Building,Cloudy,Thu,0,4
2025-02-06,S003,Grader,Building,Cloudy,Thu,0,1
2025-02-06,S003,Loader,Building,Cloudy,Thu,0,1
2025-02-06,S003,Compactor,Building,Cloudy,Thu,0,2
2025-02-06,S004,Excavator,Highway,Cloudy,Thu,0,5
2025-02-06,S004,Bulldozer,Highway,Cloudy,Thu,0,3
2025-02-06,S004,Crane,Highway,Cloudy,Thu,0,1
2025-02-06,S004,Grader,Highway,Cloudy,Thu,0,4
2025-02-06,S004,Loader,Highway,Cloudy,Thu,0,2
2025-02-06,S004,Compactor,Highway,Cloudy,Thu,0,4
2025-02-06,S005,Excavator,Mining,Rain,Thu,0,2
2025-02-06,S005,Bulldozer,Mining,Rain,Thu,0,2
2025-02-06,S005,Crane,Mining,Rain,Thu,0,1
2025-02-06,S005,Grader,Mining,Rain,Thu,0,1
2025-02-06,S005,Loader,Mining,Rain,Thu,0,3
2025-02-06,S005,Compactor,Mining,Rain,Thu,0,0
2025-02-06,S006,Excavator,Road,Sunny,Thu,0,4
2025-02-06,S006,Bulldozer,Road,Sunny,Thu,0,1
2025-02-06,S006,Crane,Road,Sunny,Thu,0,2
2025-02-06,S006,Grader,Road,Sunny,Thu,0,4
2025-02-06,S006,Loader,Road,Sunny,Thu,0,3
2025-02-06,S006,Compactor,Road,Sunny,Thu,0,5
2025-02-07,S001,Excavator,Road,Cloudy,Fri,0,4
2025-02-07,S001,Bulldozer,Road,Cloudy,Fri,0,2
2025-02-07,S001,Crane,Road,Cloudy,Fri,0,1
2025-02-07,S001,Grader,Road,Cloudy,Fri,0,4
2025-02-07,S001,Loader,Road,Cloudy,Fri,0,3
2025-02-07,S001,Compactor,Road,Cloudy,Fri,0,4
2025-02-07,S002,Excavator,Mining,Sunny,Fri,0,3
2025-02-07,S002,Bulldozer,Mining,Sunny,Fri,0,6
2025-02-07,S002,Crane,Mining,Sunny,Fri,0,3
2025-02-07,S002,Grader,Mining,Sunny,Fri,0,0
2025-02-07,S002,Loader,Mining,Sunny,Fri,0,4
2025-02-07,S002,Compactor,Mining,Sunny,Fri,0,0
2025-02-07,S003,Excavator,Building,Cloudy,Fri,0,3
2025-02-07,S003,Bulldozer,Building,Cloudy,Fri,0,1
2025-02-07,S003,Crane,Building,Cloudy,Fri,0,4
2025-02-07,S003,Grader,Building,Cloudy,Fri,0,1
2025-02-07,S003,Loader,Building,Cloudy,Fri,0,2
2025-02-07,S003,Compactor,Building,Cloudy,Fri,0,2
2025-02-07,S004,Excavator,Highway,Sunny,Fri,0,5
2025-02-07,S004,Bulldozer,Highway,Sunny,Fri,0,3
2025-02-07,S004,Crane,Highway,Sunny,Fri,0,1
2025-02-07,S004,Grader,Highway,Sunny,Fri,0,5
2025-02-07,S004,Loader,Highway,Sunny,Fri,0,3
2025-02-07,S004,Compactor,Highway,Sunny,Fri,0,6
2025-02-07,S005,Excavator,Mining,Sunny,Fri,0,3
2025-02-07,S005,Bulldozer,Mining,Sunny,Fri,0,5
2025-02-07,S005,Crane,Mining,Sunny,Fri,0,1
2025-02-07,S005,Grader,Mining,Sunny,Fri,0,2
2025-02-07,S005,Loader,Mining,Sunny,Fri,0,5
2025-02-07,S005,Compactor,Mining,Sunny,Fri,0,2
2025-02-07,S006,Excavator,Road,Sunny,Fri,0,4
2025-02-07,S006,Bulldozer,Road,Sunny,Fri,0,2
2025-02-07,S006,Crane,Road,Sunny,Fri,0,1
2025-02-07,S006,Grader,Road,Sunny,Fri,0,5
2025-02-07,S006,Loader,Road,Sunny,Fri,0,4
2025-02-07,S006,Compactor,Road,Sunny,Fri,0,4
2025-02-08,S001,Excavator,Road,Sunny,Sat,1,1
2025-02-08,S001,Bulldozer,Road,Sunny,Sat,1,1
2025-02-08,S001,Crane,Road,Sunny,Sat,1,0
2025-02-08,S001,Grader,Road,Sunny,Sat,1,1
2025-02-08,S001,Loader,Road,Sunny,Sat,1,0
2025-02-08,S001,Compactor,Road,Sunny,Sat,1,1
2025-02-08,S002,Excavator,Mining,Rain,Sat,1,0
2025-02-08,S002,Bulldozer,Mining,Rain,Sat,1,2
2025-02-08,S002,Crane,Mining,Rain,Sat,1,0
2025-02-08,S002,Grader,Mining,Rain,Sat,1,1
2025-02-08,S002,Loader,Mining,Rain,Sat,1,0
2025-02-08,S002,Compactor,Mining,Rain,Sat,1,0
2025-02-08,S003,Excavator,Building,Rain,Sat,1,0
2025-02-08,S003,Bulldozer,Building,Rain,Sat,1,1
2025-02-08,S003,Crane,Building,Rain,Sat,1,0
2025-02-08,S003,Grader,Building,Rain,Sat,1,0
2025-02-08,S003,Loader,Building,Rain,Sat,1,1
2025-02-08,S003,Compactor,Building,Rain,Sat,1,1
2025-02-08,S004,Excavator,Highway,Cloudy,Sat,1,2
2025-02-08,S004,Bulldozer,Highway,Cloudy,Sat,1,0
2025-02-08,S004,Crane,Highway,Cloudy,Sat,1,1
2025-02-08,S004,Grader,Highway,Cloudy,Sat,1,2
2025-02-08,S004,Loader,Highway,Cloudy,Sat,1,1
2025-02-08,S004,Compactor,Highway,Cloudy,Sat,1,3
2025-02-08,S005,Excavator,Mining,Sunny,Sat,1,2
2025-02-08,S005,Bulldozer,Mining,Sunny,Sat,1,3
2025-02-08,S005,Crane,Mining,Sunny,Sat,1,0
2025-02-08,S005,Grader,Mining,Sunny,Sat,1,0
2025-02-08,S005,Loader,Mining,Sunny,Sat,1,2
2025-02-08,S005,Compactor,Mining,Sunny,Sat,1,1
2025-02-08,S006,Excavator,Road,Sunny,Sat,1,2
2025-02-08,S006,Bulldozer,Road,Sunny,Sat,1,1
2025-02-08,S006,Crane,Road,Sunny,Sat,1,0
2025-02-08,S006,Grader,Road,Sunny,Sat,1,2
2025-02-08,S006,Loader,Road,Sunny,Sat,1,1
2025-02-08,S006,Compactor,Road,Sunny,Sat,1,1
2025-02-09,S001,Excavator,Road,Sunny,Sun,1,2
2025-02-09,S001,Bulldozer,Road,Sunny,Sun,1,1
2025-02-09,S001,Crane,Road,Sunny,Sun,1,1
2025-02-09,S001,Grader,Road,Sunny,Sun,1,1
2025-02-09,S001,Loader,Road,Sunny,Sun,1,2
2025-02-09,S001,Compactor,Road,Sunny,Sun,1,1
2025-02-09,S002,Excavator,Mining,Rain,Sun,1,1
2025-02-09,S002,Bulldozer,Mining,Rain,Sun,1,1
2025-02-09,S002,Crane,Mining,Rain,Sun,1,0
2025-02-09,S002,Grader,Mining,Rain,Sun,1,1
2025-02-09,S002,Loader,Mining,Rain,Sun,1,2
2025-02-09,S002,Compactor,Mining,Rain,Sun,1,1
2025-02-09,S003,Excavator,Building,Sunny,Sun,1,0
2025-02-09,S003,Bulldozer,Building,Sunny,Sun,1,0
2025-02-09,S003,Crane,Building,Sunny,Sun,1,3
2025-02-09,S003,Grader,Building,Sunny,Sun,1,1
2025-02-09,S003,Loader,Building,Sunny,Sun,1,1
2025-02-09,S003,Compactor,Building,Sunny,Sun,1,0
2025-02-09,S004,Excavator,Highway,Rain,Sun,1,2
2025-02-09,S004,Bulldozer,Highway,Rain,Sun,1,1
2025-02-09,S004,Crane,Highway,Rain,Sun,1,0
2025-02-09,S004,Grader,Highway,Rain,Sun,1,1
2025-02-09,S004,Loader,Highway,Rain,Sun,1,0
2025-02-09,S004,Compactor,Highway,Rain,Sun,1,2
2025-02-09,S005,Excavator,Mining,Sunny,Sun,1,2
2025-02-09,S005,Bulldozer,Mining,Sunny,Sun,1,3
2025-02-09,S005,Crane,Mining,Sunny,Sun,1,2
2025-02-09,S005,Grader,Mining,Sunny,Sun,1,1
2025-02-09,S005,Loader,Mining,Sunny,Sun,1,2
2025-02-09,S005,Compactor,Mining,Sunny,Sun,1,0
2025-02-09,S006,Excavator,Road,Sunny,Sun,1,2
2025-02-09,S006,Bulldozer,Road,Sunny,Sun,1,1
2025-02-09,S006,Crane,Road,Sunny,Sun,1,1
2025-02-09,S006,Grader,Road,Sunny,Sun,1,2
2025-02-09,S006,Loader,Road,Sunny,Sun,1,0
2025-02-09,S006,Compactor,Road,Sunny,Sun,1,2
2025-02-10,S001,Excavator,Road,Cloudy,Mon,0,5
2025-02-10,S001,Bulldozer,Road,Cloudy,Mon,0,2
2025-02-10,S001,Crane,Road,Cloudy,Mon,0,0
2025-02-10,S001,Grader,Road,Cloudy,Mon,0,4
2025-02-10,S001,Loader,Road,Cloudy,Mon,0,3
2025-02-10,S001,Compactor,Road,Cloudy,Mon,0,4
2025-02-10,S002,Excavator,Mining,Cloudy,Mon,0,2
2025-02-10,S002,Bulldozer,Mining,Cloudy,Mon,0,4
2025-02-10,S002,Crane,Mining,Cloudy,Mon,0,2
2025-02-10,S002,Grader,Mining,Cloudy,Mon,0,1
2025-02-10,S002,Loader,Mining,Cloudy,Mon,0,4
2025-02-10,S002,Compactor,Mining,Cloudy,Mon,0,1
2025-02-10,S003,Excavator,Building,Cloudy,Mon,0,1
2025-02-10,S003,Bulldozer,Building,Cloudy,Mon,0,1
2025-02-10,S003,Crane,Building,Cloudy,Mon,0,5
2025-02-10,S003,Grader,Building,Cloudy,Mon,0,1
2025-02-10,S003,Loader,Building,Cloudy,Mon,0,1
2025-02-10,S003,Compactor,Building,Cloudy,Mon,0,1
2025-02-10,S004,Excavator,Highway,Cloudy,Mon,0,5
2025-02-10,S004,Bulldozer,Highway,Cloudy,Mon,0,2
2025-02-10,S004,Crane,Highway,Cloudy,Mon,0,0
2025-02-10,S004,Grader,Highway,Cloudy,Mon,0,5
2025-02-10,S004,Loader,Highway,Cloudy,Mon,0,3
2025-02-10,S004,Compactor,Highway,Cloudy,Mon,0,4
2025-02-10,S005,Excavator,Mining,Sunny,Mon,0,4
2025-02-10,S005,Bulldozer,Mining,Sunny,Mon,0,7
2025-02-10,S005,Crane,Mining,Sunny,Mon,0,2
2025-02-10,S005,Grader,Mining,Sunny,Mon,0,1
2025-02-10,S005,Loader,Mining,Sunny,Mon,0,5
2025-02-10,S005,Compactor,Mining,Sunny,Mon,0,0
2025-02-10,S006,Excavator,Road,Sunny,Mon,0,4
2025-02-10,S006,Bulldozer,Road,Sunny,Mon,0,2
2025-02-10,S006,Crane,Road,Sunny,Mon,0,1
2025-02-10,S006,Grader,Road,Sunny,Mon,0,4
2025-02-10,S006,Loader,Road,Sunny,Mon,0,3
2025-02-10,S006,Compactor,Road,Sunny,Mon,0,4
2025-02-11,S001,Excavator,Road,Sunny,Tue,0,4
2025-02-11,S001,Bulldozer,Road,Sunny,Tue,0,3
2025-02-11,S001,Crane,Road,Sunny,Tue,0,1
2025-02-11,S001,Grader,Road,Sunny,Tue,0,3
2025-02-11,S001,Loader,Road,Sunny,Tue,0,3
2025-02-11,S001,Compactor,Road,Sunny,Tue,0,5
2025-02-11,S002,Excavator,Mining,Sunny,Tue,0,3
2025-02-11,S002,Bulldozer,Mining,Sunny,Tue,0,6
2025-02-11,S002,Crane,Mining,Sunny,Tue,0,2
2025-02-11,S002,Grader,Mining,Sunny,Tue,0,0
2025-02-11,S002,Loader,Mining,Sunny,Tue,0,4
2025-02-11,S002,Compactor,Mining,Sunny,Tue,0,2
2025-02-11,S003,Excavator,Building,Cloudy,Tue,0,2
2025-02-11,S003,Bulldozer,Building,Cloudy,Tue,0,1
2025-02-11,S003,Crane,Building,Cloudy,Tue,0,4
2025-02-11,S003,Grader,Building,Cloudy,Tue,0,1
2025-02-11,S003,Loader,Building,Cloudy,Tue,0,2
2025-02-11,S003,Compactor,Building,Cloudy,Tue,0,3
2025-02-11,S004,Excavator,Highway,Cloudy,Tue,0,5
2025-02-11,S004,Bulldozer,Highway,Cloudy,Tue,0,3
2025-02-11,S004,Crane,Highway,Cloudy,Tue,0,0
2025-02-11,S004,Grader,Highway,Cloudy,Tue,0,3
2025-02-11,S004,Loader,Highway,Cloudy,Tue,0,2
2025-02-11,S004,Compactor,Highway,Cloudy,Tue,0,4
2025-02-11,S005,Excavator,Mining,Sunny,Tue,0,2
2025-02-11,S005,Bulldozer,Mining,Sunny,Tue,0,6
2025-02-11,S005,Crane,Mining,Sunny,Tue,0,3
2025-02-11,S005,Grader,Mining,Sunny,Tue,0,1
2025-02-11,S005,Loader,Mining,Sunny,Tue,0,6
2025-02-11,S005,Compactor,Mining,Sunny,Tue,0,2
2025-02-11,S006,Excavator,Road,Sunny,Tue,0,5
2025-02-11,S006,Bulldozer,Road,Sunny,Tue,0,2
2025-02-11,S006,Crane,Road,Sunny,Tue,0,0
2025-02-11,S006,Grader,Road,Sunny,Tue,0,5
2025-02-11,S006,Loader,Road,Sunny,Tue,0,3
2025-02-11,S006,Compactor,Road,Sunny,Tue,0,4
2025-02-12,S001,Excavator,Road,Rain,Wed,0,3
2025-02-12,S001,Bulldozer,Road,Rain,Wed,0,1
2025-02-12,S001,Crane,Road,Rain,Wed,0,0
2025-02-12,S001,Grader,Road,Rain,Wed,0,2
2025-02-12,S001,Loader,Road,Rain,Wed,0,1
2025-02-12,S001,Compactor,Road,Rain,Wed,0,3
2025-02-12,S002,Excavator,Mining,Cloudy,Wed,0,2
2025-02-12,S002,Bulldozer,Mining,Cloudy,Wed,0,4
2025-02-12,S002,Crane,Mining,Cloudy,Wed,0,1
2025-02-12,S002,Grader,Mining,Cloudy,Wed,0,1
2025-02-12,S002,Loader,Mining,Cloudy,Wed,0,5
2025-02-12,S002,Compactor,Mining,Cloudy,Wed,0,2
2025-02-12,S003,Excavator,Building,Cloudy,Wed,0,1
2025-02-12,S003,Bulldozer,Building,Cloudy,Wed,0,1
2025-02-12,S003,Crane,Building,Cloudy,Wed,0,5
2025-02-12,S003,Grader,Building,Cloudy,Wed,0,1
2025-02-12,S003,Loader,Building,Cloudy,Wed,0,3
2025-02-12,S003,Compactor,Building,Cloudy,Wed,0,1
2025-02-12,S004,Excavator,Highway,Sunny,Wed,0,6
2025-02-12,S004,Bulldozer,Highway,Sunny,Wed,0,4
2025-02-12,S004,Crane,Highway,Sunny,Wed,0,1
2025-02-12,S004,Grader,Highway,Sunny,Wed,0,5
2025-02-12,S004,Loader,Highway,Sunny,Wed,0,3
2025-02-12,S004,Compactor,Highway,Sunny,Wed,0,6
2025-02-12,S005,Excavator,Mining,Sunny,Wed,0,3
2025-02-12,S005,Bulldozer,Mining,Sunny,Wed,0,6
2025-02-12,S005,Crane,Mining,Sunny,Wed,0,1
2025-02-12,S005,Grader,Mining,Sunny,Wed,0,1
2025-02-12,S005,Loader,Mining,Sunny,Wed,0,4
2025-02-12,S005,Compactor,Mining,Sunny,Wed,0,0
2025-02-12,S006,Excavator,Road,Sunny,Wed,0,5
2025-02-12,S006,Bulldozer,Road,Sunny,Wed,0,1
2025-02-12,S006,Crane,Road,Sunny,Wed,0,1
2025-02-12,S006,Grader,Road,Sunny,Wed,0,3
2025-02-12,S006,Loader,Road,Sunny,Wed,0,2
2025-02-12,S006,Compactor,Road,Sunny,Wed,0,5
2025-02-13,S001,Excavator,Road,Sunny,Thu,0,6
2025-02-13,S001,Bulldozer,Road,Sunny,Thu,0,3
2025-02-13,S001,Crane,Road,Sunny,Thu,0,2
2025-02-13,S001,Grader,Road,Sunny,Thu,0,3
2025-02-13,S001,Loader,Road,Sunny,Thu,0,3
2025-02-13,S001,Compactor,Road,Sunny,Thu,0,3
2025-02-13,S002,Excavator,Mining,Cloudy,Thu,0,3
2025-02-13,S002,Bulldozer,Mining,Cloudy,Thu,0,5
2025-02-13,S002,Crane,Mining,Cloudy,Thu,0,2
2025-02-13,S002,Grader,Mining,Cloudy,Thu,0,1
2025-02-13,S002,Loader,Mining,Cloudy,Thu,0,5
2025-02-13,S002,Compactor,Mining,Cloudy,Thu,0,1
2025-02-13,S003,Excavator,Building,Rain,Thu,0,0
2025-02-13,S003,Bulldozer,Building,Rain,Thu,0,0
2025-02-13,S003,Crane,Building,Rain,Thu,0,2
2025-02-13,S003,Grader,Building,Rain,Thu,0,1
2025-02-13,S003,Loader,Building,Rain,Thu,0,1
2025-02-13,S003,Compactor,Building,Rain,Thu,0,0
2025-02-13,S004,Excavator,Highway,Cloudy,Thu,0,4
2025-02-13,S004,Bulldozer,Highway,Cloudy,Thu,0,2
2025-02-13,S004,Crane,Highway,Cloudy,Thu,0,0
2025-02-13,S004,Grader,Highway,Cloudy,Thu,0,4
2025-02-13,S004,Loader,Highway,Cloudy,Thu,0,3
2025-02-13,S004,Compactor,Highway,Cloudy,Thu,0,4
2025-02-13,S005,Excavator,Mining,Sunny,Thu,0,3
2025-02-13,S005,Bulldozer,Mining,Sunny,Thu,0,6
2025-02-13,S005,Crane,Mining,Sunny,Thu,0,3
2025-02-13,S005,Grader,Mining,Sunny,Thu,0,0
2025-02-13,S005,Loader,Mining,Sunny,Thu,0,6
2025-02-13,S005,Compactor,Mining,Sunny,Thu,0,0
2025-02-13,S006,Excavator,Road,Cloudy,Thu,0,5
2025-02-13,S006,Bulldozer,Road,Cloudy,Thu,0,1
2025-02-13,S006,Crane,Road,Cloudy,Thu,0,1
2025-02-13,S006,Grader,Road,Cloudy,Thu,0,3
2025-02-13,S006,Loader,Road,Cloudy,Thu,0,2
2025-02-13,S006,Compactor,Road,Cloudy,Thu,0,3
2025-02-14,S001,Excavator,Road,Sunny,Fri,0,6
2025-02-14,S001,Bulldozer,Road,Sunny,Fri,0,3
2025-02-14,S001,Crane,Road,Sunny,Fri,0,2
2025-02-14,S001,Grader,Road,Sunny,Fri,0,3
2025-02-14,S001,Loader,Road,Sunny,Fri,0,3
2025-02-14,S001,Compactor,Road,Sunny,Fri,0,5
2025-02-14,S002,Excavator,Mining,Sunny,Fri,0,3
2025-02-14,S002,Bulldozer,Mining,Sunny,Fri,0,6
2025-02-14,S002,Crane,Mining,Sunny,Fri,0,3
2025-02-14,S002,Grader,Mining,Sunny,Fri,0,0
2025-02-14,S002,Loader,Mining,Sunny,Fri,0,6
2025-02-14,S002,Compactor,Mining,Sunny,Fri,0,1
2025-02-14,S003,Excavator,Building,Sunny,Fri,0,1
2025-02-14,S003,Bulldozer,Building,Sunny,Fri,0,2
2025-02-14,S003,Crane,Building,Sunny,Fri,0,5
2025-02-14,S003,Grader,Building,Sunny,Fri,0,0
2025-02-14,S003,Loader,Building,Sunny,Fri,0,2
2025-02-14,S003,Compactor,Building,Sunny,Fri,0,3
2025-02-14,S004,Excavator,Highway,Sunny,Fri,0,5
2025-02-14,S004,Bulldozer,Highway,Sunny,Fri,0,2
2025-02-14,S004,Crane,Highway,Sunny,Fri,0,0
2025-02-14,S004,Grader,Highway,Sunny,Fri,0,6
2025-02-14,S004,Loader,Highway,Sunny,Fri,0,3
2025-02-14,S004,Compactor,Highway,Sunny,Fri,0,4
2025-02-14,S005,Excavator,Mining,Sunny,Fri,0,2
2025-02-14,S005,Bulldozer,Mining,Sunny,Fri,0,6
2025-02-14,S005,Crane,Mining,Sunny,Fri,0,2
2025-02-14,S005,Grader,Mining,Sunny,Fri,0,1
2025-02-14,S005,Loader,Mining,Sunny,Fri,0,4
2025-02-14,S005,Compactor,Mining,Sunny,Fri,0,1
2025-02-14,S006,Excavator,Road,Rain,Fri,0,3
2025-02-14,S006,Bulldozer,Road,Rain,Fri,0,1
2025-02-14,S006,Crane,Road,Rain,Fri,0,0
2025-02-14,S006,Grader,Road,Rain,Fri,0,1
2025-02-14,S006,Loader,Road,Rain,Fri,0,2
2025-02-14,S006,Compactor,Road,Rain,Fri,0,2
2025-02-15,S001,Excavator,Road,Rain,Sat,1,0
2025-02-15,S001,Bulldozer,Road,Rain,Sat,1,1
2025-02-15,S001,Crane,Road,Rain,Sat,1,0
2025-02-15,S001,Grader,Road,Rain,Sat,1,1
2025-02-15,S001,Loader,Road,Rain,Sat,1,1
2025-02-15,S001,Compactor,Road,Rain,Sat,1,1
2025-02-15,S002,Excavator,Mining,Sunny,Sat,1,2
2025-02-15,S002,Bulldozer,Mining,Sunny,Sat,1,2
2025-02-15,S002,Crane,Mining,Sunny,Sat,1,2
2025-02-15,S002,Grader,Mining,Sunny,Sat,1,0
2025-02-15,S002,Loader,Mining,Sunny,Sat,1,1
2025-02-15,S002,Compactor,Mining,Sunny,Sat,1,1
2025-02-15,S003,Excavator,Building,Sunny,Sat,1,0
2025-02-15,S003,Bulldozer,Building,Sunny,Sat,1,0
2025-02-15,S003,Crane,Building,Sunny,Sat,1,2
2025-02-15,S003,Grader,Building,Sunny,Sat,1,0
2025-02-15,S003,Loader,Building,Sunny,Sat,1,1
2025-02-15,S003,Compactor,Building,Sunny,Sat,1,1
2025-02-15,S004,Excavator,Highway,Sunny,Sat,1,1
2025-02-15,S004,Bulldozer,Highway,Sunny,Sat,1,2
2025-02-15,S004,Crane,Highway,Sunny,Sat,1,1
2025-02-15,S004,Grader,Highway,Sunny,Sat,1,3
2025-02-15,S004,Loader,Highway,Sunny,Sat,1,1
2025-02-15,S004,Compactor,Highway,Sunny,Sat,1,2
2025-02-15,S005,Excavator,Mining,Sunny,Sat,1,2
2025-02-15,S005,Bulldozer,Mining,Sunny,Sat,1,2
2025-02-15,S005,Crane,Mining,Sunny,Sat,1,2
2025-02-15,S005,Grader,Mining,Sunny,Sat,1,1
2025-02-15,S005,Loader,Mining,Sunny,Sat,1,2
2025-02-15,S005,Compactor,Mining,Sunny,Sat,1,0
2025-02-15,S006,Excavator,Road,Sunny,Sat,1,2
2025-02-15,S006,Bulldozer,Road,Sunny,Sat,1,0
2025-02-15,S006,Crane,Road,Sunny,Sat,1,1
2025-02-15,S006,Grader,Road,Sunny,Sat,1,1
2025-02-15,S006,Loader,Road,Sunny,Sat,1,1
2025-02-15,S006,Compactor,Road,Sunny,Sat,1,1
2025-02-16,S001,Excavator,Road,Sunny,Sun,1,3
2025-02-16,S001,Bulldozer,Road,Sunny,Sun,1,0
2025-02-16,S001,Crane,Road,Sunny,Sun,1,0
2025-02-16,S001,Grader,Road,Sunny,Sun,1,2
2025-02-16,S001,Loader,Road,Sunny,Sun,1,1
2025-02-16,S001,Compactor,Road,Sunny,Sun,1,1
2025-02-16,S002,Excavator,Mining,Sunny,Sun,1,1
2025-02-16,S002,Bulldozer,Mining,Sunny,Sun,1,2
2025-02-16,S002,Crane,Mining,Sunny,Sun,1,1
2025-02-16,S002,Grader,Mining,Sunny,Sun,1,0
2025-02-16,S002,Loader,Mining,Sunny,Sun,1,3
2025-02-16,S002,Compactor,Mining,Sunny,Sun,1,1
2025-02-16,S003,Excavator,Building,Sunny,Sun,1,0
2025-02-16,S003,Bulldozer,Building,Sunny,Sun,1,0
2025-02-16,S003,Crane,Building,Sunny,Sun,1,2
2025-02-16,S003,Grader,Building,Sunny,Sun,1,0
2025-02-16,S003,Loader,Building,Sunny,Sun,1,0
2025-02-16,S003,Compactor,Building,Sunny,Sun,1,1
2025-02-16,S004,Excavator,Highway,Sunny,Sun,1,2
2025-02-16,S004,Bulldozer,Highway,Sunny,Sun,1,2
2025-02-16,S004,Crane,Highway,Sunny,Sun,1,0
2025-02-16,S004,Grader,Highway,Sunny,Sun,1,2
2025-02-16,S004,Loader,Highway,Sunny,Sun,1,2
2025-02-16,S004,Compactor,Highway,Sunny,Sun,1,1
2025-02-16,S005,Excavator,Mining,Cloudy,Sun,1,2
2025-02-16,S005,Bulldozer,Mining,Cloudy,Sun,1,2
2025-02-16,S005,Crane,Mining,Cloudy,Sun,1,1
2025-02-16,S005,Grader,Mining,Cloudy,Sun,1,1
2025-02-16,S005,Loader,Mining,Cloudy,Sun,1,2
2025-02-16,S005,Compactor,Mining,Cloudy,Sun,1,0
2025-02-16,S006,Excavator,Road,Cloudy,Sun,1,2
2025-02-16,S006,Bulldozer,Road,Cloudy,Sun,1,0
2025-02-16,S006,Crane,Road,Cloudy,Sun,1,0
2025-02-16,S006,Grader,Road,Cloudy,Sun,1,1
2025-02-16,S006,Loader,Road,Cloudy,Sun,1,1
2025-02-16,S006,Compactor,Road,Cloudy,Sun,1,2
2025-02-17,S001,Excavator,Road,Cloudy,Mon,0,5
2025-02-17,S001,Bulldozer,Road,Cloudy,Mon,0,2
2025-02-17,S001,Crane,Road,Cloudy,Mon,0,2
2025-02-17,S001,Grader,Road,Cloudy,Mon,0,3
2025-02-17,S001,Loader,Road,Cloudy,Mon,0,3
2025-02-17,S001,Compactor,Road,Cloudy,Mon,0,4
2025-02-17,S002,Excavator,Mining,Cloudy,Mon,0,2
2025-02-17,S002,Bulldozer,Mining,Cloudy,Mon,0,5
2025-02-17,S002,Crane,Mining,Cloudy,Mon,0,2
2025-02-17,S002,Grader,Mining,Cloudy,Mon,0,1
2025-02-17,S002,Loader,Mining,Cloudy,Mon,0,4
2025-02-17,S002,Compactor,Mining,Cloudy,Mon,0,0
2025-02-17,S003,Excavator,Building,Sunny,Mon,0,2
2025-02-17,S003,Bulldozer,Building,Sunny,Mon,0,0
2025-02-17,S003,Crane,Building,Sunny,Mon,0,4
2025-02-17,S003,Grader,Building,Sunny,Mon,0,2
2025-02-17,S003,Loader,Building,Sunny,Mon,0,3
2025-02-17,S003,Compactor,Building,Sunny,Mon,0,3
2025-02-17,S004,Excavator,Highway,Rain,Mon,0,3
2025-02-17,S004,Bulldozer,Highway,Rain,Mon,0,2
2025-02-17,S004,Crane,Highway,Rain,Mon,0,1
2025-02-17,S004,Grader,Highway,Rain,Mon,0,2
2025-02-17,S004,Loader,Highway,Rain,Mon,0,2
2025-02-17,S004,Compactor,Highway,Rain,Mon,0,2
2025-02-17,S005,Excavator,Mining,Rain,Mon,0,1
2025-02-17,S005,Bulldozer,Mining,Rain,Mon,0,3
2025-02-17,S005,Crane,Mining,Rain,Mon,0,2
2025-02-17,S005,Grader,Mining,Rain,Mon,0,1
2025-02-17,S005,Loader,Mining,Rain,Mon,0,2
2025-02-17,S005,Compactor,Mining,Rain,Mon,0,1
2025-02-17,S006,Excavator,Road,Sunny,Mon,0,6
2025-02-17,S006,Bulldozer,Road,Sunny,Mon,0,2
2025-02-17,S006,Crane,Road,Sunny,Mon,0,1
2025-02-17,S006,Grader,Road,Sunny,Mon,0,4
2025-02-17,S006,Loader,Road,Sunny,Mon,0,2
2025-02-17,S006,Compactor,Road,Sunny,Mon,0,4
2025-02-18,S001,Excavator,Road,Cloudy,Tue,0,4
2025-02-18,S001,Bulldozer,Road,Cloudy,Tue,0,1
2025-02-18,S001,Crane,Road,Cloudy,Tue,0,1
2025-02-18,S001,Grader,Road,Cloudy,Tue,0,3
2025-02-18,S001,Loader,Road,Cloudy,Tue,0,2
2025-02-18,S001,Compactor,Road,Cloudy,Tue,0,3
2025-02-18,S002,Excavator,Mining,Sunny,Tue,0,3
2025-02-18,S002,Bulldozer,Mining,Sunny,Tue,0,6
2025-02-18,S002,Crane,Mining,Sunny,Tue,0,2
2025-02-18,S002,Grader,Mining,Sunny,Tue,0,0
2025-02-18,S002,Loader,Mining,Sunny,Tue,0,4
2025-02-18,S002,Compactor,Mining,Sunny,Tue,0,1
2025-02-18,S003,Excavator,Building,Cloudy,Tue,0,2
2025-02-18,S003,Bulldozer,Building,Cloudy,Tue,0,1
2025-02-18,S003,Crane,Building,Cloudy,Tue,0,5
2025-02-18,S003,Grader,Building,Cloudy,Tue,0,0
2025-02-18,S003,Loader,Building,Cloudy,Tue,0,2
2025-02-18,S003,Compactor,Building,Cloudy,Tue,0,2
2025-02-18,S004,Excavator,Highway,Sunny,Tue,0,5
2025-02-18,S004,Bulldozer,Highway,Sunny,Tue,0,3
2025-02-18,S004,Crane,Highway,Sunny,Tue,0,1
2025-02-18,S004,Grader,Highway,Sunny,Tue,0,4
2025-02-18,S004,Loader,Highway,Sunny,Tue,0,2
2025-02-18,S004,Compactor,Highway,Sunny,Tue,0,5
2025-02-18,S005,Excavator,Mining,Sunny,Tue,0,3
2025-02-18,S005,Bulldozer,Mining,Sunny,Tue,0,5
2025-02-18,S005,Crane,Mining,Sunny,Tue,0,2
2025-02-18,S005,Grader,Mining,Sunny,Tue,0,2
2025-02-18,S005,Loader,Mining,Sunny,Tue,0,4
2025-02-18,S005,Compactor,Mining,Sunny,Tue,0,1
2025-02-18,S006,Excavator,Road,Sunny,Tue,0,5
2025-02-18,S006,Bulldozer,Road,Sunny,Tue,0,3
2025-02-18,S006,Crane,Road,Sunny,Tue,0,1
2025-02-18,S006,Grader,Road,Sunny,Tue,0,5
2025-02-18,S006,Loader,Road,Sunny,Tue,0,2
2025-02-18,S006,Compactor,Road,Sunny,Tue,0,3
2025-02-19,S001,Excavator,Road,Cloudy,Wed,0,4
2025-02-19,S001,Bulldozer,Road,Cloudy,Wed,0,1
2025-02-19,S001,Crane,Road,Cloudy,Wed,0,1
2025-02-19,S001,Grader,Road,Cloudy,Wed,0,3
2025-02-19,S001,Loader,Road,Cloudy,Wed,0,3
2025-02-19,S001,Compactor,Road,Cloudy,Wed,0,3
2025-02-19,S002,Excavator,Mining,Sunny,Wed,0,4
2025-02-19,S002,Bulldozer,Mining,Sunny,Wed,0,6
2025-02-19,S002,Crane,Mining,Sunny,Wed,0,1
2025-02-19,S002,Grader,Mining,Sunny,Wed,0,1
2025-02-19,S002,Loader,Mining,Sunny,Wed,0,5
2025-02-19,S002,Compactor,Mining,Sunny,Wed,0,1
2025-02-19,S003,Excavator,Building,Rain,Wed,0,2
2025-02-19,S003,Bulldozer,Building,Rain,Wed,0,1
2025-02-19,S003,Crane,Building,Rain,Wed,0,3
2025-02-19,S003,Grader,Building,Rain,Wed,0,1
2025-02-19,S003,Loader,Building,Rain,Wed,0,1
2025-02-19,S003,Compactor,Building,Rain,Wed,0,2
2025-02-19,S004,Excavator,Highway,Sunny,Wed,0,6
2025-02-19,S004,Bulldozer,Highway,Sunny,Wed,0,3
2025-02-19,S004,Crane,Highway,Sunny,Wed,0,2
2025-02-19,S004,Grader,Highway,Sunny,Wed,0,4
2025-02-19,S004,Loader,Highway,Sunny,Wed,0,4
2025-02-19,S004,Compactor,Highway,Sunny,Wed,0,4
2025-02-19,S005,Excavator,Mining,Cloudy,Wed,0,3
2025-02-19,S005,Bulldozer,Mining,Cloudy,Wed,0,5
2025-02-19,S005,Crane,Mining,Cloudy,Wed,0,3
2025-02-19,S005,Grader,Mining,Cloudy,Wed,0,1
2025-02-19,S005,Loader,Mining,Cloudy,Wed,0,4
2025-02-19,S005,Compactor,Mining,Cloudy,Wed,0,1
2025-02-19,S006,Excavator,Road,Cloudy,Wed,0,4
2025-02-19,S006,Bulldozer,Road,Cloudy,Wed,0,1
2025-02-19,S006,Crane,Road,Cloudy,Wed,0,1
2025-02-19,S006,Grader,Road,Cloudy,Wed,0,3
2025-02-19,S006,Loader,Road,Cloudy,Wed,0,3
2025-02-19,S006,Compactor,Road,Cloudy,Wed,0,3
2025-02-20,S001,Excavator,Road,Sunny,Thu,0,5
2025-02-20,S001,Bulldozer,Road,Sunny,Thu,0,2
2025-02-20,S001,Crane,Road,Sunny,Thu,0,1
2025-02-20,S001,Grader,Road,Sunny,Thu,0,5
2025-02-20,S001,Loader,Road,Sunny,Thu,0,4
2025-02-20,S001,Compactor,Road,Sunny,Thu,0,4
2025-02-20,S002,Excavator,Mining,Sunny,Thu,0,2
2025-02-20,S002,Bulldozer,Mining,Sunny,Thu,0,6
2025-02-20,S002,Crane,Mining,Sunny,Thu,0,1
2025-02-20,S002,Grader,Mining,Sunny,Thu,0,1
2025-02-20,S002,Loader,Mining,Sunny,Thu,0,5
2025-02-20,S002,Compactor,Mining,Sunny,Thu,0,0
2025-02-20,S003,Excavator,Building,Cloudy,Thu,0,1
2025-02-20,S003,Bulldozer,Building,Cloudy,Thu,0,2
2025-02-20,S003,Crane,Building,Cloudy,Thu,0,5
2025-02-20,S003,Grader,Building,Cloudy,Thu,0,2
2025-02-20,S003,Loader,Building,Cloudy,Thu,0,1
2025-02-20,S003,Compactor,Building,Cloudy,Thu,0,2
2025-02-20,S004,Excavator,Highway,Cloudy,Thu,0,3
2025-02-20,S004,Bulldozer,Highway,Cloudy,Thu,0,2
2025-02-20,S004,Crane,Highway,Cloudy,Thu,0,1
2025-02-20,S004,Grader,Highway,Cloudy,Thu,0,4
2025-02-20,S004,Loader,Highway,Cloudy,Thu,0,3
2025-02-20,S004,Compactor,Highway,Cloudy,Thu,0,5
2025-02-20,S005,Excavator,Mining,Sunny,Thu,0,4
2025-02-20,S005,Bulldozer,Mining,Sunny,Thu,0,6
2025-02-20,S005,Crane,Mining,Sunny,Thu,0,2
2025-02-20,S005,Grader,Mining,Sunny,Thu,0,1
2025-02-20,S005,Loader,Mining,Sunny,Thu,0,5
2025-02-20,S005,Compactor,Mining,Sunny,Thu,0,1
2025-02-20,S006,Excavator,Road,Sunny,Thu,0,5
2025-02-20,S006,Bulldozer,Road,Sunny,Thu,0,3
2025-02-20,S006,Crane,Road,Sunny,Thu,0,1
2025-02-20,S006,Grader,Road,Sunny,Thu,0,4
2025-02-20,S006,Loader,Road,Sunny,Thu,0,2
2025-02-20,S006,Compactor,Road,Sunny,Thu,0,4
2025-02-21,S001,Excavator,Road,Sunny,Fri,0,5
2025-02-21,S001,Bulldozer,Road,Sunny,Fri,0,2
2025-02-21,S001,Crane,Road,Sunny,Fri,0,2
2025-02-21,S001,Grader,Road,Sunny,Fri,0,5
2025-02-21,S001,Loader,Road,Sunny,Fri,0,3
2025-02-21,S001,Compactor,Road,Sunny,Fri,0,4
2025-02-21,S002,Excavator,Mining,Rain,Fri,0,2
2025-02-21,S002,Bulldozer,Mining,Rain,Fri,0,3
2025-02-21,S002,Crane,Mining,Rain,Fri,0,1
2025-02-21,S002,Grader,Mining,Rain,Fri,0,1
2025-02-21,S002,Loader,Mining,Rain,Fri,0,2
2025-02-21,S002,Compactor,Mining,Rain,Fri,0,0
2025-02-21,S003,Excavator,Building,Cloudy,Fri,0,2
2025-02-21,S003,Bulldozer,Building,Cloudy,Fri,0,1
2025-02-21,S003,Crane,Building,Cloudy,Fri,0,3
2025-02-21,S003,Grader,Building,Cloudy,Fri,0,2
2025-02-21,S003,Loader,Building,Cloudy,Fri,0,2
2025-02-21,S003,Compactor,Building,Cloudy,Fri,0,2
2025-02-21,S004,Excavator,Highway,Cloudy,Fri,0,5
2025-02-21,S004,Bulldozer,Highway,Cloudy,Fri,0,2
2025-02-21,S004,Crane,Highway,Cloudy,Fri,0,0
2025-02-21,S004,Grader,Highway,Cloudy,Fri,0,4
2025-02-21,S004,Loader,Highway,Cloudy,Fri,0,3
2025-02-21,S004,Compactor,Highway,Cloudy,Fri,0,4
2025-02-21,S005,Excavator,Mining,Sunny,Fri,0,2
2025-02-21,S005,Bulldozer,Mining,Sunny,Fri,0,6
2025-02-21,S005,Crane,Mining,Sunny,Fri,0,2
2025-02-21,S005,Grader,Mining,Sunny,Fri,0,1
2025-02-21,S005,Loader,Mining,Sunny,Fri,0,6
2025-02-21,S005,Compactor,Mining,Sunny,Fri,0,1
2025-02-21,S006,Excavator,Road,Sunny,Fri,0,5
2025-02-21,S006,Bulldozer,Road,Sunny,Fri,0,3
2025-02-21,S006,Crane,Road,Sunny,Fri,0,1
2025-02-21,S006,Grader,Road,Sunny,Fri,0,4
2025-02-21,S006,Loader,Road,Sunny,Fri,0,2
2025-02-21,S006,Compactor,Road,Sunny,Fri,0,4
2025-02-22,S001,Excavator,Road,Cloudy,Sat,1,2
2025-02-22,S001,Bulldozer,Road,Cloudy,Sat,1,1
2025-02-22,S001,Crane,Road,Cloudy,Sat,1,0
2025-02-22,S001,Grader,Road,Cloudy,Sat,1,1
2025-02-22,S001,Loader,Road,Cloudy,Sat,1,1
2025-02-22,S001,Compactor,Road,Cloudy,Sat,1,1
2025-02-22,S002,Excavator,Mining,Rain,Sat,1,1
2025-02-22,S002,Bulldozer,Mining,Rain,Sat,1,2
2025-02-22,S002,Crane,Mining,Rain,Sat,1,1
2025-02-22,S002,Grader,Mining,Rain,Sat,1,0
2025-02-22,S002,Loader,Mining,Rain,Sat,1,0
2025-02-22,S002,Compactor,Mining,Rain,Sat,1,0
2025-02-22,S003,Excavator,Building,Cloudy,Sat,1,0
2025-02-22,S003,Bulldozer,Building,Cloudy,Sat,1,0
2025-02-22,S003,Crane,Building,Cloudy,Sat,1,1
2025-02-22,S003,Grader,Building,Cloudy,Sat,1,0
2025-02-22,S003,Loader,Building,Cloudy,Sat,1,1
2025-02-22,S003,Compactor,Building,Cloudy,Sat,1,1
2025-02-22,S004,Excavator,Highway,Cloudy,Sat,1,1
2025-02-22,S004,Bulldozer,Highway,Cloudy,Sat,1,0
2025-02-22,S004,Crane,Highway,Cloudy,Sat,1,1
2025-02-22,S004,Grader,Highway,Cloudy,Sat,1,1
2025-02-22,S004,Loader,Highway,Cloudy,Sat,1,1
2025-02-22,S004,Compactor,Highway,Cloudy,Sat,1,1
2025-02-22,S005,Excavator,Mining,Sunny,Sat,1,1
2025-02-22,S005,Bulldozer,Mining,Sunny,Sat,1,2
2025-02-22,S005,Crane,Mining,Sunny,Sat,1,2
2025-02-22,S005,Grader,Mining,Sunny,Sat,1,1
2025-02-22,S005,Loader,Mining,Sunny,Sat,1,2
2025-02-22,S005,Compactor,Mining,Sunny,Sat,1,0
2025-02-22,S006,Excavator,Road,Sunny,Sat,1,1
2025-02-22,S006,Bulldozer,Road,Sunny,Sat,1,2
2025-02-22,S006,Crane,Road,Sunny,Sat,1,1
2025-02-22,S006,Grader,Road,Sunny,Sat,1,3
2025-02-22,S006,Loader,Road,Sunny,Sat,1,1
2025-02-22,S006,Compactor,Road,Sunny,Sat,1,2
2025-02-23,S001,Excavator,Road,Sunny,Sun,1,1
2025-02-23,S001,Bulldozer,Road,Sunny,Sun,1,2
2025-02-23,S001,Crane,Road,Sunny,Sun,1,1
2025-02-23,S001,Grader,Road,Sunny,Sun,1,1
2025-02-23,S001,Loader,Road,Sunny,Sun,1,2
2025-02-23,S001,Compactor,Road,Sunny,Sun,1,2
2025-02-23,S002,Excavator,Mining,Sunny,Sun,1,1
2025-02-23,S002,Bulldozer,Mining,Sunny,Sun,1,3
2025-02-23,S002,Crane,Mining,Sunny,Sun,1,1
2025-02-23,S002,Grader,Mining,Sunny,Sun,1,1
2025-02-23,S002,Loader,Mining,Sunny,Sun,1,1
2025-02-23,S002,Compactor,Mining,Sunny,Sun,1,0
2025-02-23,S003,Excavator,Building,Rain,Sun,1,0
2025-02-23,S003,Bulldozer,Building,Rain,Sun,1,0
2025-02-23,S003,Crane,Building,Rain,Sun,1,2
2025-02-23,S003,Grader,Building,Rain,Sun,1,0
2025-02-23,S003,Loader,Building,Rain,Sun,1,1
2025-02-23,S003,Compactor,Building,Rain,Sun,1,0
2025-02-23,S004,Excavator,Highway,Sunny,Sun,1,2
2025-02-23,S004,Bulldozer,Highway,Sunny,Sun,1,1
2025-02-23,S004,Crane,Highway,Sunny,Sun,1,1
2025-02-23,S004,Grader,Highway,Sunny,Sun,1,2
2025-02-23,S004,Loader,Highway,Sunny,Sun,1,1
2025-02-23,S004,Compactor,Highway,Sunny,Sun,1,1
2025-02-23,S005,Excavator,Mining,Sunny,Sun,1,1
2025-02-23,S005,Bulldozer,Mining,Sunny,Sun,1,2
2025-02-23,S005,Crane,Mining,Sunny,Sun,1,0
2025-02-23,S005,Grader,Mining,Sunny,Sun,1,0
2025-02-23,S005,Loader,Mining,Sunny,Sun,1,3
2025-02-23,S005,Compactor,Mining,Sunny,Sun,1,0
2025-02-23,S006,Excavator,Road,Sunny,Sun,1,1
2025-02-23,S006,Bulldozer,Road,Sunny,Sun,1,0
2025-02-23,S006,Crane,Road,Sunny,Sun,1,0
2025-02-23,S006,Grader,Road,Sunny,Sun,1,1
2025-02-23,S006,Loader,Road,Sunny,Sun,1,2
2025-02-23,S006,Compactor,Road,Sunny,Sun,1,1
2025-02-24,S001,Excavator,Road,Sunny,Mon,0,5
2025-02-24,S001,Bulldozer,Road,Sunny,Mon,0,1
2025-02-24,S001,Crane,Road,Sunny,Mon,0,1
2025-02-24,S001,Grader,Road,Sunny,Mon,0,5
2025-02-24,S001,Loader,Road,Sunny,Mon,0,2
2025-02-24,S001,Compactor,Road,Sunny,Mon,0,4
2025-02-24,S002,Excavator,Mining,Cloudy,Mon,0,3
2025-02-24,S002,Bulldozer,Mining,Cloudy,Mon,0,4
2025-02-24,S002,Crane,Mining,Cloudy,Mon,0,1
2025-02-24,S002,Grader,Mining,Cloudy,Mon,0,1
2025-02-24,S002,Loader,Mining,Cloudy,Mon,0,4
2025-02-24,S002,Compactor,Mining,Cloudy,Mon,0,2
2025-02-24,S003,Excavator,Building,Sunny,Mon,0,3
2025-02-24,S003,Bulldozer,Building,Sunny,Mon,0,1
2025-02-24,S003,Crane,Building,Sunny,Mon,0,4
2025-02-24,S003,Grader,Building,Sunny,Mon,0,1
2025-02-24,S003,Loader,Building,Sunny,Mon,0,1
2025-02-24,S003,Compactor,Building,Sunny,Mon,0,2
2025-02-24,S004,Excavator,Highway,Sunny,Mon,0,6
2025-02-24,S004,Bulldozer,Highway,Sunny,Mon,0,3
2025-02-24,S004,Crane,Highway,Sunny,Mon,0,1
2025-02-24,S004,Grader,Highway,Sunny,Mon,0,4
2025-02-24,S004,Loader,Highway,Sunny,Mon,0,3
2025-02-24,S004,Compactor,Highway,Sunny,Mon,0,4
2025-02-24,S005,Excavator,Mining,Cloudy,Mon,0,2
2025-02-24,S005,Bulldozer,Mining,Cloudy,Mon,0,5
2025-02-24,S005,Crane,Mining,Cloudy,Mon,0,2
2025-02-24,S005,Grader,Mining,Cloudy,Mon,0,0
2025-02-24,S005,Loader,Mining,Cloudy,Mon,0,5
2025-02-24,S005,Compactor,Mining,Cloudy,Mon,0,1
2025-02-24,S006,Excavator,Road,Rain,Mon,0,3
2025-02-24,S006,Bulldozer,Road,Rain,Mon,0,1
2025-02-24,S006,Crane,Road,Rain,Mon,0,0
2025-02-24,S006,Grader,Road,Rain,Mon,0,1
2025-02-24,S006,Loader,Road,Rain,Mon,0,1
2025-02-24,S006,Compactor,Road,Rain,Mon,0,3
2025-02-25,S001,Excavator,Road,Sunny,Tue,0,5
2025-02-25,S001,Bulldozer,Road,Sunny,Tue,0,1
2025-02-25,S001,Crane,Road,Sunny,Tue,0,1
2025-02-25,S001,Grader,Road,Sunny,Tue,0,4
2025-02-25,S001,Loader,Road,Sunny,Tue,0,3
2025-02-25,S001,Compactor,Road,Sunny,Tue,0,4
2025-02-25,S002,Excavator,Mining,Sunny,Tue,0,3
2025-02-25,S002,Bulldozer,Mining,Sunny,Tue,0,5
2025-02-25,S002,Crane,Mining,Sunny,Tue,0,1
2025-02-25,S002,Grader,Mining,Sunny,Tue,0,1
2025-02-25,S002,Loader,Mining,Sunny,Tue,0,5
2025-02-25,S002,Compactor,Mining,Sunny,Tue,0,1
2025-02-25,S003,Excavator,Building,Cloudy,Tue,0,2
2025-02-25,S003,Bulldozer,Building,Cloudy,Tue,0,2
2025-02-25,S003,Crane,Building,Cloudy,Tue,0,5
2025-02-25,S003,Grader,Building,Cloudy,Tue,0,0
2025-02-25,S003,Loader,Building,Cloudy,Tue,0,1
2025-02-25,S003,Compactor,Building,Cloudy,Tue,0,1
2025-02-25,S004,Excavator,Highway,Rain,Tue,0,3
2025-02-25,S004,Bulldozer,Highway,Rain,Tue,0,1
2025-02-25,S004,Crane,Highway,Rain,Tue,0,0
2025-02-25,S004,Grader,Highway,Rain,Tue,0,3
2025-02-25,S004,Loader,Highway,Rain,Tue,0,2
2025-02-25,S004,Compactor,Highway,Rain,Tue,0,2
2025-02-25,S005,Excavator,Mining,Cloudy,Tue,0,2
2025-02-25,S005,Bulldozer,Mining,Cloudy,Tue,0,5
2025-02-25,S005,Crane,Mining,Cloudy,Tue,0,1
2025-02-25,S005,Grader,Mining,Cloudy,Tue,0,0
2025-02-25,S005,Loader,Mining,Cloudy,Tue,0,5
2025-02-25,S005,Compactor,Mining,Cloudy,Tue,0,1
2025-02-25,S006,Excavator,Road,Rain,Tue,0,2
2025-02-25,S006,Bulldozer,Road,Rain,Tue,0,0
2025-02-25,S006,Crane,Road,Rain,Tue,0,0
2025-02-25,S006,Grader,Road,Rain,Tue,0,1
2025-02-25,S006,Loader,Road,Rain,Tue,0,1
2025-02-25,S006,Compactor,Road,Rain,Tue,0,2
2025-02-26,S001,Excavator,Road,Sunny,Wed,0,5
2025-02-26,S001,Bulldozer,Road,Sunny,Wed,0,2
2025-02-26,S001,Crane,Road,Sunny,Wed,0,0
2025-02-26,S001,Grader,Road,Sunny,Wed,0,5
2025-02-26,S001,Loader,Road,Sunny,Wed,0,3
2025-02-26,S001,Compactor,Road,Sunny,Wed,0,4
2025-02-26,S002,Excavator,Mining,Sunny,Wed,0,3
2025-02-26,S002,Bulldozer,Mining,Sunny,Wed,0,6
2025-02-26,S002,Crane,Mining,Sunny,Wed,0,2
2025-02-26,S002,Grader,Mining,Sunny,Wed,0,0
2025-02-26,S002,Loader,Mining,Sunny,Wed,0,6
2025-02-26,S002,Compactor,Mining,Sunny,Wed,0,2
2025-02-26,S003,Excavator,Building,Sunny,Wed,0,1
2025-02-26,S003,Bulldozer,Building,Sunny,Wed,0,2
2025-02-26,S003,Crane,Building,Sunny,Wed,0,5
2025-02-26,S003,Grader,Building,Sunny,Wed,0,0
2025-02-26,S003,Loader,Building,Sunny,Wed,0,1
2025-02-26,S003,Compactor,Building,Sunny,Wed,0,1
2025-02-26,S004,Excavator,Highway,Cloudy,Wed,0,4
2025-02-26,S004,Bulldozer,Highway,Cloudy,Wed,0,3
2025-02-26,S004,Crane,Highway,Cloudy,Wed,0,1
2025-02-26,S004,Grader,Highway,Cloudy,Wed,0,3
2025-02-26,S004,Loader,Highway,Cloudy,Wed,0,3
2025-02-26,S004,Compactor,Highway,Cloudy,Wed,0,4
2025-02-26,S005,Excavator,Mining,Rain,Wed,0,2
2025-02-26,S005,Bulldozer,Mining,Rain,Wed,0,3
2025-02-26,S005,Crane,Mining,Rain,Wed,0,0
2025-02-26,S005,Grader,Mining,Rain,Wed,0,1
2025-02-26,S005,Loader,Mining,Rain,Wed,0,2
2025-02-26,S005,Compactor,Mining,Rain,Wed,0,1
2025-02-26,S006,Excavator,Road,Rain,Wed,0,3
2025-02-26,S006,Bulldozer,Road,Rain,Wed,0,2
2025-02-26,S006,Crane,Road,Rain,Wed,0,1
2025-02-26,S006,Grader,Road,Rain,Wed,0,2
2025-02-26,S006,Loader,Road,Rain,Wed,0,1
2025-02-26,S006,Compactor,Road,Rain,Wed,0,2
2025-02-27,S001,Excavator,Road,Sunny,Thu,0,5
2025-02-27,S001,Bulldozer,Road,Sunny,Thu,0,3
2025-02-27,S001,Crane,Road,Sunny,Thu,0,0
2025-02-27,S001,Grader,Road,Sunny,Thu,0,5
2025-02-27,S001,Loader,Road,Sunny,Thu,0,2
2025-02-27,S001,Compactor,Road,Sunny,Thu,0,4
2025-02-27,S002,Excavator,Mining,Cloudy,Thu,0,2
2025-02-27,S002,Bulldozer,Mining,Cloudy,Thu,0,5
2025-02-27,S002,Crane,Mining,Cloudy,Thu,0,3
2025-02-27,S002,Grader,Mining,Cloudy,Thu,0,1
2025-02-27,S002,Loader,Mining,Cloudy,Thu,0,4
2025-02-27,S002,Compactor,Mining,Cloudy,Thu,0,0
2025-02-27,S003,Excavator,Building,Sunny,Thu,0,2
2025-02-27,S003,Bulldozer,Building,Sunny,Thu,0,1
2025-02-27,S003,Crane,Building,Sunny,Thu,0,4
2025-02-27,S003,Grader,Building,Sunny,Thu,0,1
2025-02-27,S003,Loader,Building,Sunny,Thu,0,1
2025-02-27,S003,Compactor,Building,Sunny,Thu,0,2
2025-02-27,S004,Excavator,Highway,Rain,Thu,0,2
2025-02-27,S004,Bulldozer,Highway,Rain,Thu,0,1
2025-02-27,S004,Crane,Highway,Rain,Thu,0,1
2025-02-27,S004,Grader,Highway,Rain,Thu,0,2
2025-02-27,S004,Loader,Highway,Rain,Thu,0,2
2025-02-27,S004,Compactor,Highway,Rain,Thu,0,2
2025-02-27,S005,Excavator,Mining,Sunny,Thu,0,4
2025-02-27,S005,Bulldozer,Mining,Sunny,Thu,0,5
2025-02-27,S005,Crane,Mining,Sunny,Thu,0,2
2025-02-27,S005,Grader,Mining,Sunny,Thu,0,1
2025-02-27,S005,Loader,Mining,Sunny,Thu,0,6
2025-02-27,S005,Compactor,Mining,Sunny,Thu,0,1
2025-02-27,S006,Excavator,Road,Cloudy,Thu,0,4
2025-02-27,S006,Bulldozer,Road,Cloudy,Thu,0,2
2025-02-27,S006,Crane,Road,Cloudy,Thu,0,1
2025-02-27,S006,Grader,Road,Cloudy,Thu,0,3
2025-02-27,S006,Loader,Road,Cloudy,Thu,0,3
2025-02-27,S006,Compactor,Road,Cloudy,Thu,0,4
2025-02-28,S001,Excavator,Road,Sunny,Fri,0,5
2025-02-28,S001,Bulldozer,Road,Sunny,Fri,0,2
2025-02-28,S001,Crane,Road,Sunny,Fri,0,0
2025-02-28,S001,Grader,Road,Sunny,Fri,0,3
2025-02-28,S001,Loader,Road,Sunny,Fri,0,3
2025-02-28,S001,Compactor,Road,Sunny,Fri,0,3
2025-02-28,S002,Excavator,Mining,Rain,Fri,0,1
2025-02-28,S002,Bulldozer,Mining,Rain,Fri,0,2
2025-02-28,S002,Crane,Mining,Rain,Fri,0,1
2025-02-28,S002,Grader,Mining,Rain,Fri,0,0
2025-02-28,S002,Loader,Mining,Rain,Fri,0,2
2025-02-28,S002,Compactor,Mining,Rain,Fri,0,0
2025-02-28,S003,Excavator,Building,Sunny,Fri,0,1
2025-02-28,S003,Bulldozer,Building,Sunny,Fri,0,2
2025-02-28,S003,Crane,Building,Sunny,Fri,0,6
2025-02-28,S003,Grader,Building,Sunny,Fri,0,0
2025-02-28,S003,Loader,Building,Sunny,Fri,0,2
2025-02-28,S003,Compactor,Building,Sunny,Fri,0,3
2025-02-28,S004,Excavator,Highway,Sunny,Fri,0,4
2025-02-28,S004,Bulldozer,Highway,Sunny,Fri,0,3
2025-02-28,S004,Crane,Highway,Sunny,Fri,0,1
2025-02-28,S004,Grader,Highway,Sunny,Fri,0,4
2025-02-28,S004,Loader,Highway,Sunny,Fri,0,3
2025-02-28,S004,Compactor,Highway,Sunny,Fri,0,4
2025-02-28,S005,Excavator,Mining,Cloudy,Fri,0,3
2025-02-28,S005,Bulldozer,Mining,Cloudy,Fri,0,5
2025-02-28,S005,Crane,Mining,Cloudy,Fri,0,3
2025-02-28,S005,Grader,Mining,Cloudy,Fri,0,1
2025-02-28,S005,Loader,Mining,Cloudy,Fri,0,4
2025-02-28,S005,Compactor,Mining,Cloudy,Fri,0,0
2025-02-28,S006,Excavator,Road,Sunny,Fri,0,4
2025-02-28,S006,Bulldozer,Road,Sunny,Fri,0,3
2025-02-28,S006,Crane,Road,Sunny,Fri,0,2
2025-02-28,S006,Grader,Road,Sunny,Fri,0,4
2025-02-28,S006,Loader,Road,Sunny,Fri,0,2
2025-02-28,S006,Compactor,Road,Sunny,Fri,0,4
2025-03-01,S001,Excavator,Road,Cloudy,Sat,1,3
2025-03-01,S001,Bulldozer,Road,Cloudy,Sat,1,0
2025-03-01,S001,Crane,Road,Cloudy,Sat,1,1
2025-03-01,S001,Grader,Road,Cloudy,Sat,1,2
2025-03-01,S001,Loader,Road,Cloudy,Sat,1,2
2025-03-01,S001,Compactor,Road,Cloudy,Sat,1,1
2025-03-01,S002,Excavator,Mining,Sunny,Sat,1,2
2025-03-01,S002,Bulldozer,Mining,Sunny,Sat,1,2
2025-03-01,S002,Crane,Mining,Sunny,Sat,1,1
2025-03-01,S002,Grader,Mining,Sunny,Sat,1,1
2025-03-01,S002,Loader,Mining,Sunny,Sat,1,2
2025-03-01,S002,Compactor,Mining,Sunny,Sat,1,1
2025-03-01,S003,Excavator,Building,Sunny,Sat,1,0
2025-03-01,S003,Bulldozer,Building,Sunny,Sat,1,1
2025-03-01,S003,Crane,Building,Sunny,Sat,1,2
2025-03-01,S003,Grader,Building,Sunny,Sat,1,1
2025-03-01,S003,Loader,Building,Sunny,Sat,1,1
2025-03-01,S003,Compactor,Building,Sunny,Sat,1,2
2025-03-01,S004,Excavator,Highway,Cloudy,Sat,1,2
2025-03-01,S004,Bulldozer,Highway,Cloudy,Sat,1,1
2025-03-01,S004,Crane,Highway,Cloudy,Sat,1,0
2025-03-01,S004,Grader,Highway,Cloudy,Sat,1,1
2025-03-01,S004,Loader,Highway,Cloudy,Sat,1,1
2025-03-01,S004,Compactor,Highway,Cloudy,Sat,1,1
2025-03-01,S005,Excavator,Mining,Rain,Sat,1,0
2025-03-01,S005,Bulldozer,Mining,Rain,Sat,1,1
2025-03-01,S005,Crane,Mining,Rain,Sat,1,1
2025-03-01,S005,Grader,Mining,Rain,Sat,1,0
2025-03-01,S005,Loader,Mining,Rain,Sat,1,0
2025-03-01,S005,Compactor,Mining,Rain,Sat,1,0
2025-03-01,S006,Excavator,Road,Sunny,Sat,1,2
2025-03-01,S006,Bulldozer,Road,Sunny,Sat,1,0
2025-03-01,S006,Crane,Road,Sunny,Sat,1,1
2025-03-01,S006,Grader,Road,Sunny,Sat,1,2
2025-03-01,S006,Loader,Road,Sunny,Sat,1,2
2025-03-01,S006,Compactor,Road,Sunny,Sat,1,1
2025-03-02,S001,Excavator,Road,Sunny,Sun,1,2
2025-03-02,S001,Bulldozer,Road,Sunny,Sun,1,1
2025-03-02,S001,Crane,Road,Sunny,Sun,1,0
2025-03-02,S001,Grader,Road,Sunny,Sun,1,1
2025-03-02,S001,Loader,Road,Sunny,Sun,1,1
2025-03-02,S001,Compactor,Road,Sunny,Sun,1,2
2025-03-02,S002,Excavator,Mining,Cloudy,Sun,1,2
2025-03-02,S002,Bulldozer,Mining,Cloudy,Sun,1,1
2025-03-02,S002,Crane,Mining,Cloudy,Sun,1,0
2025-03-02,S002,Grader,Mining,Cloudy,Sun,1,0
2025-03-02,S002,Loader,Mining,Cloudy,Sun,1,2
2025-03-02,S002,Compactor,Mining,Cloudy,Sun,1,0
2025-03-02,S003,Excavator,Building,Sunny,Sun,1,0
2025-03-02,S003,Bulldozer,Building,Sunny,Sun,1,0
2025-03-02,S003,Crane,Building,Sunny,Sun,1,2
2025-03-02,S003,Grader,Building,Sunny,Sun,1,1
2025-03-02,S003,Loader,Building,Sunny,Sun,1,2
2025-03-02,S003,Compactor,Building,Sunny,Sun,1,2
2025-03-02,S004,Excavator,Highway,Cloudy,Sun,1,3
2025-03-02,S004,Bulldozer,Highway,Cloudy,Sun,1,1
2025-03-02,S004,Crane,Highway,Cloudy,Sun,1,1
2025-03-02,S004,Grader,Highway,Cloudy,Sun,1,1
2025-03-02,S004,Loader,Highway,Cloudy,Sun,1,1
2025-03-02,S004,Compactor,Highway,Cloudy,Sun,1,2
2025-03-02,S005,Excavator,Mining,Sunny,Sun,1,1
2025-03-02,S005,Bulldozer,Mining,Sunny,Sun,1,3
2025-03-02,S005,Crane,Mining,Sunny,Sun,1,1
2025-03-02,S005,Grader,Mining,Sunny,Sun,1,1
2025-03-02,S005,Loader,Mining,Sunny,Sun,1,2
2025-03-02,S005,Compactor,Mining,Sunny,Sun,1,0
2025-03-02,S006,Excavator,Road,Cloudy,Sun,1,1
2025-03-02,S006,Bulldozer,Road,Cloudy,Sun,1,0
2025-03-02,S006,Crane,Road,Cloudy,Sun,1,1
2025-03-02,S006,Grader,Road,Cloudy,Sun,1,1
2025-03-02,S006,Loader,Road,Cloudy,Sun,1,0
2025-03-02,S006,Compactor,Road,Cloudy,Sun,1,2
2025-03-03,S001,Excavator,Road,Sunny,Mon,0,5
2025-03-03,S001,Bulldozer,Road,Sunny,Mon,0,2
2025-03-03,S001,Crane,Road,Sunny,Mon,0,1
2025-03-03,S001,Grader,Road,Sunny,Mon,0,4
2025-03-03,S001,Loader,Road,Sunny,Mon,0,3
2025-03-03,S001,Compactor,Road,Sunny,Mon,0,3
2025-03-03,S002,Excavator,Mining,Sunny,Mon,0,4
2025-03-03,S002,Bulldozer,Mining,Sunny,Mon,0,6
2025-03-03,S002,Crane,Mining,Sunny,Mon,0,1
2025-03-03,S002,Grader,Mining,Sunny,Mon,0,2
2025-03-03,S002,Loader,Mining,Sunny,Mon,0,5
2025-03-03,S002,Compactor,Mining,Sunny,Mon,0,0
2025-03-03,S003,Excavator,Building,Sunny,Mon,0,2
2025-03-03,S003,Bulldozer,Building,Sunny,Mon,0,1
2025-03-03,S003,Crane,Building,Sunny,Mon,0,5
2025-03-03,S003,Grader,Building,Sunny,Mon,0,0
2025-03-03,S003,Loader,Building,Sunny,Mon,0,2
2025-03-03,S003,Compactor,Building,Sunny,Mon,0,1
2025-03-03,S004,Excavator,Highway,Sunny,Mon,0,5
2025-03-03,S004,Bulldozer,Highway,Sunny,Mon,0,2
2025-03-03,S004,Crane,Highway,Sunny,Mon,0,1
2025-03-03,S004,Grader,Highway,Sunny,Mon,0,4
2025-03-03,S004,Loader,Highway,Sunny,Mon,0,3
2025-03-03,S004,Compactor,Highway,Sunny,Mon,0,6
2025-03-03,S005,Excavator,Mining,Sunny,Mon,0,3
2025-03-03,S005,Bulldozer,Mining,Sunny,Mon,0,7
2025-03-03,S005,Crane,Mining,Sunny,Mon,0,1
2025-03-03,S005,Grader,Mining,Sunny,Mon,0,2
2025-03-03,S005,Loader,Mining,Sunny,Mon,0,5
2025-03-03,S005,Compactor,Mining,Sunny,Mon,0,0
2025-03-03,S006,Excavator,Road,Cloudy,Mon,0,4
2025-03-03,S006,Bulldozer,Road,Cloudy,Mon,0,1
2025-03-03,S006,Crane,Road,Cloudy,Mon,0,2
2025-03-03,S006,Grader,Road,Cloudy,Mon,0,4
2025-03-03,S006,Loader,Road,Cloudy,Mon,0,3
2025-03-03,S006,Compactor,Road,Cloudy,Mon,0,3
2025-03-04,S001,Excavator,Road,Cloudy,Tue,0,3
2025-03-04,S001,Bulldozer,Road,Cloudy,Tue,0,1
2025-03-04,S001,Crane,Road,Cloudy,Tue,0,1
2025-03-04,S001,Grader,Road,Cloudy,Tue,0,2
2025-03-04,S001,Loader,Road,Cloudy,Tue,0,3
2025-03-04,S001,Compactor,Road,Cloudy,Tue,0,3
2025-03-04,S002,Excavator,Mining,Sunny,Tue,0,3
2025-03-04,S002,Bulldozer,Mining,Sunny,Tue,0,6
2025-03-04,S002,Crane,Mining,Sunny,Tue,0,3
2025-03-04,S002,Grader,Mining,Sunny,Tue,0,1
2025-03-04,S002,Loader,Mining,Sunny,Tue,0,6
2025-03-04,S002,Compactor,Mining,Sunny,Tue,0,1
2025-03-04,S003,Excavator,Building,Cloudy,Tue,0,2
2025-03-04,S003,Bulldozer,Building,Cloudy,Tue,0,0
2025-03-04,S003,Crane,Building,Cloudy,Tue,0,5
2025-03-04,S003,Grader,Building,Cloudy,Tue,0,1
2025-03-04,S003,Loader,Building,Cloudy,Tue,0,2
2025-03-04,S003,Compactor,Building,Cloudy,Tue,0,2
2025-03-04,S004,Excavator,Highway,Cloudy,Tue,0,3
2025-03-04,S004,Bulldozer,Highway,Cloudy,Tue,0,2
2025-03-04,S004,Crane,Highway,Cloudy,Tue,0,1
2025-03-04,S004,Grader,Highway,Cloudy,Tue,0,5
2025-03-04,S004,Loader,Highway,Cloudy,Tue,0,3
2025-03-04,S004,Compactor,Highway,Cloudy,Tue,0,3
2025-03-04,S005,Excavator,Mining,Rain,Tue,0,1
2025-03-04,S005,Bulldozer,Mining,Rain,Tue,0,3
2025-03-04,S005,Crane,Mining,Rain,Tue,0,2
2025-03-04,S005,Grader,Mining,Rain,Tue,0,0
2025-03-04,S005,Loader,Mining,Rain,Tue,0,3
2025-03-04,S005,Compactor,Mining,Rain,Tue,0,1
2025-03-04,S006,Excavator,Road,Sunny,Tue,0,4
2025-03-04,S006,Bulldozer,Road,Sunny,Tue,0,2
2025-03-04,S006,Crane,Road,Sunny,Tue,0,2
2025-03-04,S006,Grader,Road,Sunny,Tue,0,4
2025-03-04,S006,Loader,Road,Sunny,Tue,0,2
2025-03-04,S006,Compactor,Road,Sunny,Tue,0,3
2025-03-05,S001,Excavator,Road,Sunny,Wed,0,6
2025-03-05,S001,Bulldozer,Road,Sunny,Wed,0,1
2025-03-05,S001,Crane,Road,Sunny,Wed,0,1
2025-03-05,S001,Grader,Road,Sunny,Wed,0,4
2025-03-05,S001,Loader,Road,Sunny,Wed,0,3
2025-03-05,S001,Compactor,Road,Sunny,Wed,0,4
2025-03-05,S002,Excavator,Mining,Sunny,Wed,0,4
2025-03-05,S002,Bulldozer,Mining,Sunny,Wed,0,6
2025-03-05,S002,Crane,Mining,Sunny,Wed,0,2
2025-03-05,S002,Grader,Mining,Sunny,Wed,0,2
2025-03-05,S002,Loader,Mining,Sunny,Wed,0,6
2025-03-05,S002,Compactor,Mining,Sunny,Wed,0,0
2025-03-05,S003,Excavator,Building,Sunny,Wed,0,1
2025-03-05,S003,Bulldozer,Building,Sunny,Wed,0,1
2025-03-05,S003,Crane,Building,Sunny,Wed,0,6
2025-03-05,S003,Grader,Building,Sunny,Wed,0,2
2025-03-05,S003,Loader,Building,Sunny,Wed,0,1
2025-03-05,S003,Compactor,Building,Sunny,Wed,0,1
2025-03-05,S004,Excavator,Highway,Cloudy,Wed,0,5
2025-03-05,S004,Bulldozer,Highway,Cloudy,Wed,0,2
2025-03-05,S004,Crane,Highway,Cloudy,Wed,0,1
2025-03-05,S004,Grader,Highway,Cloudy,Wed,0,4
2025-03-05,S004,Loader,Highway,Cloudy,Wed,0,3
2025-03-05,S004,Compactor,Highway,Cloudy,Wed,0,4
2025-03-05,S005,Excavator,Mining,Cloudy,Wed,0,3
2025-03-05,S005,Bulldozer,Mining,Cloudy,Wed,0,4
2025-03-05,S005,Crane,Mining,Cloudy,Wed,0,1
2025-03-05,S005,Grader,Mining,Cloudy,Wed,0,0
2025-03-05,S005,Loader,Mining,Cloudy,Wed,0,5
2025-03-05,S005,Compactor,Mining,Cloudy,Wed,0,1
2025-03-05,S006,Excavator,Road,Sunny,Wed,0,4
2025-03-05,S006,Bulldozer,Road,Sunny,Wed,0,2
2025-03-05,S006,Crane,Road,Sunny,Wed,0,1
2025-03-05,S006,Grader,Road,Sunny,Wed,0,4
2025-03-05,S006,Loader,Road,Sunny,Wed,0,3
2025-03-05,S006,Compactor,Road,Sunny,Wed,0,4
2025-03-06,S001,Excavator,Road,Sunny,Thu,0,5
2025-03-06,S001,Bulldozer,Road,Sunny,Thu,0,2
2025-03-06,S001,Crane,Road,Sunny,Thu,0,0
2025-03-06,S001,Grader,Road,Sunny,Thu,0,4
2025-03-06,S001,Loader,Road,Sunny,Thu,0,4
2025-03-06,S001,Compactor,Road,Sunny,Thu,0,3
2025-03-06,S002,Excavator,Mining,Sunny,Thu,0,3
2025-03-06,S002,Bulldozer,Mining,Sunny,Thu,0,6
2025-03-06,S002,Crane,Mining,Sunny,Thu,0,2
2025-03-06,S002,Grader,Mining,Sunny,Thu,0,1
2025-03-06,S002,Loader,Mining,Sunny,Thu,0,5
2025-03-06,S002,Compactor,Mining,Sunny,Thu,0,1
2025-03-06,S003,Excavator,Building,Sunny,Thu,0,3
2025-03-06,S003,Bulldozer,Building,Sunny,Thu,0,2
2025-03-06,S003,Crane,Building,Sunny,Thu,0,4
2025-03-06,S003,Grader,Building,Sunny,Thu,0,1
2025-03-06,S003,Loader,Building,Sunny,Thu,0,3
2025-03-06,S003,Compactor,Building,Sunny,Thu,0,3
2025-03-06,S004,Excavator,Highway,Cloudy,Thu,0,5
2025-03-06,S004,Bulldozer,Highway,Cloudy,Thu,0,3
2025-03-06,S004,Crane,Highway,Cloudy,Thu,0,1
2025-03-06,S004,Grader,Highway,Cloudy,Thu,0,4
2025-03-06,S004,Loader,Highway,Cloudy,Thu,0,3
2025-03-06,S004,Compactor,Highway,Cloudy,Thu,0,5
2025-03-06,S005,Excavator,Mining,Cloudy,Thu,0,3
2025-03-06,S005,Bulldozer,Mining,Cloudy,Thu,0,5
2025-03-06,S005,Crane,Mining,Cloudy,Thu,0,2
2025-03-06,S005,Grader,Mining,Cloudy,Thu,0,1
2025-03-06,S005,Loader,Mining,Cloudy,Thu,0,4
2025-03-06,S005,Compactor,Mining,Cloudy,Thu,0,1
2025-03-06,S006,Excavator,Road,Sunny,Thu,0,5
2025-03-06,S006,Bulldozer,Road,Sunny,Thu,0,2
2025-03-06,S006,Crane,Road,Sunny,Thu,0,0
2025-03-06,S006,Grader,Road,Sunny,Thu,0,4
2025-03-06,S006,Loader,Road,Sunny,Thu,0,3
2025-03-06,S006,Compactor,Road,Sunny,Thu,0,5
2025-03-07,S001,Excavator,Road,Sunny,Fri,0,5
2025-03-07,S001,Bulldozer,Road,Sunny,Fri,0,1
2025-03-07,S001,Crane,Road,Sunny,Fri,0,0
2025-03-07,S001,Grader,Road,Sunny,Fri,0,4
2025-03-07,S001,Loader,Road,Sunny,Fri,0,2
2025-03-07,S001,Compactor,Road,Sunny,Fri,0,3
2025-03-07,S002,Excavator,Mining,Cloudy,Fri,0,2
2025-03-07,S002,Bulldozer,Mining,Cloudy,Fri,0,5
2025-03-07,S002,Crane,Mining,Cloudy,Fri,0,2
2025-03-07,S002,Grader,Mining,Cloudy,Fri,0,0
2025-03-07,S002,Loader,Mining,Cloudy,Fri,0,4
2025-03-07,S002,Compactor,Mining,Cloudy,Fri,0,0
2025-03-07,S003,Excavator,Building,Sunny,Fri,0,2
2025-03-07,S003,Bulldozer,Building,Sunny,Fri,0,1
2025-03-07,S003,Crane,Building,Sunny,Fri,0,5
2025-03-07,S003,Grader,Building,Sunny,Fri,0,2
2025-03-07,S003,Loader,Building,Sunny,Fri,0,2
2025-03-07,S003,Compactor,Building,Sunny,Fri,0,3
2025-03-07,S004,Excavator,Highway,Sunny,Fri,0,4
2025-03-07,S004,Bulldozer,Highway,Sunny,Fri,0,2
2025-03-07,S004,Crane,Highway,Sunny,Fri,0,1
2025-03-07,S004,Grader,Highway,Sunny,Fri,0,6
2025-03-07,S004,Loader,Highway,Sunny,Fri,0,3
2025-03-07,S004,Compactor,Highway,Sunny,Fri,0,6
2025-03-07,S005,Excavator,Mining,Sunny,Fri,0,4
2025-03-07,S005,Bulldozer,Mining,Sunny,Fri,0,5
2025-03-07,S005,Crane,Mining,Sunny,Fri,0,2
2025-03-07,S005,Grader,Mining,Sunny,Fri,0,2
2025-03-07,S005,Loader,Mining,Sunny,Fri,0,5
2025-03-07,S005,Compactor,Mining,Sunny,Fri,0,1
2025-03-07,S006,Excavator,Road,Sunny,Fri,0,4
2025-03-07,S006,Bulldozer,Road,Sunny,Fri,0,2
2025-03-07,S006,Crane,Road,Sunny,Fri,0,1
2025-03-07,S006,Grader,Road,Sunny,Fri,0,3
2025-03-07,S006,Loader,Road,Sunny,Fri,0,3
2025-03-07,S006,Compactor,Road,Sunny,Fri,0,3
2025-03-08,S001,Excavator,Road,Rain,Sat,1,2
2025-03-08,S001,Bulldozer,Road,Rain,Sat,1,1
2025-03-08,S001,Crane,Road,Rain,Sat,1,0
2025-03-08,S001,Grader,Road,Rain,Sat,1,1
2025-03-08,S001,Loader,Road,Rain,Sat,1,2
2025-03-08,S001,Compactor,Road,Rain,Sat,1,1
2025-03-08,S002,Excavator,Mining,Sunny,Sat,1,2
2025-03-08,S002,Bulldozer,Mining,Sunny,Sat,1,3
2025-03-08,S002,Crane,Mining,Sunny,Sat,1,0
2025-03-08,S002,Grader,Mining,Sunny,Sat,1,0
2025-03-08,S002,Loader,Mining,Sunny,Sat,1,1
2025-03-08,S002,Compactor,Mining,Sunny,Sat,1,0
2025-03-08,S003,Excavator,Building,Cloudy,Sat,1,1
2025-03-08,S003,Bulldozer,Building,Cloudy,Sat,1,1
2025-03-08,S003,Crane,Building,Cloudy,Sat,1,1
2025-03-08,S003,Grader,Building,Cloudy,Sat,1,0
2025-03-08,S003,Loader,Building,Cloudy,Sat,1,1
2025-03-08,S003,Compactor,Building,Cloudy,Sat,1,1
2025-03-08,S004,Excavator,Highway,Sunny,Sat,1,2
2025-03-08,S004,Bulldozer,Highway,Sunny,Sat,1,1
2025-03-08,S004,Crane,Highway,Sunny,Sat,1,0
2025-03-08,S004,Grader,Highway,Sunny,Sat,1,2
2025-03-08,S004,Loader,Highway,Sunny,Sat,1,0
2025-03-08,S004,Compactor,Highway,Sunny,Sat,1,2
2025-03-08,S005,Excavator,Mining,Sunny,Sat,1,1
2025-03-08,S005,Bulldozer,Mining,Sunny,Sat,1,3
2025-03-08,S005,Crane,Mining,Sunny,Sat,1,0
2025-03-08,S005,Grader,Mining,Sunny,Sat,1,0
2025-03-08,S005,Loader,Mining,Sunny,Sat,1,1
2025-03-08,S005,Compactor,Mining,Sunny,Sat,1,1
2025-03-08,S006,Excavator,Road,Sunny,Sat,1,3
2025-03-08,S006,Bulldozer,Road,Sunny,Sat,1,0
2025-03-08,S006,Crane,Road,Sunny,Sat,1,1
2025-03-08,S006,Grader,Road,Sunny,Sat,1,2
2025-03-08,S006,Loader,Road,Sunny,Sat,1,1
2025-03-08,S006,Compactor,Road,Sunny,Sat,1,1
2025-03-09,S001,Excavator,Road,Sunny,Sun,1,1
2025-03-09,S001,Bulldozer,Road,Sunny,Sun,1,1
2025-03-09,S001,Crane,Road,Sunny,Sun,1,0
2025-03-09,S001,Grader,Road,Sunny,Sun,1,2
2025-03-09,S001,Loader,Road,Sunny,Sun,1,1
2025-03-09,S001,Compactor,Road,Sunny,Sun,1,2
2025-03-09,S002,Excavator,Mining,Sunny,Sun,1,1
2025-03-09,S002,Bulldozer,Mining,Sunny,Sun,1,3
2025-03-09,S002,Crane,Mining,Sunny,Sun,1,1
2025-03-09,S002,Grader,Mining,Sunny,Sun,1,0
2025-03-09,S002,Loader,Mining,Sunny,Sun,1,2
2025-03-09,S002,Compactor,Mining,Sunny,Sun,1,0
2025-03-09,S003,Excavator,Building,Rain,Sun,1,1
2025-03-09,S003,Bulldozer,Building,Rain,Sun,1,1
2025-03-09,S003,Crane,Building,Rain,Sun,1,1
2025-03-09,S003,Grader,Building,Rain,Sun,1,1
2025-03-09,S003,Loader,Building,Rain,Sun,1,1
2025-03-09,S003,Compactor,Building,Rain,Sun,1,0
2025-03-09,S004,Excavator,Highway,Sunny,Sun,1,2
2025-03-09,S004,Bulldozer,Highway,Sunny,Sun,1,2
2025-03-09,S004,Crane,Highway,Sunny,Sun,1,0
2025-03-09,S004,Grader,Highway,Sunny,Sun,1,1
2025-03-09,S004,Loader,Highway,Sunny,Sun,1,1
2025-03-09,S004,Compactor,Highway,Sunny,Sun,1,2
2025-03-09,S005,Excavator,Mining,Cloudy,Sun,1,1
2025-03-09,S005,Bulldozer,Mining,Cloudy,Sun,1,3
2025-03-09,S005,Crane,Mining,Cloudy,Sun,1,0
2025-03-09,S005,Grader,Mining,Cloudy,Sun,1,1
2025-03-09,S005,Loader,Mining,Cloudy,Sun,1,1
2025-03-09,S005,Compactor,Mining,Cloudy,Sun,1,0
2025-03-09,S006,Excavator,Road,Sunny,Sun,1,1
2025-03-09,S006,Bulldozer,Road,Sunny,Sun,1,1
2025-03-09,S006,Crane,Road,Sunny,Sun,1,1
2025-03-09,S006,Grader,Road,Sunny,Sun,1,1
2025-03-09,S006,Loader,Road,Sunny,Sun,1,2
2025-03-09,S006,Compactor,Road,Sunny,Sun,1,1
2025-03-10,S001,Excavator,Road,Sunny,Mon,0,4
2025-03-10,S001,Bulldozer,Road,Sunny,Mon,0,2
2025-03-10,S001,Crane,Road,Sunny,Mon,0,2
2025-03-10,S001,Grader,Road,Sunny,Mon,0,3
2025-03-10,S001,Loader,Road,Sunny,Mon,0,2
2025-03-10,S001,Compactor,Road,Sunny,Mon,0,5
2025-03-10,S002,Excavator,Mining,Sunny,Mon,0,4
2025-03-10,S002,Bulldozer,Mining,Sunny,Mon,0,6
2025-03-10,S002,Crane,Mining,Sunny,Mon,0,2
2025-03-10,S002,Grader,Mining,Sunny,Mon,0,1
2025-03-10,S002,Loader,Mining,Sunny,Mon,0,6
2025-03-10,S002,Compactor,Mining,Sunny,Mon,0,1
2025-03-10,S003,Excavator,Building,Sunny,Mon,0,3
2025-03-10,S003,Bulldozer,Building,Sunny,Mon,0,0
2025-03-10,S003,Crane,Building,Sunny,Mon,0,5
2025-03-10,S003,Grader,Building,Sunny,Mon,0,0
2025-03-10,S003,Loader,Building,Sunny,Mon,0,2
2025-03-10,S003,Compactor,Building,Sunny,Mon,0,2
2025-03-10,S004,Excavator,Highway,Cloudy,Mon,0,3
2025-03-10,S004,Bulldozer,Highway,Cloudy,Mon,0,3
2025-03-10,S004,Crane,Highway,Cloudy,Mon,0,1
2025-03-10,S004,Grader,Highway,Cloudy,Mon,0,5
2025-03-10,S004,Loader,Highway,Cloudy,Mon,0,3
2025-03-10,S004,Compactor,Highway,Cloudy,Mon,0,5
2025-03-10,S005,Excavator,Mining,Sunny,Mon,0,3
2025-03-10,S005,Bulldozer,Mining,Sunny,Mon,0,6
2025-03-10,S005,Crane,Mining,Sunny,Mon,0,2
2025-03-10,S005,Grader,Mining,Sunny,Mon,0,0
2025-03-10,S005,Loader,Mining,Sunny,Mon,0,4
2025-03-10,S005,Compactor,Mining,Sunny,Mon,0,2
2025-03-10,S006,Excavator,Road,Rain,Mon,0,2
2025-03-10,S006,Bulldozer,Road,Rain,Mon,0,2
2025-03-10,S006,Crane,Road,Rain,Mon,0,0
2025-03-10,S006,Grader,Road,Rain,Mon,0,2
2025-03-10,S006,Loader,Road,Rain,Mon,0,1
2025-03-10,S006,Compactor,Road,Rain,Mon,0,3
2025-03-11,S001,Excavator,Road,Cloudy,Tue,0,4
2025-03-11,S001,Bulldozer,Road,Cloudy,Tue,0,2
2025-03-11,S001,Crane,Road,Cloudy,Tue,0,1
2025-03-11,S001,Grader,Road,Cloudy,Tue,0,3
2025-03-11,S001,Loader,Road,Cloudy,Tue,0,2
2025-03-11,S001,Compactor,Road,Cloudy,Tue,0,3
2025-03-11,S002,Excavator,Mining,Cloudy,Tue,0,2
2025-03-11,S002,Bulldozer,Mining,Cloudy,Tue,0,5
2025-03-11,S002,Crane,Mining,Cloudy,Tue,0,2
2025-03-11,S002,Grader,Mining,Cloudy,Tue,0,1
2025-03-11,S002,Loader,Mining,Cloudy,Tue,0,4
2025-03-11,S002,Compactor,Mining,Cloudy,Tue,0,2
2025-03-11,S003,Excavator,Building,Sunny,Tue,0,3
2025-03-11,S003,Bulldozer,Building,Sunny,Tue,0,1
2025-03-11,S003,Crane,Building,Sunny,Tue,0,6
2025-03-11,S003,Grader,Building,Sunny,Tue,0,2
2025-03-11,S003,Loader,Building,Sunny,Tue,0,1
2025-03-11,S003,Compactor,Building,Sunny,Tue,0,3
2025-03-11,S004,Excavator,Highway,Cloudy,Tue,0,4
2025-03-11,S004,Bulldozer,Highway,Cloudy,Tue,0,2
2025-03-11,S004,Crane,Highway,Cloudy,Tue,0,0
2025-03-11,S004,Grader,Highway,Cloudy,Tue,0,5
2025-03-11,S004,Loader,Highway,Cloudy,Tue,0,2
2025-03-11,S004,Compactor,Highway,Cloudy,Tue,0,5
2025-03-11,S005,Excavator,Mining,Sunny,Tue,0,3
2025-03-11,S005,Bulldozer,Mining,Sunny,Tue,0,5
2025-03-11,S005,Crane,Mining,Sunny,Tue,0,1
2025-03-11,S005,Grader,Mining,Sunny,Tue,0,1
2025-03-11,S005,Loader,Mining,Sunny,Tue,0,4
2025-03-11,S005,Compactor,Mining,Sunny,Tue,0,1
2025-03-11,S006,Excavator,Road,Cloudy,Tue,0,5
2025-03-11,S006,Bulldozer,Road,Cloudy,Tue,0,2
2025-03-11,S006,Crane,Road,Cloudy,Tue,0,2
2025-03-11,S006,Grader,Road,Cloudy,Tue,0,2
2025-03-11,S006,Loader,Road,Cloudy,Tue,0,2
2025-03-11,S006,Compactor,Road,Cloudy,Tue,0,4
2025-03-12,S001,Excavator,Road,Rain,Wed,0,2
2025-03-12,S001,Bulldozer,Road,Rain,Wed,0,1
2025-03-12,S001,Crane,Road,Rain,Wed,0,0
2025-03-12,S001,Grader,Road,Rain,Wed,0,2
2025-03-12,S001,Loader,Road,Rain,Wed,0,1
2025-03-12,S001,Compactor,Road,Rain,Wed,0,1
2025-03-12,S002,Excavator,Mining,Cloudy,Wed,0,2
2025-03-12,S002,Bulldozer,Mining,Cloudy,Wed,0,6
2025-03-12,S002,Crane,Mining,Cloudy,Wed,0,1
2025-03-12,S002,Grader,Mining,Cloudy,Wed,0,1
2025-03-12,S002,Loader,Mining,Cloudy,Wed,0,4
2025-03-12,S002,Compactor,Mining,Cloudy,Wed,0,1
2025-03-12,S003,Excavator,Building,Sunny,Wed,0,2
2025-03-12,S003,Bulldozer,Building,Sunny,Wed,0,0
2025-03-12,S003,Crane,Building,Sunny,Wed,0,5
2025-03-12,S003,Grader,Building,Sunny,Wed,0,1
2025-03-12,S003,Loader,Building,Sunny,Wed,0,1
2025-03-12,S003,Compactor,Building,Sunny,Wed,0,2
2025-03-12,S004,Excavator,Highway,Sunny,Wed,0,6
2025-03-12,S004,Bulldozer,Highway,Sunny,Wed,0,3
2025-03-12,S004,Crane,Highway,Sunny,Wed,0,0
2025-03-12,S004,Grader,Highway,Sunny,Wed,0,6
2025-03-12,S004,Loader,Highway,Sunny,Wed,0,4
2025-03-12,S004,Compactor,Highway,Sunny,Wed,0,5
2025-03-12,S005,Excavator,Mining,Sunny,Wed,0,2
2025-03-12,S005,Bulldozer,Mining,Sunny,Wed,0,6
2025-03-12,S005,Crane,Mining,Sunny,Wed,0,1
2025-03-12,S005,Grader,Mining,Sunny,Wed,0,0
2025-03-12,S005,Loader,Mining,Sunny,Wed,0,5
2025-03-12,S005,Compactor,Mining,Sunny,Wed,0,1
2025-03-12,S006,Excavator,Road,Sunny,Wed,0,5
2025-03-12,S006,Bulldozer,Road,Sunny,Wed,0,1
2025-03-12,S006,Crane,Road,Sunny,Wed,0,1
2025-03-12,S006,Grader,Road,Sunny,Wed,0,4
2025-03-12,S006,Loader,Road,Sunny,Wed,0,3
2025-03-12,S006,Compactor,Road,Sunny,Wed,0,4
2025-03-13,S001,Excavator,Road,Rain,Thu,0,3
2025-03-13,S001,Bulldozer,Road,Rain,Thu,0,2
2025-03-13,S001,Crane,Road,Rain,Thu,0,1
2025-03-13,S001,Grader,Road,Rain,Thu,0,2
2025-03-13,S001,Loader,Road,Rain,Thu,0,1
2025-03-13,S001,Compactor,Road,Rain,Thu,0,2
2025-03-13,S002,Excavator,Mining,Cloudy,Thu,0,2
2025-03-13,S002,Bulldozer,Mining,Cloudy,Thu,0,5
2025-03-13,S002,Crane,Mining,Cloudy,Thu,0,2
2025-03-13,S002,Grader,Mining,Cloudy,Thu,0,0
2025-03-13,S002,Loader,Mining,Cloudy,Thu,0,5
2025-03-13,S002,Compactor,Mining,Cloudy,Thu,0,0
2025-03-13,S003,Excavator,Building,Rain,Thu,0,2
2025-03-13,S003,Bulldozer,Building,Rain,Thu,0,0
2025-03-13,S003,Crane,Building,Rain,Thu,0,3
2025-03-13,S003,Grader,Building,Rain,Thu,0,0
2025-03-13,S003,Loader,Building,Rain,Thu,0,0
2025-03-13,S003,Compactor,Building,Rain,Thu,0,0
2025-03-13,S004,Excavator,Highway,Sunny,Thu,0,6
2025-03-13,S004,Bulldozer,Highway,Sunny,Thu,0,4
2025-03-13,S004,Crane,Highway,Sunny,Thu,0,2
2025-03-13,S004,Grader,Highway,Sunny,Thu,0,4
2025-03-13,S004,Loader,Highway,Sunny,Thu,0,3
2025-03-13,S004,Compactor,Highway,Sunny,Thu,0,5
2025-03-13,S005,Excavator,Mining,Rain,Thu,0,2
2025-03-13,S005,Bulldozer,Mining,Rain,Thu,0,3
2025-03-13,S005,Crane,Mining,Rain,Thu,0,2
2025-03-13,S005,Grader,Mining,Rain,Thu,0,0
2025-03-13,S005,Loader,Mining,Rain,Thu,0,3
2025-03-13,S005,Compactor,Mining,Rain,Thu,0,1
2025-03-13,S006,Excavator,Road,Sunny,Thu,0,5
2025-03-13,S006,Bulldozer,Road,Sunny,Thu,0,3
2025-03-13,S006,Crane,Road,Sunny,Thu,0,0
2025-03-13,S006,Grader,Road,Sunny,Thu,0,4
2025-03-13,S006,Loader,Road,Sunny,Thu,0,3
2025-03-13,S006,Compactor,Road,Sunny,Thu,0,4
2025-03-14,S001,Excavator,Road,Rain,Fri,0,2
2025-03-14,S001,Bulldozer,Road,Rain,Fri,0,1
2025-03-14,S001,Crane,Road,Rain,Fri,0,1
2025-03-14,S001,Grader,Road,Rain,Fri,0,2
2025-03-14,S001,Loader,Road,Rain,Fri,0,1
2025-03-14,S001,Compactor,Road,Rain,Fri,0,2
2025-03-14,S002,Excavator,Mining,Sunny,Fri,0,2
2025-03-14,S002,Bulldozer,Mining,Sunny,Fri,0,6
2025-03-14,S002,Crane,Mining,Sunny,Fri,0,2
2025-03-14,S002,Grader,Mining,Sunny,Fri,0,2
2025-03-14,S002,Loader,Mining,Sunny,Fri,0,5
2025-03-14,S002,Compactor,Mining,Sunny,Fri,0,1
2025-03-14,S003,Excavator,Building,Sunny,Fri,0,2
2025-03-14,S003,Bulldozer,Building,Sunny,Fri,0,0
2025-03-14,S003,Crane,Building,Sunny,Fri,0,4
2025-03-14,S003,Grader,Building,Sunny,Fri,0,2
2025-03-14,S003,Loader,Building,Sunny,Fri,0,2
2025-03-14,S003,Compactor,Building,Sunny,Fri,0,2
2025-03-14,S004,Excavator,Highway,Sunny,Fri,0,6
2025-03-14,S004,Bulldozer,Highway,Sunny,Fri,0,2
2025-03-14,S004,Crane,Highway,Sunny,Fri,0,0
2025-03-14,S004,Grader,Highway,Sunny,Fri,0,6
2025-03-14,S004,Loader,Highway,Sunny,Fri,0,3
2025-03-14,S004,Compactor,Highway,Sunny,Fri,0,5
2025-03-14,S005,Excavator,Mining,Cloudy,Fri,0,3
2025-03-14,S005,Bulldozer,Mining,Cloudy,Fri,0,6
2025-03-14,S005,Crane,Mining,Cloudy,Fri,0,1
2025-03-14,S005,Grader,Mining,Cloudy,Fri,0,1
2025-03-14,S005,Loader,Mining,Cloudy,Fri,0,5
2025-03-14,S005,Compactor,Mining,Cloudy,Fri,0,1
2025-03-14,S006,Excavator,Road,Sunny,Fri,0,4
2025-03-14,S006,Bulldozer,Road,Sunny,Fri,0,2
2025-03-14,S006,Crane,Road,Sunny,Fri,0,0
2025-03-14,S006,Grader,Road,Sunny,Fri,0,4
2025-03-14,S006,Loader,Road,Sunny,Fri,0,4
2025-03-14,S006,Compactor,Road,Sunny,Fri,0,4
2025-03-15,S001,Excavator,Road,Sunny,Sat,1,1
2025-03-15,S001,Bulldozer,Road,Sunny,Sat,1,1
2025-03-15,S001,Crane,Road,Sunny,Sat,1,1
2025-03-15,S001,Grader,Road,Sunny,Sat,1,2
2025-03-15,S001,Loader,Road,Sunny,Sat,1,1
2025-03-15,S001,Compactor,Road,Sunny,Sat,1,2
2025-03-15,S002,Excavator,Mining,Cloudy,Sat,1,2
2025-03-15,S002,Bulldozer,Mining,Cloudy,Sat,1,1
2025-03-15,S002,Crane,Mining,Cloudy,Sat,1,1
2025-03-15,S002,Grader,Mining,Cloudy,Sat,1,0
2025-03-15,S002,Loader,Mining,Cloudy,Sat,1,2
2025-03-15,S002,Compactor,Mining,Cloudy,Sat,1,0
2025-03-15,S003,Excavator,Building,Sunny,Sat,1,0
2025-03-15,S003,Bulldozer,Building,Sunny,Sat,1,0
2025-03-15,S003,Crane,Building,Sunny,Sat,1,1
2025-03-15,S003,Grader,Building,Sunny,Sat,1,0
2025-03-15,S003,Loader,Building,Sunny,Sat,1,1
2025-03-15,S003,Compactor,Building,Sunny,Sat,1,0
2025-03-15,S004,Excavator,Highway,Sunny,Sat,1,2
2025-03-15,S004,Bulldozer,Highway,Sunny,Sat,1,1
2025-03-15,S004,Crane,Highway,Sunny,Sat,1,0
2025-03-15,S004,Grader,Highway,Sunny,Sat,1,1
2025-03-15,S004,Loader,Highway,Sunny,Sat,1,2
2025-03-15,S004,Compactor,Highway,Sunny,Sat,1,1
2025-03-15,S005,Excavator,Mining,Rain,Sat,1,1
2025-03-15,S005,Bulldozer,Mining,Rain,Sat,1,1
2025-03-15,S005,Crane,Mining,Rain,Sat,1,0
2025-03-15,S005,Grader,Mining,Rain,Sat,1,1
2025-03-15,S005,Loader,Mining,Rain,Sat,1,1
2025-03-15,S005,Compactor,Mining,Rain,Sat,1,0
2025-03-15,S006,Excavator,Road,Sunny,Sat,1,2
2025-03-15,S006,Bulldozer,Road,Sunny,Sat,1,1
2025-03-15,S006,Crane,Road,Sunny,Sat,1,1
2025-03-15,S006,Grader,Road,Sunny,Sat,1,1
2025-03-15,S006,Loader,Road,Sunny,Sat,1,1
2025-03-15,S006,Compactor,Road,Sunny,Sat,1,2
2025-03-16,S001,Excavator,Road,Cloudy,Sun,1,1
2025-03-16,S001,Bulldozer,Road,Cloudy,Sun,1,0
2025-03-16,S001,Crane,Road,Cloudy,Sun,1,0
2025-03-16,S001,Grader,Road,Cloudy,Sun,1,2
2025-03-16,S001,Loader,Road,Cloudy,Sun,1,0
2025-03-16,S001,Compactor,Road,Cloudy,Sun,1,2
2025-03-16,S002,Excavator,Mining,Rain,Sun,1,0
2025-03-16,S002,Bulldozer,Mining,Rain,Sun,1,2
2025-03-16,S002,Crane,Mining,Rain,Sun,1,0
2025-03-16,S002,Grader,Mining,Rain,Sun,1,0
2025-03-16,S002,Loader,Mining,Rain,Sun,1,2
2025-03-16,S002,Compactor,Mining,Rain,Sun,1,0
2025-03-16,S003,Excavator,Building,Sunny,Sun,1,1
2025-03-16,S003,Bulldozer,Building,Sunny,Sun,1,1
2025-03-16,S003,Crane,Building,Sunny,Sun,1,3
2025-03-16,S003,Grader,Building,Sunny,Sun,1,0
2025-03-16,S003,Loader,Building,Sunny,Sun,1,1
2025-03-16,S003,Compactor,Building,Sunny,Sun,1,1
2025-03-16,S004,Excavator,Highway,Sunny,Sun,1,3
2025-03-16,S004,Bulldozer,Highway,Sunny,Sun,1,1
2025-03-16,S004,Crane,Highway,Sunny,Sun,1,0
2025-03-16,S004,Grader,Highway,Sunny,Sun,1,3
2025-03-16,S004,Loader,Highway,Sunny,Sun,1,1
2025-03-16,S004,Compactor,Highway,Sunny,Sun,1,2
2025-03-16,S005,Excavator,Mining,Sunny,Sun,1,2
2025-03-16,S005,Bulldozer,Mining,Sunny,Sun,1,3
2025-03-16,S005,Crane,Mining,Sunny,Sun,1,1
2025-03-16,S005,Grader,Mining,Sunny,Sun,1,0
2025-03-16,S005,Loader,Mining,Sunny,Sun,1,1
2025-03-16,S005,Compactor,Mining,Sunny,Sun,1,1
2025-03-16,S006,Excavator,Road,Sunny,Sun,1,3
2025-03-16,S006,Bulldozer,Road,Sunny,Sun,1,1
2025-03-16,S006,Crane,Road,Sunny,Sun,1,0
2025-03-16,S006,Grader,Road,Sunny,Sun,1,1
2025-03-16,S006,Loader,Road,Sunny,Sun,1,0
2025-03-16,S006,Compactor,Road,Sunny,Sun,1,2
2025-03-17,S001,Excavator,Road,Sunny,Mon,0,4
2025-03-17,S001,Bulldozer,Road,Sunny,Mon,0,3
2025-03-17,S001,Crane,Road,Sunny,Mon,0,1
2025-03-17,S001,Grader,Road,Sunny,Mon,0,3
2025-03-17,S001,Loader,Road,Sunny,Mon,0,3
2025-03-17,S001,Compactor,Road,Sunny,Mon,0,4
2025-03-17,S002,Excavator,Mining,Sunny,Mon,0,2
2025-03-17,S002,Bulldozer,Mining,Sunny,Mon,0,6
2025-03-17,S002,Crane,Mining,Sunny,Mon,0,2
2025-03-17,S002,Grader,Mining,Sunny,Mon,0,1
2025-03-17,S002,Loader,Mining,Sunny,Mon,0,6
2025-03-17,S002,Compactor,Mining,Sunny,Mon,0,2
2025-03-17,S003,Excavator,Building,Cloudy,Mon,0,1
2025-03-17,S003,Bulldozer,Building,Cloudy,Mon,0,1
2025-03-17,S003,Crane,Building,Cloudy,Mon,0,4
2025-03-17,S003,Grader,Building,Cloudy,Mon,0,0
2025-03-17,S003,Loader,Building,Cloudy,Mon,0,3
2025-03-17,S003,Compactor,Building,Cloudy,Mon,0,1
2025-03-17,S004,Excavator,Highway,Sunny,Mon,0,5
2025-03-17,S004,Bulldozer,Highway,Sunny,Mon,0,3
2025-03-17,S004,Crane,Highway,Sunny,Mon,0,2
2025-03-17,S004,Grader,Highway,Sunny,Mon,0,5
2025-03-17,S004,Loader,Highway,Sunny,Mon,0,3
2025-03-17,S004,Compactor,Highway,Sunny,Mon,0,5
2025-03-17,S005,Excavator,Mining,Sunny,Mon,0,3
2025-03-17,S005,Bulldozer,Mining,Sunny,Mon,0,7
2025-03-17,S005,Crane,Mining,Sunny,Mon,0,3
2025-03-17,S005,Grader,Mining,Sunny,Mon,0,2
2025-03-17,S005,Loader,Mining,Sunny,Mon,0,5
2025-03-17,S005,Compactor,Mining,Sunny,Mon,0,0
2025-03-17,S006,Excavator,Road,Sunny,Mon,0,5
2025-03-17,S006,Bulldozer,Road,Sunny,Mon,0,2
2025-03-17,S006,Crane,Road,Sunny,Mon,0,1
2025-03-17,S006,Grader,Road,Sunny,Mon,0,4
2025-03-17,S006,Loader,Road,Sunny,Mon,0,3
2025-03-17,S006,Compactor,Road,Sunny,Mon,0,4
2025-03-18,S001,Excavator,Road,Cloudy,Tue,0,4
2025-03-18,S001,Bulldozer,Road,Cloudy,Tue,0,3
2025-03-18,S001,Crane,Road,Cloudy,Tue,0,1
2025-03-18,S001,Grader,Road,Cloudy,Tue,0,3
2025-03-18,S001,Loader,Road,Cloudy,Tue,0,2
2025-03-18,S001,Compactor,Road,Cloudy,Tue,0,3
2025-03-18,S002,Excavator,Mining,Sunny,Tue,0,3
2025-03-18,S002,Bulldozer,Mining,Sunny,Tue,0,6
2025-03-18,S002,Crane,Mining,Sunny,Tue,0,2
2025-03-18,S002,Grader,Mining,Sunny,Tue,0,2
2025-03-18,S002,Loader,Mining,Sunny,Tue,0,5
2025-03-18,S002,Compactor,Mining,Sunny,Tue,0,1
2025-03-18,S003,Excavator,Building,Cloudy,Tue,0,2
2025-03-18,S003,Bulldozer,Building,Cloudy,Tue,0,1
2025-03-18,S003,Crane,Building,Cloudy,Tue,0,5
2025-03-18,S003,Grader,Building,Cloudy,Tue,0,1
2025-03-18,S003,Loader,Building,Cloudy,Tue,0,2
2025-03-18,S003,Compactor,Building,Cloudy,Tue,0,1
2025-03-18,S004,Excavator,Highway,Sunny,Tue,0,5
2025-03-18,S004,Bulldozer,Highway,Sunny,Tue,0,2
2025-03-18,S004,Crane,Highway,Sunny,Tue,0,2
2025-03-18,S004,Grader,Highway,Sunny,Tue,0,4
2025-03-18,S004,Loader,Highway,Sunny,Tue,0,3
2025-03-18,S004,Compactor,Highway,Sunny,Tue,0,4
2025-03-18,S005,Excavator,Mining,Cloudy,Tue,0,3
2025-03-18,S005,Bulldozer,Mining,Cloudy,Tue,0,6
2025-03-18,S005,Crane,Mining,Cloudy,Tue,0,2
2025-03-18,S005,Grader,Mining,Cloudy,Tue,0,1
2025-03-18,S005,Loader,Mining,Cloudy,Tue,0,5
2025-03-18,S005,Compactor,Mining,Cloudy,Tue,0,0
2025-03-18,S006,Excavator,Road,Sunny,Tue,0,6
2025-03-18,S006,Bulldozer,Road,Sunny,Tue,0,1
2025-03-18,S006,Crane,Road,Sunny,Tue,0,2
2025-03-18,S006,Grader,Road,Sunny,Tue,0,3
2025-03-18,S006,Loader,Road,Sunny,Tue,0,2
2025-03-18,S006,Compactor,Road,Sunny,Tue,0,3
2025-03-19,S001,Excavator,Road,Cloudy,Wed,0,5
2025-03-19,S001,Bulldozer,Road,Cloudy,Wed,0,2
2025-03-19,S001,Crane,Road,Cloudy,Wed,0,1
2025-03-19,S001,Grader,Road,Cloudy,Wed,0,3
2025-03-19,S001,Loader,Road,Cloudy,Wed,0,3
2025-03-19,S001,Compactor,Road,Cloudy,Wed,0,4
2025-03-19,S002,Excavator,Mining,Sunny,Wed,0,2
2025-03-19,S002,Bulldozer,Mining,Sunny,Wed,0,6
2025-03-19,S002,Crane,Mining,Sunny,Wed,0,1
2025-03-19,S002,Grader,Mining,Sunny,Wed,0,2
2025-03-19,S002,Loader,Mining,Sunny,Wed,0,5
2025-03-19,S002,Compactor,Mining,Sunny,Wed,0,0
2025-03-19,S003,Excavator,Building,Sunny,Wed,0,2
2025-03-19,S003,Bulldozer,Building,Sunny,Wed,0,1
2025-03-19,S003,Crane,Building,Sunny,Wed,0,4
2025-03-19,S003,Grader,Building,Sunny,Wed,0,2
2025-03-19,S003,Loader,Building,Sunny,Wed,0,2
2025-03-19,S003,Compactor,Building,Sunny,Wed,0,3
2025-03-19,S004,Excavator,Highway,Sunny,Wed,0,6
2025-03-19,S004,Bulldozer,Highway,Sunny,Wed,0,4
2025-03-19,S004,Crane,Highway,Sunny,Wed,0,1
2025-03-19,S004,Grader,Highway,Sunny,Wed,0,4
2025-03-19,S004,Loader,Highway,Sunny,Wed,0,3
2025-03-19,S004,Compactor,Highway,Sunny,Wed,0,5
2025-03-19,S005,Excavator,Mining,Sunny,Wed,0,3
2025-03-19,S005,Bulldozer,Mining,Sunny,Wed,0,5
2025-03-19,S005,Crane,Mining,Sunny,Wed,0,2
2025-03-19,S005,Grader,Mining,Sunny,Wed,0,1
2025-03-19,S005,Loader,Mining,Sunny,Wed,0,5
2025-03-19,S005,Compactor,Mining,Sunny,Wed,0,1
2025-03-19,S006,Excavator,Road,Sunny,Wed,0,6
2025-03-19,S006,Bulldozer,Road,Sunny,Wed,0,1
2025-03-19,S006,Crane,Road,Sunny,Wed,0,2
2025-03-19,S006,Grader,Road,Sunny,Wed,0,5
2025-03-19,S006,Loader,Road,Sunny,Wed,0,4
2025-03-19,S006,Compactor,Road,Sunny,Wed,0,4
2025-03-20,S001,Excavator,Road,Sunny,Thu,0,5
2025-03-20,S001,Bulldozer,Road,Sunny,Thu,0,3
2025-03-20,S001,Crane,Road,Sunny,Thu,0,1
2025-03-20,S001,Grader,Road,Sunny,Thu,0,5
2025-03-20,S001,Loader,Road,Sunny,Thu,0,2
2025-03-20,S001,Compactor,Road,Sunny,Thu,0,4
2025-03-20,S002,Excavator,Mining,Cloudy,Thu,0,3
2025-03-20,S002,Bulldozer,Mining,Cloudy,Thu,0,5
2025-03-20,S002,Crane,Mining,Cloudy,Thu,0,1
2025-03-20,S002,Grader,Mining,Cloudy,Thu,0,0
2025-03-20,S002,Loader,Mining,Cloudy,Thu,0,4
2025-03-20,S002,Compactor,Mining,Cloudy,Thu,0,2
2025-03-20,S003,Excavator,Building,Cloudy,Thu,0,1
2025-03-20,S003,Bulldozer,Building,Cloudy,Thu,0,2
2025-03-20,S003,Crane,Building,Cloudy,Thu,0,3
2025-03-20,S003,Grader,Building,Cloudy,Thu,0,1
2025-03-20,S003,Loader,Building,Cloudy,Thu,0,3
2025-03-20,S003,Compactor,Building,Cloudy,Thu,0,1
2025-03-20,S004,Excavator,Highway,Cloudy,Thu,0,5
2025-03-20,S004,Bulldozer,Highway,Cloudy,Thu,0,2
2025-03-20,S004,Crane,Highway,Cloudy,Thu,0,1
2025-03-20,S004,Grader,Highway,Cloudy,Thu,0,4
2025-03-20,S004,Loader,Highway,Cloudy,Thu,0,2
2025-03-20,S004,Compactor,Highway,Cloudy,Thu,0,5
2025-03-20,S005,Excavator,Mining,Sunny,Thu,0,4
2025-03-20,S005,Bulldozer,Mining,Sunny,Thu,0,6
2025-03-20,S005,Crane,Mining,Sunny,Thu,0,1
2025-03-20,S005,Grader,Mining,Sunny,Thu,0,1
2025-03-20,S005,Loader,Mining,Sunny,Thu,0,4
2025-03-20,S005,Compactor,Mining,Sunny,Thu,0,1
2025-03-20,S006,Excavator,Road,Cloudy,Thu,0,4
2025-03-20,S006,Bulldozer,Road,Cloudy,Thu,0,2
2025-03-20,S006,Crane,Road,Cloudy,Thu,0,0
2025-03-20,S006,Grader,Road,Cloudy,Thu,0,3
2025-03-20,S006,Loader,Road,Cloudy,Thu,0,2
2025-03-20,S006,Compactor,Road,Cloudy,Thu,0,4
2025-03-21,S001,Excavator,Road,Sunny,Fri,0,5
2025-03-21,S001,Bulldozer,Road,Sunny,Fri,0,2
2025-03-21,S001,Crane,Road,Sunny,Fri,0,1
2025-03-21,S001,Grader,Road,Sunny,Fri,0,4
2025-03-21,S001,Loader,Road,Sunny,Fri,0,2
2025-03-21,S001,Compactor,Road,Sunny,Fri,0,3
2025-03-21,S002,Excavator,Mining,Cloudy,Fri,0,2
2025-03-21,S002,Bulldozer,Mining,Cloudy,Fri,0,6
2025-03-21,S002,Crane,Mining,Cloudy,Fri,0,2
2025-03-21,S002,Grader,Mining,Cloudy,Fri,0,1
2025-03-21,S002,Loader,Mining,Cloudy,Fri,0,4
2025-03-21,S002,Compactor,Mining,Cloudy,Fri,0,0
2025-03-21,S003,Excavator,Building,Cloudy,Fri,0,1
2025-03-21,S003,Bulldozer,Building,Cloudy,Fri,0,1
2025-03-21,S003,Crane,Building,Cloudy,Fri,0,4
2025-03-21,S003,Grader,Building,Cloudy,Fri,0,0
2025-03-21,S003,Loader,Building,Cloudy,Fri,0,2
2025-03-21,S003,Compactor,Building,Cloudy,Fri,0,1
2025-03-21,S004,Excavator,Highway,Sunny,Fri,0,5
2025-03-21,S004,Bulldozer,Highway,Sunny,Fri,0,3
2025-03-21,S004,Crane,Highway,Sunny,Fri,0,0
2025-03-21,S004,Grader,Highway,Sunny,Fri,0,5
2025-03-21,S004,Loader,Highway,Sunny,Fri,0,2
2025-03-21,S004,Compactor,Highway,Sunny,Fri,0,4
2025-03-21,S005,Excavator,Mining,Sunny,Fri,0,4
2025-03-21,S005,Bulldozer,Mining,Sunny,Fri,0,6
2025-03-21,S005,Crane,Mining,Sunny,Fri,0,3
2025-03-21,S005,Grader,Mining,Sunny,Fri,0,0
2025-03-21,S005,Loader,Mining,Sunny,Fri,0,6
2025-03-21,S005,Compactor,Mining,Sunny,Fri,0,1
2025-03-21,S006,Excavator,Road,Cloudy,Fri,0,4
2025-03-21,S006,Bulldozer,Road,Cloudy,Fri,0,2
2025-03-21,S006,Crane,Road,Cloudy,Fri,0,0
2025-03-21,S006,Grader,Road,Cloudy,Fri,0,4
2025-03-21,S006,Loader,Road,Cloudy,Fri,0,2
2025-03-21,S006,Compactor,Road,Cloudy,Fri,0,3
2025-03-22,S001,Excavator,Road,Sunny,Sat,1,2
2025-03-22,S001,Bulldozer,Road,Sunny,Sat,1,1
2025-03-22,S001,Crane,Road,Sunny,Sat,1,0
2025-03-22,S001,Grader,Road,Sunny,Sat,1,2
2025-03-22,S001,Loader,Road,Sunny,Sat,1,0
2025-03-22,S001,Compactor,Road,Sunny,Sat,1,2
2025-03-22,S002,Excavator,Mining,Sunny,Sat,1,1
2025-03-22,S002,Bulldozer,Mining,Sunny,Sat,1,3
2025-03-22,S002,Crane,Mining,Sunny,Sat,1,1
2025-03-22,S002,Grader,Mining,Sunny,Sat,1,0
2025-03-22,S002,Loader,Mining,Sunny,Sat,1,1
2025-03-22,S002,Compactor,Mining,Sunny,Sat,1,1
2025-03-22,S003,Excavator,Building,Cloudy,Sat,1,0
2025-03-22,S003,Bulldozer,Building,Cloudy,Sat,1,1
2025-03-22,S003,Crane,Building,Cloudy,Sat,1,2
2025-03-22,S003,Grader,Building,Cloudy,Sat,1,1
2025-03-22,S003,Loader,Building,Cloudy,Sat,1,0
2025-03-22,S003,Compactor,Building,Cloudy,Sat,1,1
2025-03-22,S004,Excavator,Highway,Sunny,Sat,1,3
2025-03-22,S004,Bulldozer,Highway,Sunny,Sat,1,0
2025-03-22,S004,Crane,Highway,Sunny,Sat,1,1
2025-03-22,S004,Grader,Highway,Sunny,Sat,1,2
2025-03-22,S004,Loader,Highway,Sunny,Sat,1,1
2025-03-22,S004,Compactor,Highway,Sunny,Sat,1,1
2025-03-22,S005,Excavator,Mining,Sunny,Sat,1,2
2025-03-22,S005,Bulldozer,Mining,Sunny,Sat,1,3
2025-03-22,S005,Crane,Mining,Sunny,Sat,1,0
2025-03-22,S005,Grader,Mining,Sunny,Sat,1,0
2025-03-22,S005,Loader,Mining,Sunny,Sat,1,1
2025-03-22,S005,Compactor,Mining,Sunny,Sat,1,0
2025-03-22,S006,Excavator,Road,Sunny,Sat,1,2
2025-03-22,S006,Bulldozer,Road,Sunny,Sat,1,2
2025-03-22,S006,Crane,Road,Sunny,Sat,1,1
2025-03-22,S006,Grader,Road,Sunny,Sat,1,2
2025-03-22,S006,Loader,Road,Sunny,Sat,1,1
2025-03-22,S006,Compactor,Road,Sunny,Sat,1,2
2025-03-23,S001,Excavator,Road,Cloudy,Sun,1,3
2025-03-23,S001,Bulldozer,Road,Cloudy,Sun,1,1
2025-03-23,S001,Crane,Road,Cloudy,Sun,1,1
2025-03-23,S001,Grader,Road,Cloudy,Sun,1,1
2025-03-23,S001,Loader,Road,Cloudy,Sun,1,1
2025-03-23,S001,Compactor,Road,Cloudy,Sun,1,2
2025-03-23,S002,Excavator,Mining,Cloudy,Sun,1,0
2025-03-23,S002,Bulldozer,Mining,Cloudy,Sun,1,2
2025-03-23,S002,Crane,Mining,Cloudy,Sun,1,0
2025-03-23,S002,Grader,Mining,Cloudy,Sun,1,0
2025-03-23,S002,Loader,Mining,Cloudy,Sun,1,3
2025-03-23,S002,Compactor,Mining,Cloudy,Sun,1,1
2025-03-23,S003,Excavator,Building,Rain,Sun,1,0
2025-03-23,S003,Bulldozer,Building,Rain,Sun,1,1
2025-03-23,S003,Crane,Building,Rain,Sun,1,2
2025-03-23,S003,Grader,Building,Rain,Sun,1,1
2025-03-23,S003,Loader,Building,Rain,Sun,1,1
2025-03-23,S003,Compactor,Building,Rain,Sun,1,1
2025-03-23,S004,Excavator,Highway,Cloudy,Sun,1,2
2025-03-23,S004,Bulldozer,Highway,Cloudy,Sun,1,1
2025-03-23,S004,Crane,Highway,Cloudy,Sun,1,1
2025-03-23,S004,Grader,Highway,Cloudy,Sun,1,2
2025-03-23,S004,Loader,Highway,Cloudy,Sun,1,2
2025-03-23,S004,Compactor,Highway,Cloudy,Sun,1,1
2025-03-23,S005,Excavator,Mining,Cloudy,Sun,1,1
2025-03-23,S005,Bulldozer,Mining,Cloudy,Sun,1,3
2025-03-23,S005,Crane,Mining,Cloudy,Sun,1,0
2025-03-23,S005,Grader,Mining,Cloudy,Sun,1,1
2025-03-23,S005,Loader,Mining,Cloudy,Sun,1,2
2025-03-23,S005,Compactor,Mining,Cloudy,Sun,1,0
2025-03-23,S006,Excavator,Road,Cloudy,Sun,1,1
2025-03-23,S006,Bulldozer,Road,Cloudy,Sun,1,0
2025-03-23,S006,Crane,Road,Cloudy,Sun,1,0
2025-03-23,S006,Grader,Road,Cloudy,Sun,1,1
2025-03-23,S006,Loader,Road,Cloudy,Sun,1,1
2025-03-23,S006,Compactor,Road,Cloudy,Sun,1,2
2025-03-24,S001,Excavator,Road,Rain,Mon,0,3
2025-03-24,S001,Bulldozer,Road,Rain,Mon,0,1
2025-03-24,S001,Crane,Road,Rain,Mon,0,1
2025-03-24,S001,Grader,Road,Rain,Mon,0,3
2025-03-24,S001,Loader,Road,Rain,Mon,0,2
2025-03-24,S001,Compactor,Road,Rain,Mon,0,3
2025-03-24,S002,Excavator,Mining,Cloudy,Mon,0,2
2025-03-24,S002,Bulldozer,Mining,Cloudy,Mon,0,4
2025-03-24,S002,Crane,Mining,Cloudy,Mon,0,2
2025-03-24,S002,Grader,Mining,Cloudy,Mon,0,2
2025-03-24,S002,Loader,Mining,Cloudy,Mon,0,4
2025-03-24,S002,Compactor,Mining,Cloudy,Mon,0,1
2025-03-24,S003,Excavator,Building,Cloudy,Mon,0,2
2025-03-24,S003,Bulldozer,Building,Cloudy,Mon,0,0
2025-03-24,S003,Crane,Building,Cloudy,Mon,0,4
2025-03-24,S003,Grader,Building,Cloudy,Mon,0,0
2025-03-24,S003,Loader,Building,Cloudy,Mon,0,1
2025-03-24,S003,Compactor,Building,Cloudy,Mon,0,2
2025-03-24,S004,Excavator,Highway,Sunny,Mon,0,5
2025-03-24,S004,Bulldozer,Highway,Sunny,Mon,0,3
2025-03-24,S004,Crane,Highway,Sunny,Mon,0,1
2025-03-24,S004,Grader,Highway,Sunny,Mon,0,4
2025-03-24,S004,Loader,Highway,Sunny,Mon,0,3
2025-03-24,S004,Compactor,Highway,Sunny,Mon,0,6
2025-03-24,S005,Excavator,Mining,Rain,Mon,0,1
2025-03-24,S005,Bulldozer,Mining,Rain,Mon,0,2
2025-03-24,S005,Crane,Mining,Rain,Mon,0,1
2025-03-24,S005,Grader,Mining,Rain,Mon,0,1
2025-03-24,S005,Loader,Mining,Rain,Mon,0,2
2025-03-24,S005,Compactor,Mining,Rain,Mon,0,1
2025-03-24,S006,Excavator,Road,Cloudy,Mon,0,3
2025-03-24,S006,Bulldozer,Road,Cloudy,Mon,0,2
2025-03-24,S006,Crane,Road,Cloudy,Mon,0,0
2025-03-24,S006,Grader,Road,Cloudy,Mon,0,4
2025-03-24,S006,Loader,Road,Cloudy,Mon,0,2
2025-03-24,S006,Compactor,Road,Cloudy,Mon,0,3
2025-03-25,S001,Excavator,Road,Cloudy,Tue,0,4
2025-03-25,S001,Bulldozer,Road,Cloudy,Tue,0,1
2025-03-25,S001,Crane,Road,Cloudy,Tue,0,2
2025-03-25,S001,Grader,Road,Cloudy,Tue,0,4
2025-03-25,S001,Loader,Road,Cloudy,Tue,0,3
2025-03-25,S001,Compactor,Road,Cloudy,Tue,0,3
2025-03-25,S002,Excavator,Mining,Sunny,Tue,0,4
2025-03-25,S002,Bulldozer,Mining,Sunny,Tue,0,6
2025-03-25,S002,Crane,Mining,Sunny,Tue,0,3
2025-03-25,S002,Grader,Mining,Sunny,Tue,0,0
2025-03-25,S002,Loader,Mining,Sunny,Tue,0,6
2025-03-25,S002,Compactor,Mining,Sunny,Tue,0,0
2025-03-25,S003,Excavator,Building,Sunny,Tue,0,1
2025-03-25,S003,Bulldozer,Building,Sunny,Tue,0,0
2025-03-25,S003,Crane,Building,Sunny,Tue,0,6
2025-03-25,S003,Grader,Building,Sunny,Tue,0,1
2025-03-25,S003,Loader,Building,Sunny,Tue,0,3
2025-03-25,S003,Compactor,Building,Sunny,Tue,0,2
2025-03-25,S004,Excavator,Highway,Sunny,Tue,0,4
2025-03-25,S004,Bulldozer,Highway,Sunny,Tue,0,3
2025-03-25,S004,Crane,Highway,Sunny,Tue,0,2
2025-03-25,S004,Grader,Highway,Sunny,Tue,0,5
2025-03-25,S004,Loader,Highway,Sunny,Tue,0,3
2025-03-25,S004,Compactor,Highway,Sunny,Tue,0,6
2025-03-25,S005,Excavator,Mining,Cloudy,Tue,0,3
2025-03-25,S005,Bulldozer,Mining,Cloudy,Tue,0,4
2025-03-25,S005,Crane,Mining,Cloudy,Tue,0,2
2025-03-25,S005,Grader,Mining,Cloudy,Tue,0,1
2025-03-25,S005,Loader,Mining,Cloudy,Tue,0,5
2025-03-25,S005,Compactor,Mining,Cloudy,Tue,0,1
2025-03-25,S006,Excavator,Road,Rain,Tue,0,3
2025-03-25,S006,Bulldozer,Road,Rain,Tue,0,1
2025-03-25,S006,Crane,Road,Rain,Tue,0,1
2025-03-25,S006,Grader,Road,Rain,Tue,0,2
2025-03-25,S006,Loader,Road,Rain,Tue,0,2
2025-03-25,S006,Compactor,Road,Rain,Tue,0,2
2025-03-26,S001,Excavator,Road,Sunny,Wed,0,6
2025-03-26,S001,Bulldozer,Road,Sunny,Wed,0,1
2025-03-26,S001,Crane,Road,Sunny,Wed,0,2
2025-03-26,S001,Grader,Road,Sunny,Wed,0,4
2025-03-26,S001,Loader,Road,Sunny,Wed,0,3
2025-03-26,S001,Compactor,Road,Sunny,Wed,0,4
2025-03-26,S002,Excavator,Mining,Cloudy,Wed,0,3
2025-03-26,S002,Bulldozer,Mining,Cloudy,Wed,0,6
2025-03-26,S002,Crane,Mining,Cloudy,Wed,0,2
2025-03-26,S002,Grader,Mining,Cloudy,Wed,0,0
2025-03-26,S002,Loader,Mining,Cloudy,Wed,0,4
2025-03-26,S002,Compactor,Mining,Cloudy,Wed,0,0
2025-03-26,S003,Excavator,Building,Cloudy,Wed,0,2
2025-03-26,S003,Bulldozer,Building,Cloudy,Wed,0,0
2025-03-26,S003,Crane,Building,Cloudy,Wed,0,4
2025-03-26,S003,Grader,Building,Cloudy,Wed,0,1
2025-03-26,S003,Loader,Building,Cloudy,Wed,0,1
2025-03-26,S003,Compactor,Building,Cloudy,Wed,0,1
2025-03-26,S004,Excavator,Highway,Rain,Wed,0,3
2025-03-26,S004,Bulldozer,Highway,Rain,Wed,0,1
2025-03-26,S004,Crane,Highway,Rain,Wed,0,1
2025-03-26,S004,Grader,Highway,Rain,Wed,0,2
2025-03-26,S004,Loader,Highway,Rain,Wed,0,2
2025-03-26,S004,Compactor,Highway,Rain,Wed,0,2
2025-03-26,S005,Excavator,Mining,Cloudy,Wed,0,3
2025-03-26,S005,Bulldozer,Mining,Cloudy,Wed,0,6
2025-03-26,S005,Crane,Mining,Cloudy,Wed,0,2
2025-03-26,S005,Grader,Mining,Cloudy,Wed,0,1
2025-03-26,S005,Loader,Mining,Cloudy,Wed,0,5
2025-03-26,S005,Compactor,Mining,Cloudy,Wed,0,1
2025-03-26,S006,Excavator,Road,Rain,Wed,0,2
2025-03-26,S006,Bulldozer,Road,Rain,Wed,0,0
2025-03-26,S006,Crane,Road,Rain,Wed,0,1
2025-03-26,S006,Grader,Road,Rain,Wed,0,3
2025-03-26,S006,Loader,Road,Rain,Wed,0,2
2025-03-26,S006,Compactor,Road,Rain,Wed,0,2
2025-03-27,S001,Excavator,Road,Sunny,Thu,0,5
2025-03-27,S001,Bulldozer,Road,Sunny,Thu,0,3
2025-03-27,S001,Crane,Road,Sunny,Thu,0,0
2025-03-27,S001,Grader,Road,Sunny,Thu,0,4
2025-03-27,S001,Loader,Road,Sunny,Thu,0,2
2025-03-27,S001,Compactor,Road,Sunny,Thu,0,4
2025-03-27,S002,Excavator,Mining,Sunny,Thu,0,3
2025-03-27,S002,Bulldozer,Mining,Sunny,Thu,0,6
2025-03-27,S002,Crane,Mining,Sunny,Thu,0,3
2025-03-27,S002,Grader,Mining,Sunny,Thu,0,2
2025-03-27,S002,Loader,Mining,Sunny,Thu,0,4
2025-03-27,S002,Compactor,Mining,Sunny,Thu,0,1
2025-03-27,S003,Excavator,Building,Cloudy,Thu,0,1
2025-03-27,S003,Bulldozer,Building,Cloudy,Thu,0,0
2025-03-27,S003,Crane,Building,Cloudy,Thu,0,4
2025-03-27,S003,Grader,Building,Cloudy,Thu,0,0
2025-03-27,S003,Loader,Building,Cloudy,Thu,0,1
2025-03-27,S003,Compactor,Building,Cloudy,Thu,0,1
2025-03-27,S004,Excavator,Highway,Sunny,Thu,0,6
2025-03-27,S004,Bulldozer,Highway,Sunny,Thu,0,3
2025-03-27,S004,Crane,Highway,Sunny,Thu,0,0
2025-03-27,S004,Grader,Highway,Sunny,Thu,0,6
2025-03-27,S004,Loader,Highway,Sunny,Thu,0,3
2025-03-27,S004,Compactor,Highway,Sunny,Thu,0,6
2025-03-27,S005,Excavator,Mining,Rain,Thu,0,2
2025-03-27,S005,Bulldozer,Mining,Rain,Thu,0,3
2025-03-27,S005,Crane,Mining,Rain,Thu,0,0
2025-03-27,S005,Grader,Mining,Rain,Thu,0,1
2025-03-27,S005,Loader,Mining,Rain,Thu,0,2
2025-03-27,S005,Compactor,Mining,Rain,Thu,0,1
2025-03-27,S006,Excavator,Road,Rain,Thu,0,3
2025-03-27,S006,Bulldozer,Road,Rain,Thu,0,1
2025-03-27,S006,Crane,Road,Rain,Thu,0,0
2025-03-27,S006,Grader,Road,Rain,Thu,0,3
2025-03-27,S006,Loader,Road,Rain,Thu,0,2
2025-03-27,S006,Compactor,Road,Rain,Thu,0,2
2025-03-28,S001,Excavator,Road,Rain,Fri,0,2
2025-03-28,S001,Bulldozer,Road,Rain,Fri,0,2
2025-03-28,S001,Crane,Road,Rain,Fri,0,0
2025-03-28,S001,Grader,Road,Rain,Fri,0,3
2025-03-28,S001,Loader,Road,Rain,Fri,0,2
2025-03-28,S001,Compactor,Road,Rain,Fri,0,2
2025-03-28,S002,Excavator,Mining,Cloudy,Fri,0,2
2025-03-28,S002,Bulldozer,Mining,Cloudy,Fri,0,5
2025-03-28,S002,Crane,Mining,Cloudy,Fri,0,1
2025-03-28,S002,Grader,Mining,Cloudy,Fri,0,1
2025-03-28,S002,Loader,Mining,Cloudy,Fri,0,5
2025-03-28,S002,Compactor,Mining,Cloudy,Fri,0,1
2025-03-28,S003,Excavator,Building,Sunny,Fri,0,3
2025-03-28,S003,Bulldozer,Building,Sunny,Fri,0,0
2025-03-28,S003,Crane,Building,Sunny,Fri,0,5
2025-03-28,S003,Grader,Building,Sunny,Fri,0,1
2025-03-28,S003,Loader,Building,Sunny,Fri,0,3
2025-03-28,S003,Compactor,Building,Sunny,Fri,0,2
2025-03-28,S004,Excavator,Highway,Rain,Fri,0,3
2025-03-28,S004,Bulldozer,Highway,Rain,Fri,0,1
2025-03-28,S004,Crane,Highway,Rain,Fri,0,1
2025-03-28,S004,Grader,Highway,Rain,Fri,0,3
2025-03-28,S004,Loader,Highway,Rain,Fri,0,1
2025-03-28,S004,Compactor,Highway,Rain,Fri,0,2
2025-03-28,S005,Excavator,Mining,Cloudy,Fri,0,2
2025-03-28,S005,Bulldozer,Mining,Cloudy,Fri,0,4
2025-03-28,S005,Crane,Mining,Cloudy,Fri,0,2
2025-03-28,S005,Grader,Mining,Cloudy,Fri,0,1
2025-03-28,S005,Loader,Mining,Cloudy,Fri,0,4
2025-03-28,S005,Compactor,Mining,Cloudy,Fri,0,1
2025-03-28,S006,Excavator,Road,Cloudy,Fri,0,4
2025-03-28,S006,Bulldozer,Road,Cloudy,Fri,0,1
2025-03-28,S006,Crane,Road,Cloudy,Fri,0,0
2025-03-28,S006,Grader,Road,Cloudy,Fri,0,3
2025-03-28,S006,Loader,Road,Cloudy,Fri,0,3
2025-03-28,S006,Compactor,Road,Cloudy,Fri,0,4
2025-03-29,S001,Excavator,Road,Rain,Sat,1,1
2025-03-29,S001,Bulldozer,Road,Rain,Sat,1,0
2025-03-29,S001,Crane,Road,Rain,Sat,1,0
2025-03-29,S001,Grader,Road,Rain,Sat,1,0
2025-03-29,S001,Loader,Road,Rain,Sat,1,1
2025-03-29,S001,Compactor,Road,Rain,Sat,1,1
2025-03-29,S002,Excavator,Mining,Cloudy,Sat,1,0
2025-03-29,S002,Bulldozer,Mining,Cloudy,Sat,1,2
2025-03-29,S002,Crane,Mining,Cloudy,Sat,1,1
2025-03-29,S002,Grader,Mining,Cloudy,Sat,1,0
2025-03-29,S002,Loader,Mining,Cloudy,Sat,1,2
2025-03-29,S002,Compactor,Mining,Cloudy,Sat,1,1
2025-03-29,S003,Excavator,Building,Rain,Sat,1,1
2025-03-29,S003,Bulldozer,Building,Rain,Sat,1,0
2025-03-29,S003,Crane,Building,Rain,Sat,1,2
2025-03-29,S003,Grader,Building,Rain,Sat,1,0
2025-03-29,S003,Loader,Building,Rain,Sat,1,1
2025-03-29,S003,Compactor,Building,Rain,Sat,1,1
2025-03-29,S004,Excavator,Highway,Rain,Sat,1,1
2025-03-29,S004,Bulldozer,Highway,Rain,Sat,1,0
2025-03-29,S004,Crane,Highway,Rain,Sat,1,0
2025-03-29,S004,Grader,Highway,Rain,Sat,1,2
2025-03-29,S004,Loader,Highway,Rain,Sat,1,0
2025-03-29,S004,Compactor,Highway,Rain,Sat,1,0
2025-03-29,S005,Excavator,Mining,Sunny,Sat,1,0
2025-03-29,S005,Bulldozer,Mining,Sunny,Sat,1,3
2025-03-29,S005,Crane,Mining,Sunny,Sat,1,2
2025-03-29,S005,Grader,Mining,Sunny,Sat,1,1
2025-03-29,S005,Loader,Mining,Sunny,Sat,1,2
2025-03-29,S005,Compactor,Mining,Sunny,Sat,1,1
2025-03-29,S006,Excavator,Road,Sunny,Sat,1,3
2025-03-29,S006,Bulldozer,Road,Sunny,Sat,1,0
2025-03-29,S006,Crane,Road,Sunny,Sat,1,0
2025-03-29,S006,Grader,Road,Sunny,Sat,1,2
2025-03-29,S006,Loader,Road,Sunny,Sat,1,0
2025-03-29,S006,Compactor,Road,Sunny,Sat,1,1
2025-03-30,S001,Excavator,Road,Sunny,Sun,1,2
2025-03-30,S001,Bulldozer,Road,Sunny,Sun,1,1
2025-03-30,S001,Crane,Road,Sunny,Sun,1,1
2025-03-30,S001,Grader,Road,Sunny,Sun,1,1
2025-03-30,S001,Loader,Road,Sunny,Sun,1,2
2025-03-30,S001,Compactor,Road,Sunny,Sun,1,1
2025-03-30,S002,Excavator,Mining,Sunny,Sun,1,1
2025-03-30,S002,Bulldozer,Mining,Sunny,Sun,1,2
2025-03-30,S002,Crane,Mining,Sunny,Sun,1,0
2025-03-30,S002,Grader,Mining,Sunny,Sun,1,1
2025-03-30,S002,Loader,Mining,Sunny,Sun,1,1
2025-03-30,S002,Compactor,Mining,Sunny,Sun,1,1
2025-03-30,S003,Excavator,Building,Sunny,Sun,1,1
2025-03-30,S003,Bulldozer,Building,Sunny,Sun,1,1
2025-03-30,S003,Crane,Building,Sunny,Sun,1,2
2025-03-30,S003,Grader,Building,Sunny,Sun,1,0
2025-03-30,S003,Loader,Building,Sunny,Sun,1,1
2025-03-30,S003,Compactor,Building,Sunny,Sun,1,0
2025-03-30,S004,Excavator,Highway,Sunny,Sun,1,2
2025-03-30,S004,Bulldozer,Highway,Sunny,Sun,1,0
2025-03-30,S004,Crane,Highway,Sunny,Sun,1,1
2025-03-30,S004,Grader,Highway,Sunny,Sun,1,2
2025-03-30,S004,Loader,Highway,Sunny,Sun,1,1
2025-03-30,S004,Compactor,Highway,Sunny,Sun,1,2
2025-03-30,S005,Excavator,Mining,Sunny,Sun,1,1
2025-03-30,S005,Bulldozer,Mining,Sunny,Sun,1,2
2025-03-30,S005,Crane,Mining,Sunny,Sun,1,2
2025-03-30,S005,Grader,Mining,Sunny,Sun,1,1
2025-03-30,S005,Loader,Mining,Sunny,Sun,1,3
2025-03-30,S005,Compactor,Mining,Sunny,Sun,1,1
2025-03-30,S006,Excavator,Road,Sunny,Sun,1,3
2025-03-30,S006,Bulldozer,Road,Sunny,Sun,1,0
2025-03-30,S006,Crane,Road,Sunny,Sun,1,0
2025-03-30,S006,Grader,Road,Sunny,Sun,1,1
2025-03-30,S006,Loader,Road,Sunny,Sun,1,1
2025-03-30,S006,Compactor,Road,Sunny,Sun,1,2
2025-03-31,S001,Excavator,Road,Rain,Mon,0,2
2025-03-31,S001,Bulldozer,Road,Rain,Mon,0,1
2025-03-31,S001,Crane,Road,Rain,Mon,0,0
2025-03-31,S001,Grader,Road,Rain,Mon,0,2
2025-03-31,S001,Loader,Road,Rain,Mon,0,1
2025-03-31,S001,Compactor,Road,Rain,Mon,0,1
2025-03-31,S002,Excavator,Mining,Rain,Mon,0,2
2025-03-31,S002,Bulldozer,Mining,Rain,Mon,0,3
2025-03-31,S002,Crane,Mining,Rain,Mon,0,0
2025-03-31,S002,Grader,Mining,Rain,Mon,0,1
2025-03-31,S002,Loader,Mining,Rain,Mon,0,2
2025-03-31,S002,Compactor,Mining,Rain,Mon,0,0
2025-03-31,S003,Excavator,Building,Sunny,Mon,0,2
2025-03-31,S003,Bulldozer,Building,Sunny,Mon,0,2
2025-03-31,S003,Crane,Building,Sunny,Mon,0,5
2025-03-31,S003,Grader,Building,Sunny,Mon,0,2
2025-03-31,S003,Loader,Building,Sunny,Mon,0,3
2025-03-31,S003,Compactor,Building,Sunny,Mon,0,2
2025-03-31,S004,Excavator,Highway,Rain,Mon,0,2
2025-03-31,S004,Bulldozer,Highway,Rain,Mon,0,1
2025-03-31,S004,Crane,Highway,Rain,Mon,0,0
2025-03-31,S004,Grader,Highway,Rain,Mon,0,3
2025-03-31,S004,Loader,Highway,Rain,Mon,0,2
2025-03-31,S004,Compactor,Highway,Rain,Mon,0,3
2025-03-31,S005,Excavator,Mining,Sunny,Mon,0,3
2025-03-31,S005,Bulldozer,Mining,Sunny,Mon,0,5
2025-03-31,S005,Crane,Mining,Sunny,Mon,0,2
2025-03-31,S005,Grader,Mining,Sunny,Mon,0,2
2025-03-31,S005,Loader,Mining,Sunny,Mon,0,5
2025-03-31,S005,Compactor,Mining,Sunny,Mon,0,0
2025-03-31,S006,Excavator,Road,Sunny,Mon,0,5
2025-03-31,S006,Bulldozer,Road,Sunny,Mon,0,3
2025-03-31,S006,Crane,Road,Sunny,Mon,0,2
2025-03-31,S006,Grader,Road,Sunny,Mon,0,4
2025-03-31,S006,Loader,Road,Sunny,Mon,0,2
2025-03-31,S006,Compactor,Road,Sunny,Mon,0,3
2025-04-01,S001,Excavator,Road,Sunny,Tue,0,6
2025-04-01,S001,Bulldozer,Road,Sunny,Tue,0,2
2025-04-01,S001,Crane,Road,Sunny,Tue,0,2
2025-04-01,S001,Grader,Road,Sunny,Tue,0,5
2025-04-01,S001,Loader,Road,Sunny,Tue,0,4
2025-04-01,S001,Compactor,Road,Sunny,Tue,0,4
2025-04-01,S002,Excavator,Mining,Cloudy,Tue,0,2
2025-04-01,S002,Bulldozer,Mining,Cloudy,Tue,0,4
2025-04-01,S002,Crane,Mining,Cloudy,Tue,0,2
2025-04-01,S002,Grader,Mining,Cloudy,Tue,0,1
2025-04-01,S002,Loader,Mining,Cloudy,Tue,0,4
2025-04-01,S002,Compactor,Mining,Cloudy,Tue,0,0
2025-04-01,S003,Excavator,Building,Sunny,Tue,0,3
2025-04-01,S003,Bulldozer,Building,Sunny,Tue,0,1
2025-04-01,S003,Crane,Building,Sunny,Tue,0,6
2025-04-01,S003,Grader,Building,Sunny,Tue,0,2
2025-04-01,S003,Loader,Building,Sunny,Tue,0,2
2025-04-01,S003,Compactor,Building,Sunny,Tue,0,2
2025-04-01,S004,Excavator,Highway,Sunny,Tue,0,6
2025-04-01,S004,Bulldozer,Highway,Sunny,Tue,0,4
2025-04-01,S004,Crane,Highway,Sunny,Tue,0,0
2025-04-01,S004,Grader,Highway,Sunny,Tue,0,4
2025-04-01,S004,Loader,Highway,Sunny,Tue,0,2
2025-04-01,S004,Compactor,Highway,Sunny,Tue,0,5
2025-04-01,S005,Excavator,Mining,Sunny,Tue,0,2
2025-04-01,S005,Bulldozer,Mining,Sunny,Tue,0,7
2025-04-01,S005,Crane,Mining,Sunny,Tue,0,3
2025-04-01,S005,Grader,Mining,Sunny,Tue,0,1
2025-04-01,S005,Loader,Mining,Sunny,Tue,0,4
2025-04-01,S005,Compactor,Mining,Sunny,Tue,0,2
2025-04-01,S006,Excavator,Road,Sunny,Tue,0,4
2025-04-01,S006,Bulldozer,Road,Sunny,Tue,0,2
2025-04-01,S006,Crane,Road,Sunny,Tue,0,1
2025-04-01,S006,Grader,Road,Sunny,Tue,0,5
2025-04-01,S006,Loader,Road,Sunny,Tue,0,3
2025-04-01,S006,Compactor,Road,Sunny,Tue,0,4
2025-04-02,S001,Excavator,Road,Sunny,Wed,0,4
2025-04-02,S001,Bulldozer,Road,Sunny,Wed,0,3
2025-04-02,S001,Crane,Road,Sunny,Wed,0,1
2025-04-02,S001,Grader,Road,Sunny,Wed,0,3
2025-04-02,S001,Loader,Road,Sunny,Wed,0,3
2025-04-02,S001,Compactor,Road,Sunny,Wed,0,3
2025-04-02,S002,Excavator,Mining,Sunny,Wed,0,3
2025-04-02,S002,Bulldozer,Mining,Sunny,Wed,0,6
2025-04-02,S002,Crane,Mining,Sunny,Wed,0,2
2025-04-02,S002,Grader,Mining,Sunny,Wed,0,1
2025-04-02,S002,Loader,Mining,Sunny,Wed,0,5
2025-04-02,S002,Compactor,Mining,Sunny,Wed,0,0
2025-04-02,S003,Excavator,Building,Rain,Wed,0,0
2025-04-02,S003,Bulldozer,Building,Rain,Wed,0,0
2025-04-02,S003,Crane,Building,Rain,Wed,0,2
2025-04-02,S003,Grader,Building,Rain,Wed,0,1
2025-04-02,S003,Loader,Building,Rain,Wed,0,1
2025-04-02,S003,Compactor,Building,Rain,Wed,0,0
2025-04-02,S004,Excavator,Highway,Rain,Wed,0,3
2025-04-02,S004,Bulldozer,Highway,Rain,Wed,0,1
2025-04-02,S004,Crane,Highway,Rain,Wed,0,0
2025-04-02,S004,Grader,Highway,Rain,Wed,0,3
2025-04-02,S004,Loader,Highway,Rain,Wed,0,2
2025-04-02,S004,Compactor,Highway,Rain,Wed,0,2
2025-04-02,S005,Excavator,Mining,Sunny,Wed,0,4
2025-04-02,S005,Bulldozer,Mining,Sunny,Wed,0,5
2025-04-02,S005,Crane,Mining,Sunny,Wed,0,2
2025-04-02,S005,Grader,Mining,Sunny,Wed,0,2
2025-04-02,S005,Loader,Mining,Sunny,Wed,0,6
2025-04-02,S005,Compactor,Mining,Sunny,Wed,0,1
2025-04-02,S006,Excavator,Road,Rain,Wed,0,2
2025-04-02,S006,Bulldozer,Road,Rain,Wed,0,0
2025-04-02,S006,Crane,Road,Rain,Wed,0,1
2025-04-02,S006,Grader,Road,Rain,Wed,0,3
2025-04-02,S006,Loader,Road,Rain,Wed,0,1
2025-04-02,S006,Compactor,Road,Rain,Wed,0,1
2025-04-03,S001,Excavator,Road,Sunny,Thu,0,6
2025-04-03,S001,Bulldozer,Road,Sunny,Thu,0,1
2025-04-03,S001,Crane,Road,Sunny,Thu,0,1
2025-04-03,S001,Grader,Road,Sunny,Thu,0,5
2025-04-03,S001,Loader,Road,Sunny,Thu,0,3
2025-04-03,S001,Compactor,Road,Sunny,Thu,0,5
2025-04-03,S002,Excavator,Mining,Sunny,Thu,0,2
2025-04-03,S002,Bulldozer,Mining,Sunny,Thu,0,5
2025-04-03,S002,Crane,Mining,Sunny,Thu,0,3
2025-04-03,S002,Grader,Mining,Sunny,Thu,0,0
2025-04-03,S002,Loader,Mining,Sunny,Thu,0,6
2025-04-03,S002,Compactor,Mining,Sunny,Thu,0,1
2025-04-03,S003,Excavator,Building,Sunny,Thu,0,3
2025-04-03,S003,Bulldozer,Building,Sunny,Thu,0,0
2025-04-03,S003,Crane,Building,Sunny,Thu,0,5
2025-04-03,S003,Grader,Building,Sunny,Thu,0,0
2025-04-03,S003,Loader,Building,Sunny,Thu,0,3
2025-04-03,S003,Compactor,Building,Sunny,Thu,0,3
2025-04-03,S004,Excavator,Highway,Cloudy,Thu,0,3
2025-04-03,S004,Bulldozer,Highway,Cloudy,Thu,0,3
2025-04-03,S004,Crane,Highway,Cloudy,Thu,0,1
2025-04-03,S004,Grader,Highway,Cloudy,Thu,0,5
2025-04-03,S004,Loader,Highway,Cloudy,Thu,0,3
2025-04-03,S004,Compactor,Highway,Cloudy,Thu,0,4
2025-04-03,S005,Excavator,Mining,Sunny,Thu,0,4
2025-04-03,S005,Bulldozer,Mining,Sunny,Thu,0,5
2025-04-03,S005,Crane,Mining,Sunny,Thu,0,1
2025-04-03,S005,Grader,Mining,Sunny,Thu,0,1
2025-04-03,S005,Loader,Mining,Sunny,Thu,0,5
2025-04-03,S005,Compactor,Mining,Sunny,Thu,0,1
2025-04-03,S006,Excavator,Road,Sunny,Thu,0,5
2025-04-03,S006,Bulldozer,Road,Sunny,Thu,0,1
2025-04-03,S006,Crane,Road,Sunny,Thu,0,2
2025-04-03,S006,Grader,Road,Sunny,Thu,0,5
2025-04-03,S006,Loader,Road,Sunny,Thu,0,3
2025-04-03,S006,Compactor,Road,Sunny,Thu,0,3
2025-04-04,S001,Excavator,Road,Rain,Fri,0,2
2025-04-04,S001,Bulldozer,Road,Rain,Fri,0,1
2025-04-04,S001,Crane,Road,Rain,Fri,0,0
2025-04-04,S001,Grader,Road,Rain,Fri,0,3
2025-04-04,S001,Loader,Road,Rain,Fri,0,2
2025-04-04,S001,Compactor,Road,Rain,Fri,0,2
2025-04-04,S002,Excavator,Mining,Sunny,Fri,0,3
2025-04-04,S002,Bulldozer,Mining,Sunny,Fri,0,7
2025-04-04,S002,Crane,Mining,Sunny,Fri,0,3
2025-04-04,S002,Grader,Mining,Sunny,Fri,0,0
2025-04-04,S002,Loader,Mining,Sunny,Fri,0,5
2025-04-04,S002,Compactor,Mining,Sunny,Fri,0,1
2025-04-04,S003,Excavator,Building,Cloudy,Fri,0,1
2025-04-04,S003,Bulldozer,Building,Cloudy,Fri,0,1
2025-04-04,S003,Crane,Building,Cloudy,Fri,0,5
2025-04-04,S003,Grader,Building,Cloudy,Fri,0,1
2025-04-04,S003,Loader,Building,Cloudy,Fri,0,1
2025-04-04,S003,Compactor,Building,Cloudy,Fri,0,1
2025-04-04,S004,Excavator,Highway,Sunny,Fri,0,5
2025-04-04,S004,Bulldozer,Highway,Sunny,Fri,0,3
2025-04-04,S004,Crane,Highway,Sunny,Fri,0,1
2025-04-04,S004,Grader,Highway,Sunny,Fri,0,5
2025-04-04,S004,Loader,Highway,Sunny,Fri,0,3
2025-04-04,S004,Compactor,Highway,Sunny,Fri,0,5
2025-04-04,S005,Excavator,Mining,Rain,Fri,0,2
2025-04-04,S005,Bulldozer,Mining,Rain,Fri,0,3
2025-04-04,S005,Crane,Mining,Rain,Fri,0,2
2025-04-04,S005,Grader,Mining,Rain,Fri,0,1
2025-04-04,S005,Loader,Mining,Rain,Fri,0,3
2025-04-04,S005,Compactor,Mining,Rain,Fri,0,1
2025-04-04,S006,Excavator,Road,Sunny,Fri,0,5
2025-04-04,S006,Bulldozer,Road,Sunny,Fri,0,3
2025-04-04,S006,Crane,Road,Sunny,Fri,0,1
2025-04-04,S006,Grader,Road,Sunny,Fri,0,5
2025-04-04,S006,Loader,Road,Sunny,Fri,0,2
2025-04-04,S006,Compactor,Road,Sunny,Fri,0,5
2025-04-05,S001,Excavator,Road,Sunny,Sat,1,2
2025-04-05,S001,Bulldozer,Road,Sunny,Sat,1,0
2025-04-05,S001,Crane,Road,Sunny,Sat,1,0
2025-04-05,S001,Grader,Road,Sunny,Sat,1,1
2025-04-05,S001,Loader,Road,Sunny,Sat,1,1
2025-04-05,S001,Compactor,Road,Sunny,Sat,1,1
2025-04-05,S002,Excavator,Mining,Sunny,Sat,1,2
2025-04-05,S002,Bulldozer,Mining,Sunny,Sat,1,3
2025-04-05,S002,Crane,Mining,Sunny,Sat,1,2
2025-04-05,S002,Grader,Mining,Sunny,Sat,1,1
2025-04-05,S002,Loader,Mining,Sunny,Sat,1,3
2025-04-05,S002,Compactor,Mining,Sunny,Sat,1,1
2025-04-05,S003,Excavator,Building,Cloudy,Sat,1,0
2025-04-05,S003,Bulldozer,Building,Cloudy,Sat,1,0
2025-04-05,S003,Crane,Building,Cloudy,Sat,1,2
2025-04-05,S003,Grader,Building,Cloudy,Sat,1,0
2025-04-05,S003,Loader,Building,Cloudy,Sat,1,0
2025-04-05,S003,Compactor,Building,Cloudy,Sat,1,1
2025-04-05,S004,Excavator,Highway,Cloudy,Sat,1,1
2025-04-05,S004,Bulldozer,Highway,Cloudy,Sat,1,2
2025-04-05,S004,Crane,Highway,Cloudy,Sat,1,1
2025-04-05,S004,Grader,Highway,Cloudy,Sat,1,2
2025-04-05,S004,Loader,Highway,Cloudy,Sat,1,2
2025-04-05,S004,Compactor,Highway,Cloudy,Sat,1,2
2025-04-05,S005,Excavator,Mining,Sunny,Sat,1,2
2025-04-05,S005,Bulldozer,Mining,Sunny,Sat,1,2
2025-04-05,S005,Crane,Mining,Sunny,Sat,1,1
2025-04-05,S005,Grader,Mining,Sunny,Sat,1,0
2025-04-05,S005,Loader,Mining,Sunny,Sat,1,2
2025-04-05,S005,Compactor,Mining,Sunny,Sat,1,1
2025-04-05,S006,Excavator,Road,Sunny,Sat,1,2
2025-04-05,S006,Bulldozer,Road,Sunny,Sat,1,1
2025-04-05,S006,Crane,Road,Sunny,Sat,1,0
2025-04-05,S006,Grader,Road,Sunny,Sat,1,2
2025-04-05,S006,Loader,Road,Sunny,Sat,1,1
2025-04-05,S006,Compactor,Road,Sunny,Sat,1,2
2025-04-06,S001,Excavator,Road,Rain,Sun,1,2
2025-04-06,S001,Bulldozer,Road,Rain,Sun,1,0
2025-04-06,S001,Crane,Road,Rain,Sun,1,0
2025-04-06,S001,Grader,Road,Rain,Sun,1,0
2025-04-06,S001,Loader,Road,Rain,Sun,1,1
2025-04-06,S001,Compactor,Road,Rain,Sun,1,0
2025-04-06,S002,Excavator,Mining,Sunny,Sun,1,2
2025-04-06,S002,Bulldozer,Mining,Sunny,Sun,1,3
2025-04-06,S002,Crane,Mining,Sunny,Sun,1,0
2025-04-06,S002,Grader,Mining,Sunny,Sun,1,0
2025-04-06,S002,Loader,Mining,Sunny,Sun,1,2
2025-04-06,S002,Compactor,Mining,Sunny,Sun,1,1
2025-04-06,S003,Excavator,Building,Rain,Sun,1,1
2025-04-06,S003,Bulldozer,Building,Rain,Sun,1,0
2025-04-06,S003,Crane,Building,Rain,Sun,1,1
2025-04-06,S003,Grader,Building,Rain,Sun,1,0
2025-04-06,S003,Loader,Building,Rain,Sun,1,1
2025-04-06,S003,Compactor,Building,Rain,Sun,1,0
2025-04-06,S004,Excavator,Highway,Sunny,Sun,1,3
2025-04-06,S004,Bulldozer,Highway,Sunny,Sun,1,1
2025-04-06,S004,Crane,Highway,Sunny,Sun,1,1
2025-04-06,S004,Grader,Highway,Sunny,Sun,1,2
2025-04-06,S004,Loader,Highway,Sunny,Sun,1,1
2025-04-06,S004,Compactor,Highway,Sunny,Sun,1,2
2025-04-06,S005,Excavator,Mining,Sunny,Sun,1,0
2025-04-06,S005,Bulldozer,Mining,Sunny,Sun,1,2
2025-04-06,S005,Crane,Mining,Sunny,Sun,1,0
2025-04-06,S005,Grader,Mining,Sunny,Sun,1,0
2025-04-06,S005,Loader,Mining,Sunny,Sun,1,1
2025-04-06,S005,Compactor,Mining,Sunny,Sun,1,0
2025-04-06,S006,Excavator,Road,Sunny,Sun,1,3
2025-04-06,S006,Bulldozer,Road,Sunny,Sun,1,1
2025-04-06,S006,Crane,Road,Sunny,Sun,1,0
2025-04-06,S006,Grader,Road,Sunny,Sun,1,2
2025-04-06,S006,Loader,Road,Sunny,Sun,1,1
2025-04-06,S006,Compactor,Road,Sunny,Sun,1,1
2025-04-07,S001,Excavator,Road,Sunny,Mon,0,5
2025-04-07,S001,Bulldozer,Road,Sunny,Mon,0,2
2025-04-07,S001,Crane,Road,Sunny,Mon,0,1
2025-04-07,S001,Grader,Road,Sunny,Mon,0,4
2025-04-07,S001,Loader,Road,Sunny,Mon,0,2
2025-04-07,S001,Compactor,Road,Sunny,Mon,0,5
2025-04-07,S002,Excavator,Mining,Sunny,Mon,0,4
2025-04-07,S002,Bulldozer,Mining,Sunny,Mon,0,5
2025-04-07,S002,Crane,Mining,Sunny,Mon,0,3
2025-04-07,S002,Grader,Mining,Sunny,Mon,0,0
2025-04-07,S002,Loader,Mining,Sunny,Mon,0,6
2025-04-07,S002,Compactor,Mining,Sunny,Mon,0,2
2025-04-07,S003,Excavator,Building,Rain,Mon,0,1
2025-04-07,S003,Bulldozer,Building,Rain,Mon,0,0
2025-04-07,S003,Crane,Building,Rain,Mon,0,2
2025-04-07,S003,Grader,Building,Rain,Mon,0,1
2025-04-07,S003,Loader,Building,Rain,Mon,0,0
2025-04-07,S003,Compactor,Building,Rain,Mon,0,1
2025-04-07,S004,Excavator,Highway,Sunny,Mon,0,5
2025-04-07,S004,Bulldozer,Highway,Sunny,Mon,0,2
2025-04-07,S004,Crane,Highway,Sunny,Mon,0,0
2025-04-07,S004,Grader,Highway,Sunny,Mon,0,4
2025-04-07,S004,Loader,Highway,Sunny,Mon,0,4
2025-04-07,S004,Compactor,Highway,Sunny,Mon,0,5
2025-04-07,S005,Excavator,Mining,Rain,Mon,0,2
2025-04-07,S005,Bulldozer,Mining,Rain,Mon,0,2
2025-04-07,S005,Crane,Mining,Rain,Mon,0,0
2025-04-07,S005,Grader,Mining,Rain,Mon,0,0
2025-04-07,S005,Loader,Mining,Rain,Mon,0,3
2025-04-07,S005,Compactor,Mining,Rain,Mon,0,0
2025-04-07,S006,Excavator,Road,Cloudy,Mon,0,4
2025-04-07,S006,Bulldozer,Road,Cloudy,Mon,0,2
2025-04-07,S006,Crane,Road,Cloudy,Mon,0,0
2025-04-07,S006,Grader,Road,Cloudy,Mon,0,4
2025-04-07,S006,Loader,Road,Cloudy,Mon,0,2
2025-04-07,S006,Compactor,Road,Cloudy,Mon,0,3
2025-04-08,S001,Excavator,Road,Sunny,Tue,0,4
2025-04-08,S001,Bulldozer,Road,Sunny,Tue,0,1
2025-04-08,S001,Crane,Road,Sunny,Tue,0,2
2025-04-08,S001,Grader,Road,Sunny,Tue,0,4
2025-04-08,S001,Loader,Road,Sunny,Tue,0,3
2025-04-08,S001,Compactor,Road,Sunny,Tue,0,5
2025-04-08,S002,Excavator,Mining,Sunny,Tue,0,2
2025-04-08,S002,Bulldozer,Mining,Sunny,Tue,0,5
2025-04-08,S002,Crane,Mining,Sunny,Tue,0,2
2025-04-08,S002,Grader,Mining,Sunny,Tue,0,1
2025-04-08,S002,Loader,Mining,Sunny,Tue,0,5
2025-04-08,S002,Compactor,Mining,Sunny,Tue,0,1
2025-04-08,S003,Excavator,Building,Cloudy,Tue,0,1
2025-04-08,S003,Bulldozer,Building,Cloudy,Tue,0,1
2025-04-08,S003,Crane,Building,Cloudy,Tue,0,5
2025-04-08,S003,Grader,Building,Cloudy,Tue,0,0
2025-04-08,S003,Loader,Building,Cloudy,Tue,0,1
2025-04-08,S003,Compactor,Building,Cloudy,Tue,0,2
2025-04-08,S004,Excavator,Highway,Sunny,Tue,0,5
2025-04-08,S004,Bulldozer,Highway,Sunny,Tue,0,3
2025-04-08,S004,Crane,Highway,Sunny,Tue,0,0
2025-04-08,S004,Grader,Highway,Sunny,Tue,0,4
2025-04-08,S004,Loader,Highway,Sunny,Tue,0,3
2025-04-08,S004,Compactor,Highway,Sunny,Tue,0,4
2025-04-08,S005,Excavator,Mining,Sunny,Tue,0,3
2025-04-08,S005,Bulldozer,Mining,Sunny,Tue,0,5
2025-04-08,S005,Crane,Mining,Sunny,Tue,0,1
2025-04-08,S005,Grader,Mining,Sunny,Tue,0,1
2025-04-08,S005,Loader,Mining,Sunny,Tue,0,5
2025-04-08,S005,Compactor,Mining,Sunny,Tue,0,2
2025-04-08,S006,Excavator,Road,Sunny,Tue,0,4
2025-04-08,S006,Bulldozer,Road,Sunny,Tue,0,1
2025-04-08,S006,Crane,Road,Sunny,Tue,0,1
2025-04-08,S006,Grader,Road,Sunny,Tue,0,4
2025-04-08,S006,Loader,Road,Sunny,Tue,0,4
2025-04-08,S006,Compactor,Road,Sunny,Tue,0,5
2025-04-09,S001,Excavator,Road,Cloudy,Wed,0,3
2025-04-09,S001,Bulldozer,Road,Cloudy,Wed,0,3
2025-04-09,S001,Crane,Road,Cloudy,Wed,0,1
2025-04-09,S001,Grader,Road,Cloudy,Wed,0,3
2025-04-09,S001,Loader,Road,Cloudy,Wed,0,2
2025-04-09,S001,Compactor,Road,Cloudy,Wed,0,4
2025-04-09,S002,Excavator,Mining,Sunny,Wed,0,2
2025-04-09,S002,Bulldozer,Mining,Sunny,Wed,0,6
2025-04-09,S002,Crane,Mining,Sunny,Wed,0,3
2025-04-09,S002,Grader,Mining,Sunny,Wed,0,1
2025-04-09,S002,Loader,Mining,Sunny,Wed,0,5
2025-04-09,S002,Compactor,Mining,Sunny,Wed,0,0
2025-04-09,S003,Excavator,Building,Sunny,Wed,0,2
2025-04-09,S003,Bulldozer,Building,Sunny,Wed,0,0
2025-04-09,S003,Crane,Building,Sunny,Wed,0,5
2025-04-09,S003,Grader,Building,Sunny,Wed,0,1
2025-04-09,S003,Loader,Building,Sunny,Wed,0,1
2025-04-09,S003,Compactor,Building,Sunny,Wed,0,3
2025-04-09,S004,Excavator,Highway,Sunny,Wed,0,4
2025-04-09,S004,Bulldozer,Highway,Sunny,Wed,0,2
2025-04-09,S004,Crane,Highway,Sunny,Wed,0,1
2025-04-09,S004,Grader,Highway,Sunny,Wed,0,5
2025-04-09,S004,Loader,Highway,Sunny,Wed,0,2
2025-04-09,S004,Compactor,Highway,Sunny,Wed,0,5
2025-04-09,S005,Excavator,Mining,Rain,Wed,0,2
2025-04-09,S005,Bulldozer,Mining,Rain,Wed,0,2
2025-04-09,S005,Crane,Mining,Rain,Wed,0,1
2025-04-09,S005,Grader,Mining,Rain,Wed,0,1
2025-04-09,S005,Loader,Mining,Rain,Wed,0,3
2025-04-09,S005,Compactor,Mining,Rain,Wed,0,0
2025-04-09,S006,Excavator,Road,Cloudy,Wed,0,5
2025-04-09,S006,Bulldozer,Road,Cloudy,Wed,0,2
2025-04-09,S006,Crane,Road,Cloudy,Wed,0,2
2025-04-09,S006,Grader,Road,Cloudy,Wed,0,3
2025-04-09,S006,Loader,Road,Cloudy,Wed,0,3
2025-04-09,S006,Compactor,Road,Cloudy,Wed,0,3
2025-04-10,S001,Excavator,Road,Sunny,Thu,0,5
2025-04-10,S001,Bulldozer,Road,Sunny,Thu,0,3
2025-04-10,S001,Crane,Road,Sunny,Thu,0,0
2025-04-10,S001,Grader,Road,Sunny,Thu,0,3
2025-04-10,S001,Loader,Road,Sunny,Thu,0,2
2025-04-10,S001,Compactor,Road,Sunny,Thu,0,4
2025-04-10,S002,Excavator,Mining,Sunny,Thu,0,2
2025-04-10,S002,Bulldozer,Mining,Sunny,Thu,0,6
2025-04-10,S002,Crane,Mining,Sunny,Thu,0,2
2025-04-10,S002,Grader,Mining,Sunny,Thu,0,2
2025-04-10,S002,Loader,Mining,Sunny,Thu,0,5
2025-04-10,S002,Compactor,Mining,Sunny,Thu,0,1
2025-04-10,S003,Excavator,Building,Sunny,Thu,0,3
2025-04-10,S003,Bulldozer,Building,Sunny,Thu,0,0
2025-04-10,S003,Crane,Building,Sunny,Thu,0,5
2025-04-10,S003,Grader,Building,Sunny,Thu,0,1
2025-04-10,S003,Loader,Building,Sunny,Thu,0,3
2025-04-10,S003,Compactor,Building,Sunny,Thu,0,2
2025-04-10,S004,Excavator,Highway,Cloudy,Thu,0,4
2025-04-10,S004,Bulldozer,Highway,Cloudy,Thu,0,2
2025-04-10,S004,Crane,Highway,Cloudy,Thu,0,2
2025-04-10,S004,Grader,Highway,Cloudy,Thu,0,4
2025-04-10,S004,Loader,Highway,Cloudy,Thu,0,4
2025-04-10,S004,Compactor,Highway,Cloudy,Thu,0,4
2025-04-10,S005,Excavator,Mining,Sunny,Thu,0,4
2025-04-10,S005,Bulldozer,Mining,Sunny,Thu,0,6
2025-04-10,S005,Crane,Mining,Sunny,Thu,0,2
2025-04-10,S005,Grader,Mining,Sunny,Thu,0,1
2025-04-10,S005,Loader,Mining,Sunny,Thu,0,5
2025-04-10,S005,Compactor,Mining,Sunny,Thu,0,0
2025-04-10,S006,Excavator,Road,Sunny,Thu,0,4
2025-04-10,S006,Bulldozer,Road,Sunny,Thu,0,3
2025-04-10,S006,Crane,Road,Sunny,Thu,0,0
2025-04-10,S006,Grader,Road,Sunny,Thu,0,4
2025-04-10,S006,Loader,Road,Sunny,Thu,0,3
2025-04-10,S006,Compactor,Road,Sunny,Thu,0,4
2025-04-11,S001,Excavator,Road,Sunny,Fri,0,5
2025-04-11,S001,Bulldozer,Road,Sunny,Fri,0,1
2025-04-11,S001,Crane,Road,Sunny,Fri,0,0
2025-04-11,S001,Grader,Road,Sunny,Fri,0,3
2025-04-11,S001,Loader,Road,Sunny,Fri,0,4
2025-04-11,S001,Compactor,Road,Sunny,Fri,0,3
2025-04-11,S002,Excavator,Mining,Sunny,Fri,0,3
2025-04-11,S002,Bulldozer,Mining,Sunny,Fri,0,6
2025-04-11,S002,Crane,Mining,Sunny,Fri,0,3
2025-04-11,S002,Grader,Mining,Sunny,Fri,0,0
2025-04-11,S002,Loader,Mining,Sunny,Fri,0,4
2025-04-11,S002,Compactor,Mining,Sunny,Fri,0,0
2025-04-11,S003,Excavator,Building,Sunny,Fri,0,2
2025-04-11,S003,Bulldozer,Building,Sunny,Fri,0,1
2025-04-11,S003,Crane,Building,Sunny,Fri,0,6
2025-04-11,S003,Grader,Building,Sunny,Fri,0,1
2025-04-11,S003,Loader,Building,Sunny,Fri,0,3
2025-04-11,S003,Compactor,Building,Sunny,Fri,0,3
2025-04-11,S004,Excavator,Highway,Sunny,Fri,0,6
2025-04-11,S004,Bulldozer,Highway,Sunny,Fri,0,3
2025-04-11,S004,Crane,Highway,Sunny,Fri,0,0
2025-04-11,S004,Grader,Highway,Sunny,Fri,0,6
2025-04-11,S004,Loader,Highway,Sunny,Fri,0,2
2025-04-11,S004,Compactor,Highway,Sunny,Fri,0,4
2025-04-11,S005,Excavator,Mining,Sunny,Fri,0,3
2025-04-11,S005,Bulldozer,Mining,Sunny,Fri,0,7
2025-04-11,S005,Crane,Mining,Sunny,Fri,0,3
2025-04-11,S005,Grader,Mining,Sunny,Fri,0,1
2025-04-11,S005,Loader,Mining,Sunny,Fri,0,5
2025-04-11,S005,Compactor,Mining,Sunny,Fri,0,2
2025-04-11,S006,Excavator,Road,Cloudy,Fri,0,5
2025-04-11,S006,Bulldozer,Road,Cloudy,Fri,0,2
2025-04-11,S006,Crane,Road,Cloudy,Fri,0,0
2025-04-11,S006,Grader,Road,Cloudy,Fri,0,3
2025-04-11,S006,Loader,Road,Cloudy,Fri,0,3
2025-04-11,S006,Compactor,Road,Cloudy,Fri,0,4
2025-04-12,S001,Excavator,Road,Cloudy,Sat,1,2
2025-04-12,S001,Bulldozer,Road,Cloudy,Sat,1,2
2025-04-12,S001,Crane,Road,Cloudy,Sat,1,0
2025-04-12,S001,Grader,Road,Cloudy,Sat,1,1
2025-04-12,S001,Loader,Road,Cloudy,Sat,1,2
2025-04-12,S001,Compactor,Road,Cloudy,Sat,1,2
2025-04-12,S002,Excavator,Mining,Sunny,Sat,1,2
2025-04-12,S002,Bulldozer,Mining,Sunny,Sat,1,2
2025-04-12,S002,Crane,Mining,Sunny,Sat,1,0
2025-04-12,S002,Grader,Mining,Sunny,Sat,1,0
2025-04-12,S002,Loader,Mining,Sunny,Sat,1,2
2025-04-12,S002,Compactor,Mining,Sunny,Sat,1,1
2025-04-12,S003,Excavator,Building,Sunny,Sat,1,1
2025-04-12,S003,Bulldozer,Building,Sunny,Sat,1,1
2025-04-12,S003,Crane,Building,Sunny,Sat,1,2
2025-04-12,S003,Grader,Building,Sunny,Sat,1,1
2025-04-12,S003,Loader,Building,Sunny,Sat,1,1
2025-04-12,S003,Compactor,Building,Sunny,Sat,1,0
2025-04-12,S004,Excavator,Highway,Sunny,Sat,1,2
2025-04-12,S004,Bulldozer,Highway,Sunny,Sat,1,2
2025-04-12,S004,Crane,Highway,Sunny,Sat,1,1
2025-04-12,S004,Grader,Highway,Sunny,Sat,1,1
2025-04-12,S004,Loader,Highway,Sunny,Sat,1,2
2025-04-12,S004,Compactor,Highway,Sunny,Sat,1,3
2025-04-12,S005,Excavator,Mining,Sunny,Sat,1,1
2025-04-12,S005,Bulldozer,Mining,Sunny,Sat,1,3
2025-04-12,S005,Crane,Mining,Sunny,Sat,1,0
2025-04-12,S005,Grader,Mining,Sunny,Sat,1,0
2025-04-12,S005,Loader,Mining,Sunny,Sat,1,3
2025-04-12,S005,Compactor,Mining,Sunny,Sat,1,1
2025-04-12,S006,Excavator,Road,Sunny,Sat,1,2
2025-04-12,S006,Bulldozer,Road,Sunny,Sat,1,1
2025-04-12,S006,Crane,Road,Sunny,Sat,1,1
2025-04-12,S006,Grader,Road,Sunny,Sat,1,2
2025-04-12,S006,Loader,Road,Sunny,Sat,1,0
2025-04-12,S006,Compactor,Road,Sunny,Sat,1,1
2025-04-13,S001,Excavator,Road,Sunny,Sun,1,2
2025-04-13,S001,Bulldozer,Road,Sunny,Sun,1,0
2025-04-13,S001,Crane,Road,Sunny,Sun,1,0
2025-04-13,S001,Grader,Road,Sunny,Sun,1,1
2025-04-13,S001,Loader,Road,Sunny,Sun,1,1
2025-04-13,S001,Compactor,Road,Sunny,Sun,1,1
2025-04-13,S002,Excavator,Mining,Sunny,Sun,1,2
2025-04-13,S002,Bulldozer,Mining,Sunny,Sun,1,3
2025-04-13,S002,Crane,Mining,Sunny,Sun,1,1
2025-04-13,S002,Grader,Mining,Sunny,Sun,1,1
2025-04-13,S002,Loader,Mining,Sunny,Sun,1,2
2025-04-13,S002,Compactor,Mining,Sunny,Sun,1,0
2025-04-13,S003,Excavator,Building,Sunny,Sun,1,0
2025-04-13,S003,Bulldozer,Building,Sunny,Sun,1,1
2025-04-13,S003,Crane,Building,Sunny,Sun,1,1
2025-04-13,S003,Grader,Building,Sunny,Sun,1,0
2025-04-13,S003,Loader,Building,Sunny,Sun,1,2
2025-04-13,S003,Compactor,Building,Sunny,Sun,1,1
2025-04-13,S004,Excavator,Highway,Cloudy,Sun,1,2
2025-04-13,S004,Bulldozer,Highway,Cloudy,Sun,1,1
2025-04-13,S004,Crane,Highway,Cloudy,Sun,1,1
2025-04-13,S004,Grader,Highway,Cloudy,Sun,1,3
2025-04-13,S004,Loader,Highway,Cloudy,Sun,1,0
2025-04-13,S004,Compactor,Highway,Cloudy,Sun,1,2
2025-04-13,S005,Excavator,Mining,Sunny,Sun,1,1
2025-04-13,S005,Bulldozer,Mining,Sunny,Sun,1,3
2025-04-13,S005,Crane,Mining,Sunny,Sun,1,1
2025-04-13,S005,Grader,Mining,Sunny,Sun,1,1
2025-04-13,S005,Loader,Mining,Sunny,Sun,1,3
2025-04-13,S005,Compactor,Mining,Sunny,Sun,1,1
2025-04-13,S006,Excavator,Road,Sunny,Sun,1,1
2025-04-13,S006,Bulldozer,Road,Sunny,Sun,1,1
2025-04-13,S006,Crane,Road,Sunny,Sun,1,1
2025-04-13,S006,Grader,Road,Sunny,Sun,1,1
2025-04-13,S006,Loader,Road,Sunny,Sun,1,0
2025-04-13,S006,Compactor,Road,Sunny,Sun,1,1
2025-04-14,S001,Excavator,Road,Sunny,Mon,0,5
2025-04-14,S001,Bulldozer,Road,Sunny,Mon,0,1
2025-04-14,S001,Crane,Road,Sunny,Mon,0,0
2025-04-14,S001,Grader,Road,Sunny,Mon,0,4
2025-04-14,S001,Loader,Road,Sunny,Mon,0,3
2025-04-14,S001,Compactor,Road,Sunny,Mon,0,5
2025-04-14,S002,Excavator,Mining,Sunny,Mon,0,2
2025-04-14,S002,Bulldozer,Mining,Sunny,Mon,0,7
2025-04-14,S002,Crane,Mining,Sunny,Mon,0,3
2025-04-14,S002,Grader,Mining,Sunny,Mon,0,0
2025-04-14,S002,Loader,Mining,Sunny,Mon,0,5
2025-04-14,S002,Compactor,Mining,Sunny,Mon,0,1
2025-04-14,S003,Excavator,Building,Sunny,Mon,0,2
2025-04-14,S003,Bulldozer,Building,Sunny,Mon,0,1
2025-04-14,S003,Crane,Building,Sunny,Mon,0,5
2025-04-14,S003,Grader,Building,Sunny,Mon,0,0
2025-04-14,S003,Loader,Building,Sunny,Mon,0,1
2025-04-14,S003,Compactor,Building,Sunny,Mon,0,1
2025-04-14,S004,Excavator,Highway,Sunny,Mon,0,5
2025-04-14,S004,Bulldozer,Highway,Sunny,Mon,0,3
2025-04-14,S004,Crane,Highway,Sunny,Mon,0,1
2025-04-14,S004,Grader,Highway,Sunny,Mon,0,6
2025-04-14,S004,Loader,Highway,Sunny,Mon,0,3
2025-04-14,S004,Compactor,Highway,Sunny,Mon,0,5
2025-04-14,S005,Excavator,Mining,Sunny,Mon,0,2
2025-04-14,S005,Bulldozer,Mining,Sunny,Mon,0,7
2025-04-14,S005,Crane,Mining,Sunny,Mon,0,2
2025-04-14,S005,Grader,Mining,Sunny,Mon,0,0
2025-04-14,S005,Loader,Mining,Sunny,Mon,0,4
2025-04-14,S005,Compactor,Mining,Sunny,Mon,0,1
2025-04-14,S006,Excavator,Road,Sunny,Mon,0,5
2025-04-14,S006,Bulldozer,Road,Sunny,Mon,0,1
2025-04-14,S006,Crane,Road,Sunny,Mon,0,2
2025-04-14,S006,Grader,Road,Sunny,Mon,0,5
2025-04-14,S006,Loader,Road,Sunny,Mon,0,2
2025-04-14,S006,Compactor,Road,Sunny,Mon,0,4
2025-04-15,S001,Excavator,Road,Sunny,Tue,0,5
2025-04-15,S001,Bulldozer,Road,Sunny,Tue,0,3
2025-04-15,S001,Crane,Road,Sunny,Tue,0,2
2025-04-15,S001,Grader,Road,Sunny,Tue,0,3
2025-04-15,S001,Loader,Road,Sunny,Tue,0,2
2025-04-15,S001,Compactor,Road,Sunny,Tue,0,4
2025-04-15,S002,Excavator,Mining,Sunny,Tue,0,2
2025-04-15,S002,Bulldozer,Mining,Sunny,Tue,0,5
2025-04-15,S002,Crane,Mining,Sunny,Tue,0,2
2025-04-15,S002,Grader,Mining,Sunny,Tue,0,0
2025-04-15,S002,Loader,Mining,Sunny,Tue,0,5
2025-04-15,S002,Compactor,Mining,Sunny,Tue,0,0
2025-04-15,S003,Excavator,Building,Sunny,Tue,0,2
2025-04-15,S003,Bulldozer,Building,Sunny,Tue,0,1
2025-04-15,S003,Crane,Building,Sunny,Tue,0,5
2025-04-15,S003,Grader,Building,Sunny,Tue,0,0
2025-04-15,S003,Loader,Building,Sunny,Tue,0,2
2025-04-15,S003,Compactor,Building,Sunny,Tue,0,1
2025-04-15,S004,Excavator,Highway,Sunny,Tue,0,5
2025-04-15,S004,Bulldozer,Highway,Sunny,Tue,0,3
2025-04-15,S004,Crane,Highway,Sunny,Tue,0,1
2025-04-15,S004,Grader,Highway,Sunny,Tue,0,6
2025-04-15,S004,Loader,Highway,Sunny,Tue,0,2
2025-04-15,S004,Compactor,Highway,Sunny,Tue,0,5
2025-04-15,S005,Excavator,Mining,Rain,Tue,0,1
2025-04-15,S005,Bulldozer,Mining,Rain,Tue,0,2
2025-04-15,S005,Crane,Mining,Rain,Tue,0,0
2025-04-15,S005,Grader,Mining,Rain,Tue,0,1
2025-04-15,S005,Loader,Mining,Rain,Tue,0,3
2025-04-15,S005,Compactor,Mining,Rain,Tue,0,1
2025-04-15,S006,Excavator,Road,Cloudy,Tue,0,5
2025-04-15,S006,Bulldozer,Road,Cloudy,Tue,0,1
2025-04-15,S006,Crane,Road,Cloudy,Tue,0,0
2025-04-15,S006,Grader,Road,Cloudy,Tue,0,4
2025-04-15,S006,Loader,Road,Cloudy,Tue,0,2
2025-04-15,S006,Compactor,Road,Cloudy,Tue,0,4
2025-04-16,S001,Excavator,Road,Sunny,Wed,0,4
2025-04-16,S001,Bulldozer,Road,Sunny,Wed,0,2
2025-04-16,S001,Crane,Road,Sunny,Wed,0,0
2025-04-16,S001,Grader,Road,Sunny,Wed,0,5
2025-04-16,S001,Loader,Road,Sunny,Wed,0,4
2025-04-16,S001,Compactor,Road,Sunny,Wed,0,4
2025-04-16,S002,Excavator,Mining,Sunny,Wed,0,2
2025-04-16,S002,Bulldozer,Mining,Sunny,Wed,0,6
2025-04-16,S002,Crane,Mining,Sunny,Wed,0,2
2025-04-16,S002,Grader,Mining,Sunny,Wed,0,1
2025-04-16,S002,Loader,Mining,Sunny,Wed,0,5
2025-04-16,S002,Compactor,Mining,Sunny,Wed,0,1
2025-04-16,S003,Excavator,Building,Cloudy,Wed,0,1
2025-04-16,S003,Bulldozer,Building,Cloudy,Wed,0,0
2025-04-16,S003,Crane,Building,Cloudy,Wed,0,4
2025-04-16,S003,Grader,Building,Cloudy,Wed,0,1
2025-04-16,S003,Loader,Building,Cloudy,Wed,0,1
2025-04-16,S003,Compactor,Building,Cloudy,Wed,0,2
2025-04-16,S004,Excavator,Highway,Sunny,Wed,0,5
2025-04-16,S004,Bulldozer,Highway,Sunny,Wed,0,3
2025-04-16,S004,Crane,Highway,Sunny,Wed,0,1
2025-04-16,S004,Grader,Highway,Sunny,Wed,0,6
2025-04-16,S004,Loader,Highway,Sunny,Wed,0,3
2025-04-16,S004,Compactor,Highway,Sunny,Wed,0,5
2025-04-16,S005,Excavator,Mining,Cloudy,Wed,0,3
2025-04-16,S005,Bulldozer,Mining,Cloudy,Wed,0,5
2025-04-16,S005,Crane,Mining,Cloudy,Wed,0,1
2025-04-16,S005,Grader,Mining,Cloudy,Wed,0,1
2025-04-16,S005,Loader,Mining,Cloudy,Wed,0,5
2025-04-16,S005,Compactor,Mining,Cloudy,Wed,0,0
2025-04-16,S006,Excavator,Road,Sunny,Wed,0,6
2025-04-16,S006,Bulldozer,Road,Sunny,Wed,0,3
2025-04-16,S006,Crane,Road,Sunny,Wed,0,0
2025-04-16,S006,Grader,Road,Sunny,Wed,0,4
2025-04-16,S006,Loader,Road,Sunny,Wed,0,3
2025-04-16,S006,Compactor,Road,Sunny,Wed,0,4
2025-04-17,S001,Excavator,Road,Sunny,Thu,0,6
2025-04-17,S001,Bulldozer,Road,Sunny,Thu,0,3
2025-04-17,S001,Crane,Road,Sunny,Thu,0,1
2025-04-17,S001,Grader,Road,Sunny,Thu,0,3
2025-04-17,S001,Loader,Road,Sunny,Thu,0,3
2025-04-17,S001,Compactor,Road,Sunny,Thu,0,3
2025-04-17,S002,Excavator,Mining,Cloudy,Thu,0,2
2025-04-17,S002,Bulldozer,Mining,Cloudy,Thu,0,5
2025-04-17,S002,Crane,Mining,Cloudy,Thu,0,2
2025-04-17,S002,Grader,Mining,Cloudy,Thu,0,0
2025-04-17,S002,Loader,Mining,Cloudy,Thu,0,3
2025-04-17,S002,Compactor,Mining,Cloudy,Thu,0,0
2025-04-17,S003,Excavator,Building,Sunny,Thu,0,2
2025-04-17,S003,Bulldozer,Building,Sunny,Thu,0,2
2025-04-17,S003,Crane,Building,Sunny,Thu,0,4
2025-04-17,S003,Grader,Building,Sunny,Thu,0,0
2025-04-17,S003,Loader,Building,Sunny,Thu,0,3
2025-04-17,S003,Compactor,Building,Sunny,Thu,0,2
2025-04-17,S004,Excavator,Highway,Sunny,Thu,0,4
2025-04-17,S004,Bulldozer,Highway,Sunny,Thu,0,2
2025-04-17,S004,Crane,Highway,Sunny,Thu,0,2
2025-04-17,S004,Grader,Highway,Sunny,Thu,0,4
2025-04-17,S004,Loader,Highway,Sunny,Thu,0,3
2025-04-17,S004,Compactor,Highway,Sunny,Thu,0,5
2025-04-17,S005,Excavator,Mining,Cloudy,Thu,0,3
2025-04-17,S005,Bulldozer,Mining,Cloudy,Thu,0,5
2025-04-17,S005,Crane,Mining,Cloudy,Thu,0,3
2025-04-17,S005,Grader,Mining,Cloudy,Thu,0,1
2025-04-17,S005,Loader,Mining,Cloudy,Thu,0,4
2025-04-17,S005,Compactor,Mining,Cloudy,Thu,0,1
2025-04-17,S006,Excavator,Road,Rain,Thu,0,3
2025-04-17,S006,Bulldozer,Road,Rain,Thu,0,0
2025-04-17,S006,Crane,Road,Rain,Thu,0,0
2025-04-17,S006,Grader,Road,Rain,Thu,0,3
2025-04-17,S006,Loader,Road,Rain,Thu,0,1
2025-04-17,S006,Compactor,Road,Rain,Thu,0,3
2025-04-18,S001,Excavator,Road,Sunny,Fri,0,4
2025-04-18,S001,Bulldozer,Road,Sunny,Fri,0,2
2025-04-18,S001,Crane,Road,Sunny,Fri,0,1
2025-04-18,S001,Grader,Road,Sunny,Fri,0,5
2025-04-18,S001,Loader,Road,Sunny,Fri,0,2
2025-04-18,S001,Compactor,Road,Sunny,Fri,0,5
2025-04-18,S002,Excavator,Mining,Sunny,Fri,0,2
2025-04-18,S002,Bulldozer,Mining,Sunny,Fri,0,6
2025-04-18,S002,Crane,Mining,Sunny,Fri,0,2
2025-04-18,S002,Grader,Mining,Sunny,Fri,0,0
2025-04-18,S002,Loader,Mining,Sunny,Fri,0,5
2025-04-18,S002,Compactor,Mining,Sunny,Fri,0,2
2025-04-18,S003,Excavator,Building,Cloudy,Fri,0,2
2025-04-18,S003,Bulldozer,Building,Cloudy,Fri,0,0
2025-04-18,S003,Crane,Building,Cloudy,Fri,0,5
2025-04-18,S003,Grader,Building,Cloudy,Fri,0,1
2025-04-18,S003,Loader,Building,Cloudy,Fri,0,2
2025-04-18,S003,Compactor,Building,Cloudy,Fri,0,3
2025-04-18,S004,Excavator,Highway,Sunny,Fri,0,6
2025-04-18,S004,Bulldozer,Highway,Sunny,Fri,0,4
2025-04-18,S004,Crane,Highway,Sunny,Fri,0,1
2025-04-18,S004,Grader,Highway,Sunny,Fri,0,5
2025-04-18,S004,Loader,Highway,Sunny,Fri,0,3
2025-04-18,S004,Compactor,Highway,Sunny,Fri,0,5
2025-04-18,S005,Excavator,Mining,Sunny,Fri,0,2
2025-04-18,S005,Bulldozer,Mining,Sunny,Fri,0,5
2025-04-18,S005,Crane,Mining,Sunny,Fri,0,3
2025-04-18,S005,Grader,Mining,Sunny,Fri,0,1
2025-04-18,S005,Loader,Mining,Sunny,Fri,0,5
2025-04-18,S005,Compactor,Mining,Sunny,Fri,0,2
2025-04-18,S006,Excavator,Road,Cloudy,Fri,0,4
2025-04-18,S006,Bulldozer,Road,Cloudy,Fri,0,3
2025-04-18,S006,Crane,Road,Cloudy,Fri,0,1
2025-04-18,S006,Grader,Road,Cloudy,Fri,0,4
2025-04-18,S006,Loader,Road,Cloudy,Fri,0,3
2025-04-18,S006,Compactor,Road,Cloudy,Fri,0,4
2025-04-19,S001,Excavator,Road,Cloudy,Sat,1,1
2025-04-19,S001,Bulldozer,Road,Cloudy,Sat,1,1
2025-04-19,S001,Crane,Road,Cloudy,Sat,1,0
2025-04-19,S001,Grader,Road,Cloudy,Sat,1,2
2025-04-19,S001,Loader,Road,Cloudy,Sat,1,0
2025-04-19,S001,Compactor,Road,Cloudy,Sat,1,1
2025-04-19,S002,Excavator,Mining,Sunny,Sat,1,2
2025-04-19,S002,Bulldozer,Mining,Sunny,Sat,1,2
2025-04-19,S002,Crane,Mining,Sunny,Sat,1,1
2025-04-19,S002,Grader,Mining,Sunny,Sat,1,1
2025-04-19,S002,Loader,Mining,Sunny,Sat,1,3
2025-04-19,S002,Compactor,Mining,Sunny,Sat,1,0
2025-04-19,S003,Excavator,Building,Cloudy,Sat,1,1
2025-04-19,S003,Bulldozer,Building,Cloudy,Sat,1,1
2025-04-19,S003,Crane,Building,Cloudy,Sat,1,2
2025-04-19,S003,Grader,Building,Cloudy,Sat,1,0
2025-04-19,S003,Loader,Building,Cloudy,Sat,1,1
2025-04-19,S003,Compactor,Building,Cloudy,Sat,1,1
2025-04-19,S004,Excavator,Highway,Sunny,Sat,1,2
2025-04-19,S004,Bulldozer,Highway,Sunny,Sat,1,2
2025-04-19,S004,Crane,Highway,Sunny,Sat,1,1
2025-04-19,S004,Grader,Highway,Sunny,Sat,1,3
2025-04-19,S004,Loader,Highway,Sunny,Sat,1,1
2025-04-19,S004,Compactor,Highway,Sunny,Sat,1,2
2025-04-19,S005,Excavator,Mining,Sunny,Sat,1,0
2025-04-19,S005,Bulldozer,Mining,Sunny,Sat,1,2
2025-04-19,S005,Crane,Mining,Sunny,Sat,1,0
2025-04-19,S005,Grader,Mining,Sunny,Sat,1,1
2025-04-19,S005,Loader,Mining,Sunny,Sat,1,1
2025-04-19,S005,Compactor,Mining,Sunny,Sat,1,0
2025-04-19,S006,Excavator,Road,Sunny,Sat,1,2
2025-04-19,S006,Bulldozer,Road,Sunny,Sat,1,0
2025-04-19,S006,Crane,Road,Sunny,Sat,1,0
2025-04-19,S006,Grader,Road,Sunny,Sat,1,1
2025-04-19,S006,Loader,Road,Sunny,Sat,1,2
2025-04-19,S006,Compactor,Road,Sunny,Sat,1,3
2025-04-20,S001,Excavator,Road,Sunny,Sun,1,2
2025-04-20,S001,Bulldozer,Road,Sunny,Sun,1,2
2025-04-20,S001,Crane,Road,Sunny,Sun,1,0
2025-04-20,S001,Grader,Road,Sunny,Sun,1,2
2025-04-20,S001,Loader,Road,Sunny,Sun,1,2
2025-04-20,S001,Compactor,Road,Sunny,Sun,1,1
2025-04-20,S002,Excavator,Mining,Cloudy,Sun,1,1
2025-04-20,S002,Bulldozer,Mining,Cloudy,Sun,1,1
2025-04-20,S002,Crane,Mining,Cloudy,Sun,1,1
2025-04-20,S002,Grader,Mining,Cloudy,Sun,1,1
2025-04-20,S002,Loader,Mining,Cloudy,Sun,1,2
2025-04-20,S002,Compactor,Mining,Cloudy,Sun,1,0
2025-04-20,S003,Excavator,Building,Sunny,Sun,1,2
2025-04-20,S003,Bulldozer,Building,Sunny,Sun,1,1
2025-04-20,S003,Crane,Building,Sunny,Sun,1,1
2025-04-20,S003,Grader,Building,Sunny,Sun,1,0
2025-04-20,S003,Loader,Building,Sunny,Sun,1,1
2025-04-20,S003,Compactor,Building,Sunny,Sun,1,2
2025-04-20,S004,Excavator,Highway,Rain,Sun,1,0
2025-04-20,S004,Bulldozer,Highway,Rain,Sun,1,1
2025-04-20,S004,Crane,Highway,Rain,Sun,1,0
2025-04-20,S004,Grader,Highway,Rain,Sun,1,1
2025-04-20,S004,Loader,Highway,Rain,Sun,1,0
2025-04-20,S004,Compactor,Highway,Rain,Sun,1,1
2025-04-20,S005,Excavator,Mining,Sunny,Sun,1,0
2025-04-20,S005,Bulldozer,Mining,Sunny,Sun,1,2
2025-04-20,S005,Crane,Mining,Sunny,Sun,1,1
2025-04-20,S005,Grader,Mining,Sunny,Sun,1,1
2025-04-20,S005,Loader,Mining,Sunny,Sun,1,2
2025-04-20,S005,Compactor,Mining,Sunny,Sun,1,0
2025-04-20,S006,Excavator,Road,Rain,Sun,1,2
2025-04-20,S006,Bulldozer,Road,Rain,Sun,1,0
2025-04-20,S006,Crane,Road,Rain,Sun,1,1
2025-04-20,S006,Grader,Road,Rain,Sun,1,2
2025-04-20,S006,Loader,Road,Rain,Sun,1,0
2025-04-20,S006,Compactor,Road,Rain,Sun,1,1
2025-04-21,S001,Excavator,Road,Rain,Mon,0,3
2025-04-21,S001,Bulldozer,Road,Rain,Mon,0,0
2025-04-21,S001,Crane,Road,Rain,Mon,0,0
2025-04-21,S001,Grader,Road,Rain,Mon,0,2
2025-04-21,S001,Loader,Road,Rain,Mon,0,2
2025-04-21,S001,Compactor,Road,Rain,Mon,0,1
2025-04-21,S002,Excavator,Mining,Sunny,Mon,0,3
2025-04-21,S002,Bulldozer,Mining,Sunny,Mon,0,6
2025-04-21,S002,Crane,Mining,Sunny,Mon,0,1
2025-04-21,S002,Grader,Mining,Sunny,Mon,0,2
2025-04-21,S002,Loader,Mining,Sunny,Mon,0,6
2025-04-21,S002,Compactor,Mining,Sunny,Mon,0,1
2025-04-21,S003,Excavator,Building,Cloudy,Mon,0,1
2025-04-21,S003,Bulldozer,Building,Cloudy,Mon,0,2
2025-04-21,S003,Crane,Building,Cloudy,Mon,0,4
2025-04-21,S003,Grader,Building,Cloudy,Mon,0,1
2025-04-21,S003,Loader,Building,Cloudy,Mon,0,2
2025-04-21,S003,Compactor,Building,Cloudy,Mon,0,1
2025-04-21,S004,Excavator,Highway,Cloudy,Mon,0,4
2025-04-21,S004,Bulldozer,Highway,Cloudy,Mon,0,2
2025-04-21,S004,Crane,Highway,Cloudy,Mon,0,1
2025-04-21,S004,Grader,Highway,Cloudy,Mon,0,5
2025-04-21,S004,Loader,Highway,Cloudy,Mon,0,3
2025-04-21,S004,Compactor,Highway,Cloudy,Mon,0,5
2025-04-21,S005,Excavator,Mining,Sunny,Mon,0,4
2025-04-21,S005,Bulldozer,Mining,Sunny,Mon,0,6
2025-04-21,S005,Crane,Mining,Sunny,Mon,0,1
2025-04-21,S005,Grader,Mining,Sunny,Mon,0,1
2025-04-21,S005,Loader,Mining,Sunny,Mon,0,6
2025-04-21,S005,Compactor,Mining,Sunny,Mon,0,1
2025-04-21,S006,Excavator,Road,Rain,Mon,0,2
2025-04-21,S006,Bulldozer,Road,Rain,Mon,0,1
2025-04-21,S006,Crane,Road,Rain,Mon,0,0
2025-04-21,S006,Grader,Road,Rain,Mon,0,2
2025-04-21,S006,Loader,Road,Rain,Mon,0,1
2025-04-21,S006,Compactor,Road,Rain,Mon,0,1
2025-04-22,S001,Excavator,Road,Sunny,Tue,0,5
2025-04-22,S001,Bulldozer,Road,Sunny,Tue,0,2
2025-04-22,S001,Crane,Road,Sunny,Tue,0,1
2025-04-22,S001,Grader,Road,Sunny,Tue,0,3
2025-04-22,S001,Loader,Road,Sunny,Tue,0,3
2025-04-22,S001,Compactor,Road,Sunny,Tue,0,4
2025-04-22,S002,Excavator,Mining,Sunny,Tue,0,3
2025-04-22,S002,Bulldozer,Mining,Sunny,Tue,0,7
2025-04-22,S002,Crane,Mining,Sunny,Tue,0,1
2025-04-22,S002,Grader,Mining,Sunny,Tue,0,1
2025-04-22,S002,Loader,Mining,Sunny,Tue,0,5
2025-04-22,S002,Compactor,Mining,Sunny,Tue,0,1
2025-04-22,S003,Excavator,Building,Rain,Tue,0,1
2025-04-22,S003,Bulldozer,Building,Rain,Tue,0,0
2025-04-22,S003,Crane,Building,Rain,Tue,0,3
2025-04-22,S003,Grader,Building,Rain,Tue,0,1
2025-04-22,S003,Loader,Building,Rain,Tue,0,0
2025-04-22,S003,Compactor,Building,Rain,Tue,0,2
2025-04-22,S004,Excavator,Highway,Sunny,Tue,0,4
2025-04-22,S004,Bulldozer,Highway,Sunny,Tue,0,2
2025-04-22,S004,Crane,Highway,Sunny,Tue,0,2
2025-04-22,S004,Grader,Highway,Sunny,Tue,0,5
2025-04-22,S004,Loader,Highway,Sunny,Tue,0,2
2025-04-22,S004,Compactor,Highway,Sunny,Tue,0,5
2025-04-22,S005,Excavator,Mining,Rain,Tue,0,2
2025-04-22,S005,Bulldozer,Mining,Rain,Tue,0,3
2025-04-22,S005,Crane,Mining,Rain,Tue,0,2
2025-04-22,S005,Grader,Mining,Rain,Tue,0,0
2025-04-22,S005,Loader,Mining,Rain,Tue,0,2
2025-04-22,S005,Compactor,Mining,Rain,Tue,0,0
2025-04-22,S006,Excavator,Road,Sunny,Tue,0,5
2025-04-22,S006,Bulldozer,Road,Sunny,Tue,0,2
2025-04-22,S006,Crane,Road,Sunny,Tue,0,0
2025-04-22,S006,Grader,Road,Sunny,Tue,0,3
2025-04-22,S006,Loader,Road,Sunny,Tue,0,2
2025-04-22,S006,Compactor,Road,Sunny,Tue,0,3
2025-04-23,S001,Excavator,Road,Sunny,Wed,0,5
2025-04-23,S001,Bulldozer,Road,Sunny,Wed,0,1
2025-04-23,S001,Crane,Road,Sunny,Wed,0,1
2025-04-23,S001,Grader,Road,Sunny,Wed,0,4
2025-04-23,S001,Loader,Road,Sunny,Wed,0,4
2025-04-23,S001,Compactor,Road,Sunny,Wed,0,4
2025-04-23,S002,Excavator,Mining,Cloudy,Wed,0,2
2025-04-23,S002,Bulldozer,Mining,Cloudy,Wed,0,4
2025-04-23,S002,Crane,Mining,Cloudy,Wed,0,2
2025-04-23,S002,Grader,Mining,Cloudy,Wed,0,0
2025-04-23,S002,Loader,Mining,Cloudy,Wed,0,4
2025-04-23,S002,Compactor,Mining,Cloudy,Wed,0,0
2025-04-23,S003,Excavator,Building,Rain,Wed,0,2
2025-04-23,S003,Bulldozer,Building,Rain,Wed,0,0
2025-04-23,S003,Crane,Building,Rain,Wed,0,2
2025-04-23,S003,Grader,Building,Rain,Wed,0,0
2025-04-23,S003,Loader,Building,Rain,Wed,0,1
2025-04-23,S003,Compactor,Building,Rain,Wed,0,1
2025-04-23,S004,Excavator,Highway,Sunny,Wed,0,4
2025-04-23,S004,Bulldozer,Highway,Sunny,Wed,0,4
2025-04-23,S004,Crane,Highway,Sunny,Wed,0,1
2025-04-23,S004,Grader,Highway,Sunny,Wed,0,4
2025-04-23,S004,Loader,Highway,Sunny,Wed,0,4
2025-04-23,S004,Compactor,Highway,Sunny,Wed,0,5
2025-04-23,S005,Excavator,Mining,Sunny,Wed,0,3
2025-04-23,S005,Bulldozer,Mining,Sunny,Wed,0,7
2025-04-23,S005,Crane,Mining,Sunny,Wed,0,2
2025-04-23,S005,Grader,Mining,Sunny,Wed,0,1
2025-04-23,S005,Loader,Mining,Sunny,Wed,0,5
2025-04-23,S005,Compactor,Mining,Sunny,Wed,0,1
2025-04-23,S006,Excavator,Road,Rain,Wed,0,3
2025-04-23,S006,Bulldozer,Road,Rain,Wed,0,2
2025-04-23,S006,Crane,Road,Rain,Wed,0,0
2025-04-23,S006,Grader,Road,Rain,Wed,0,2
2025-04-23,S006,Loader,Road,Rain,Wed,0,2
2025-04-23,S006,Compactor,Road,Rain,Wed,0,3
2025-04-24,S001,Excavator,Road,Sunny,Thu,0,5
2025-04-24,S001,Bulldozer,Road,Sunny,Thu,0,2
2025-04-24,S001,Crane,Road,Sunny,Thu,0,2
2025-04-24,S001,Grader,Road,Sunny,Thu,0,4
2025-04-24,S001,Loader,Road,Sunny,Thu,0,3
2025-04-24,S001,Compactor,Road,Sunny,Thu,0,3
2025-04-24,S002,Excavator,Mining,Sunny,Thu,0,4
2025-04-24,S002,Bulldozer,Mining,Sunny,Thu,0,7
2025-04-24,S002,Crane,Mining,Sunny,Thu,0,1
2025-04-24,S002,Grader,Mining,Sunny,Thu,0,1
2025-04-24,S002,Loader,Mining,Sunny,Thu,0,5
2025-04-24,S002,Compactor,Mining,Sunny,Thu,0,1
2025-04-24,S003,Excavator,Building,Sunny,Thu,0,3
2025-04-24,S003,Bulldozer,Building,Sunny,Thu,0,1
2025-04-24,S003,Crane,Building,Sunny,Thu,0,5
2025-04-24,S003,Grader,Building,Sunny,Thu,0,2
2025-04-24,S003,Loader,Building,Sunny,Thu,0,2
2025-04-24,S003,Compactor,Building,Sunny,Thu,0,2
2025-04-24,S004,Excavator,Highway,Sunny,Thu,0,5
2025-04-24,S004,Bulldozer,Highway,Sunny,Thu,0,3
2025-04-24,S004,Crane,Highway,Sunny,Thu,0,2
2025-04-24,S004,Grader,Highway,Sunny,Thu,0,5
2025-04-24,S004,Loader,Highway,Sunny,Thu,0,3
2025-04-24,S004,Compactor,Highway,Sunny,Thu,0,5
2025-04-24,S005,Excavator,Mining,Sunny,Thu,0,4
2025-04-24,S005,Bulldozer,Mining,Sunny,Thu,0,6
2025-04-24,S005,Crane,Mining,Sunny,Thu,0,2
2025-04-24,S005,Grader,Mining,Sunny,Thu,0,1
2025-04-24,S005,Loader,Mining,Sunny,Thu,0,6
2025-04-24,S005,Compactor,Mining,Sunny,Thu,0,0
2025-04-24,S006,Excavator,Road,Rain,Thu,0,2
2025-04-24,S006,Bulldozer,Road,Rain,Thu,0,0
2025-04-24,S006,Crane,Road,Rain,Thu,0,0
2025-04-24,S006,Grader,Road,Rain,Thu,0,3
2025-04-24,S006,Loader,Road,Rain,Thu,0,1
2025-04-24,S006,Compactor,Road,Rain,Thu,0,1
2025-04-25,S001,Excavator,Road,Sunny,Fri,0,5
2025-04-25,S001,Bulldozer,Road,Sunny,Fri,0,2
2025-04-25,S001,Crane,Road,Sunny,Fri,0,1
2025-04-25,S001,Grader,Road,Sunny,Fri,0,5
2025-04-25,S001,Loader,Road,Sunny,Fri,0,4
2025-04-25,S001,Compactor,Road,Sunny,Fri,0,4
2025-04-25,S002,Excavator,Mining,Cloudy,Fri,0,2
2025-04-25,S002,Bulldozer,Mining,Cloudy,Fri,0,6
2025-04-25,S002,Crane,Mining,Cloudy,Fri,0,2
2025-04-25,S002,Grader,Mining,Cloudy,Fri,0,0
2025-04-25,S002,Loader,Mining,Cloudy,Fri,0,5
2025-04-25,S002,Compactor,Mining,Cloudy,Fri,0,2
2025-04-25,S003,Excavator,Building,Sunny,Fri,0,1
2025-04-25,S003,Bulldozer,Building,Sunny,Fri,0,2
2025-04-25,S003,Crane,Building,Sunny,Fri,0,6
2025-04-25,S003,Grader,Building,Sunny,Fri,0,1
2025-04-25,S003,Loader,Building,Sunny,Fri,0,3
2025-04-25,S003,Compactor,Building,Sunny,Fri,0,1
2025-04-25,S004,Excavator,Highway,Sunny,Fri,0,4
2025-04-25,S004,Bulldozer,Highway,Sunny,Fri,0,2
2025-04-25,S004,Crane,Highway,Sunny,Fri,0,1
2025-04-25,S004,Grader,Highway,Sunny,Fri,0,5
2025-04-25,S004,Loader,Highway,Sunny,Fri,0,2
2025-04-25,S004,Compactor,Highway,Sunny,Fri,0,4
2025-04-25,S005,Excavator,Mining,Sunny,Fri,0,3
2025-04-25,S005,Bulldozer,Mining,Sunny,Fri,0,6
2025-04-25,S005,Crane,Mining,Sunny,Fri,0,3
2025-04-25,S005,Grader,Mining,Sunny,Fri,0,1
2025-04-25,S005,Loader,Mining,Sunny,Fri,0,6
2025-04-25,S005,Compactor,Mining,Sunny,Fri,0,1
2025-04-25,S006,Excavator,Road,Sunny,Fri,0,5
2025-04-25,S006,Bulldozer,Road,Sunny,Fri,0,1
2025-04-25,S006,Crane,Road,Sunny,Fri,0,2
2025-04-25,S006,Grader,Road,Sunny,Fri,0,5
2025-04-25,S006,Loader,Road,Sunny,Fri,0,3
2025-04-25,S006,Compactor,Road,Sunny,Fri,0,3
2025-04-26,S001,Excavator,Road,Sunny,Sat,1,1
2025-04-26,S001,Bulldozer,Road,Sunny,Sat,1,1
2025-04-26,S001,Crane,Road,Sunny,Sat,1,1
2025-04-26,S001,Grader,Road,Sunny,Sat,1,1
2025-04-26,S001,Loader,Road,Sunny,Sat,1,1
2025-04-26,S001,Compactor,Road,Sunny,Sat,1,2
2025-04-26,S002,Excavator,Mining,Sunny,Sat,1,1
2025-04-26,S002,Bulldozer,Mining,Sunny,Sat,1,3
2025-04-26,S002,Crane,Mining,Sunny,Sat,1,1
2025-04-26,S002,Grader,Mining,Sunny,Sat,1,0
2025-04-26,S002,Loader,Mining,Sunny,Sat,1,3
2025-04-26,S002,Compactor,Mining,Sunny,Sat,1,1
2025-04-26,S003,Excavator,Building,Sunny,Sat,1,1
2025-04-26,S003,Bulldozer,Building,Sunny,Sat,1,1
2025-04-26,S003,Crane,Building,Sunny,Sat,1,3
2025-04-26,S003,Grader,Building,Sunny,Sat,1,1
2025-04-26,S003,Loader,Building,Sunny,Sat,1,1
2025-04-26,S003,Compactor,Building,Sunny,Sat,1,0
2025-04-26,S004,Excavator,Highway,Sunny,Sat,1,2
2025-04-26,S004,Bulldozer,Highway,Sunny,Sat,1,2
2025-04-26,S004,Crane,Highway,Sunny,Sat,1,0
2025-04-26,S004,Grader,Highway,Sunny,Sat,1,3
2025-04-26,S004,Loader,Highway,Sunny,Sat,1,2
2025-04-26,S004,Compactor,Highway,Sunny,Sat,1,2
2025-04-26,S005,Excavator,Mining,Sunny,Sat,1,2
2025-04-26,S005,Bulldozer,Mining,Sunny,Sat,1,2
2025-04-26,S005,Crane,Mining,Sunny,Sat,1,1
2025-04-26,S005,Grader,Mining,Sunny,Sat,1,1
2025-04-26,S005,Loader,Mining,Sunny,Sat,1,2
2025-04-26,S005,Compactor,Mining,Sunny,Sat,1,0
2025-04-26,S006,Excavator,Road,Cloudy,Sat,1,3
2025-04-26,S006,Bulldozer,Road,Cloudy,Sat,1,2
2025-04-26,S006,Crane,Road,Cloudy,Sat,1,1
2025-04-26,S006,Grader,Road,Cloudy,Sat,1,1
2025-04-26,S006,Loader,Road,Cloudy,Sat,1,1
2025-04-26,S006,Compactor,Road,Cloudy,Sat,1,1
2025-04-27,S001,Excavator,Road,Cloudy,Sun,1,2
2025-04-27,S001,Bulldozer,Road,Cloudy,Sun,1,1
2025-04-27,S001,Crane,Road,Cloudy,Sun,1,1
2025-04-27,S001,Grader,Road,Cloudy,Sun,1,2
2025-04-27,S001,Loader,Road,Cloudy,Sun,1,1
2025-04-27,S001,Compactor,Road,Cloudy,Sun,1,1
2025-04-27,S002,Excavator,Mining,Cloudy,Sun,1,1
2025-04-27,S002,Bulldozer,Mining,Cloudy,Sun,1,2
2025-04-27,S002,Crane,Mining,Cloudy,Sun,1,0
2025-04-27,S002,Grader,Mining,Cloudy,Sun,1,1
2025-04-27,S002,Loader,Mining,Cloudy,Sun,1,2
2025-04-27,S002,Compactor,Mining,Cloudy,Sun,1,0
2025-04-27,S003,Excavator,Building,Cloudy,Sun,1,0
2025-04-27,S003,Bulldozer,Building,Cloudy,Sun,1,1
2025-04-27,S003,Crane,Building,Cloudy,Sun,1,2
2025-04-27,S003,Grader,Building,Cloudy,Sun,1,0
2025-04-27,S003,Loader,Building,Cloudy,Sun,1,1
2025-04-27,S003,Compactor,Building,Cloudy,Sun,1,1
2025-04-27,S004,Excavator,Highway,Cloudy,Sun,1,2
2025-04-27,S004,Bulldozer,Highway,Cloudy,Sun,1,1
2025-04-27,S004,Crane,Highway,Cloudy,Sun,1,1
2025-04-27,S004,Grader,Highway,Cloudy,Sun,1,1
2025-04-27,S004,Loader,Highway,Cloudy,Sun,1,2
2025-04-27,S004,Compactor,Highway,Cloudy,Sun,1,1
2025-04-27,S005,Excavator,Mining,Sunny,Sun,1,0
2025-04-27,S005,Bulldozer,Mining,Sunny,Sun,1,3
2025-04-27,S005,Crane,Mining,Sunny,Sun,1,1
2025-04-27,S005,Grader,Mining,Sunny,Sun,1,1
2025-04-27,S005,Loader,Mining,Sunny,Sun,1,2
2025-04-27,S005,Compactor,Mining,Sunny,Sun,1,1
2025-04-27,S006,Excavator,Road,Rain,Sun,1,0
2025-04-27,S006,Bulldozer,Road,Rain,Sun,1,0
2025-04-27,S006,Crane,Road,Rain,Sun,1,1
2025-04-27,S006,Grader,Road,Rain,Sun,1,0
2025-04-27,S006,Loader,Road,Rain,Sun,1,1
2025-04-27,S006,Compactor,Road,Rain,Sun,1,0
2025-04-28,S001,Excavator,Road,Sunny,Mon,0,6
2025-04-28,S001,Bulldozer,Road,Sunny,Mon,0,3
2025-04-28,S001,Crane,Road,Sunny,Mon,0,2
2025-04-28,S001,Grader,Road,Sunny,Mon,0,4
2025-04-28,S001,Loader,Road,Sunny,Mon,0,3
2025-04-28,S001,Compactor,Road,Sunny,Mon,0,5
2025-04-28,S002,Excavator,Mining,Cloudy,Mon,0,2
2025-04-28,S002,Bulldozer,Mining,Cloudy,Mon,0,6
2025-04-28,S002,Crane,Mining,Cloudy,Mon,0,2
2025-04-28,S002,Grader,Mining,Cloudy,Mon,0,2
2025-04-28,S002,Loader,Mining,Cloudy,Mon,0,4
2025-04-28,S002,Compactor,Mining,Cloudy,Mon,0,0
2025-04-28,S003,Excavator,Building,Rain,Mon,0,0
2025-04-28,S003,Bulldozer,Building,Rain,Mon,0,1
2025-04-28,S003,Crane,Building,Rain,Mon,0,2
2025-04-28,S003,Grader,Building,Rain,Mon,0,1
2025-04-28,S003,Loader,Building,Rain,Mon,0,1
2025-04-28,S003,Compactor,Building,Rain,Mon,0,1
2025-04-28,S004,Excavator,Highway,Sunny,Mon,0,5
2025-04-28,S004,Bulldozer,Highway,Sunny,Mon,0,3
2025-04-28,S004,Crane,Highway,Sunny,Mon,0,0
2025-04-28,S004,Grader,Highway,Sunny,Mon,0,6
2025-04-28,S004,Loader,Highway,Sunny,Mon,0,2
2025-04-28,S004,Compactor,Highway,Sunny,Mon,0,5
2025-04-28,S005,Excavator,Mining,Sunny,Mon,0,4
2025-04-28,S005,Bulldozer,Mining,Sunny,Mon,0,7
2025-04-28,S005,Crane,Mining,Sunny,Mon,0,1
2025-04-28,S005,Grader,Mining,Sunny,Mon,0,1
2025-04-28,S005,Loader,Mining,Sunny,Mon,0,5
2025-04-28,S005,Compactor,Mining,Sunny,Mon,0,1
2025-04-28,S006,Excavator,Road,Rain,Mon,0,2
2025-04-28,S006,Bulldozer,Road,Rain,Mon,0,2
2025-04-28,S006,Crane,Road,Rain,Mon,0,0
2025-04-28,S006,Grader,Road,Rain,Mon,0,1
2025-04-28,S006,Loader,Road,Rain,Mon,0,2
2025-04-28,S006,Compactor,Road,Rain,Mon,0,1
2025-04-29,S001,Excavator,Road,Sunny,Tue,0,5
2025-04-29,S001,Bulldozer,Road,Sunny,Tue,0,2
2025-04-29,S001,Crane,Road,Sunny,Tue,0,0
2025-04-29,S001,Grader,Road,Sunny,Tue,0,5
2025-04-29,S001,Loader,Road,Sunny,Tue,0,3
2025-04-29,S001,Compactor,Road,Sunny,Tue,0,5
2025-04-29,S002,Excavator,Mining,Sunny,Tue,0,4
2025-04-29,S002,Bulldozer,Mining,Sunny,Tue,0,5
2025-04-29,S002,Crane,Mining,Sunny,Tue,0,3
2025-04-29,S002,Grader,Mining,Sunny,Tue,0,1
2025-04-29,S002,Loader,Mining,Sunny,Tue,0,6
2025-04-29,S002,Compactor,Mining,Sunny,Tue,0,2
2025-04-29,S003,Excavator,Building,Rain,Tue,0,1
2025-04-29,S003,Bulldozer,Building,Rain,Tue,0,1
2025-04-29,S003,Crane,Building,Rain,Tue,0,2
2025-04-29,S003,Grader,Building,Rain,Tue,0,0
2025-04-29,S003,Loader,Building,Rain,Tue,0,2
2025-04-29,S003,Compactor,Building,Rain,Tue,0,2
2025-04-29,S004,Excavator,Highway,Rain,Tue,0,3
2025-04-29,S004,Bulldozer,Highway,Rain,Tue,0,1
2025-04-29,S004,Crane,Highway,Rain,Tue,0,0
2025-04-29,S004,Grader,Highway,Rain,Tue,0,3
2025-04-29,S004,Loader,Highway,Rain,Tue,0,2
2025-04-29,S004,Compactor,Highway,Rain,Tue,0,3
2025-04-29,S005,Excavator,Mining,Sunny,Tue,0,3
2025-04-29,S005,Bulldozer,Mining,Sunny,Tue,0,6
2025-04-29,S005,Crane,Mining,Sunny,Tue,0,2
2025-04-29,S005,Grader,Mining,Sunny,Tue,0,0
2025-04-29,S005,Loader,Mining,Sunny,Tue,0,4
2025-04-29,S005,Compactor,Mining,Sunny,Tue,0,1
2025-04-29,S006,Excavator,Road,Sunny,Tue,0,5
2025-04-29,S006,Bulldozer,Road,Sunny,Tue,0,2
2025-04-29,S006,Crane,Road,Sunny,Tue,0,1
2025-04-29,S006,Grader,Road,Sunny,Tue,0,5
2025-04-29,S006,Loader,Road,Sunny,Tue,0,3
2025-04-29,S006,Compactor,Road,Sunny,Tue,0,3
2025-04-30,S001,Excavator,Road,Cloudy,Wed,0,4
2025-04-30,S001,Bulldozer,Road,Cloudy,Wed,0,3
2025-04-30,S001,Crane,Road,Cloudy,Wed,0,2
2025-04-30,S001,Grader,Road,Cloudy,Wed,0,3
2025-04-30,S001,Loader,Road,Cloudy,Wed,0,3
2025-04-30,S001,Compactor,Road,Cloudy,Wed,0,4
2025-04-30,S002,Excavator,Mining,Sunny,Wed,0,3
2025-04-30,S002,Bulldozer,Mining,Sunny,Wed,0,6
2025-04-30,S002,Crane,Mining,Sunny,Wed,0,1
2025-04-30,S002,Grader,Mining,Sunny,Wed,0,0
2025-04-30,S002,Loader,Mining,Sunny,Wed,0,4
2025-04-30,S002,Compactor,Mining,Sunny,Wed,0,1
2025-04-30,S003,Excavator,Building,Rain,Wed,0,1
2025-04-30,S003,Bulldozer,Building,Rain,Wed,0,1
2025-04-30,S003,Crane,Building,Rain,Wed,0,3
2025-04-30,S003,Grader,Building,Rain,Wed,0,0
2025-04-30,S003,Loader,Building,Rain,Wed,0,2
2025-04-30,S003,Compactor,Building,Rain,Wed,0,1
2025-04-30,S004,Excavator,Highway,Sunny,Wed,0,6
2025-04-30,S004,Bulldozer,Highway,Sunny,Wed,0,3
2025-04-30,S004,Crane,Highway,Sunny,Wed,0,1
2025-04-30,S004,Grader,Highway,Sunny,Wed,0,5
2025-04-30,S004,Loader,Highway,Sunny,Wed,0,3
2025-04-30,S004,Compactor,Highway,Sunny,Wed,0,6
2025-04-30,S005,Excavator,Mining,Sunny,Wed,0,4
2025-04-30,S005,Bulldozer,Mining,Sunny,Wed,0,5
2025-04-30,S005,Crane,Mining,Sunny,Wed,0,1
2025-04-30,S005,Grader,Mining,Sunny,Wed,0,1
2025-04-30,S005,Loader,Mining,Sunny,Wed,0,4
2025-04-30,S005,Compactor,Mining,Sunny,Wed,0,1
2025-04-30,S006,Excavator,Road,Sunny,Wed,0,6
2025-04-30,S006,Bulldozer,Road,Sunny,Wed,0,2
2025-04-30,S006,Crane,Road,Sunny,Wed,0,1
2025-04-30,S006,Grader,Road,Sunny,Wed,0,5
2025-04-30,S006,Loader,Road,Sunny,Wed,0,4
2025-04-30,S006,Compactor,Road,Sunny,Wed,0,4
2025-05-01,S001,Excavator,Road,Rain,Thu,0,2
2025-05-01,S001,Bulldozer,Road,Rain,Thu,0,0
2025-05-01,S001,Crane,Road,Rain,Thu,0,0
2025-05-01,S001,Grader,Road,Rain,Thu,0,3
2025-05-01,S001,Loader,Road,Rain,Thu,0,1
2025-05-01,S001,Compactor,Road,Rain,Thu,0,2
2025-05-01,S002,Excavator,Mining,Sunny,Thu,0,3
2025-05-01,S002,Bulldozer,Mining,Sunny,Thu,0,7
2025-05-01,S002,Crane,Mining,Sunny,Thu,0,2
2025-05-01,S002,Grader,Mining,Sunny,Thu,0,2
2025-05-01,S002,Loader,Mining,Sunny,Thu,0,4
2025-05-01,S002,Compactor,Mining,Sunny,Thu,0,0
2025-05-01,S003,Excavator,Building,Sunny,Thu,0,3
2025-05-01,S003,Bulldozer,Building,Sunny,Thu,0,0
2025-05-01,S003,Crane,Building,Sunny,Thu,0,6
2025-05-01,S003,Grader,Building,Sunny,Thu,0,1
2025-05-01,S003,Loader,Building,Sunny,Thu,0,3
2025-05-01,S003,Compactor,Building,Sunny,Thu,0,2
2025-05-01,S004,Excavator,Highway,Sunny,Thu,0,6
2025-05-01,S004,Bulldozer,Highway,Sunny,Thu,0,3
2025-05-01,S004,Crane,Highway,Sunny,Thu,0,1
2025-05-01,S004,Grader,Highway,Sunny,Thu,0,4
2025-05-01,S004,Loader,Highway,Sunny,Thu,0,4
2025-05-01,S004,Compactor,Highway,Sunny,Thu,0,6
2025-05-01,S005,Excavator,Mining,Sunny,Thu,0,3
2025-05-01,S005,Bulldozer,Mining,Sunny,Thu,0,6
2025-05-01,S005,Crane,Mining,Sunny,Thu,0,1
2025-05-01,S005,Grader,Mining,Sunny,Thu,0,1
2025-05-01,S005,Loader,Mining,Sunny,Thu,0,5
2025-05-01,S005,Compactor,Mining,Sunny,Thu,0,2
2025-05-01,S006,Excavator,Road,Cloudy,Thu,0,5
2025-05-01,S006,Bulldozer,Road,Cloudy,Thu,0,2
2025-05-01,S006,Crane,Road,Cloudy,Thu,0,1
2025-05-01,S006,Grader,Road,Cloudy,Thu,0,3
2025-05-01,S006,Loader,Road,Cloudy,Thu,0,3
2025-05-01,S006,Compactor,Road,Cloudy,Thu,0,4
2025-05-02,S001,Excavator,Road,Sunny,Fri,0,6
2025-05-02,S001,Bulldozer,Road,Sunny,Fri,0,2
2025-05-02,S001,Crane,Road,Sunny,Fri,0,0
2025-05-02,S001,Grader,Road,Sunny,Fri,0,3
2025-05-02,S001,Loader,Road,Sunny,Fri,0,2
2025-05-02,S001,Compactor,Road,Sunny,Fri,0,4
2025-05-02,S002,Excavator,Mining,Cloudy,Fri,0,2
2025-05-02,S002,Bulldozer,Mining,Cloudy,Fri,0,5
2025-05-02,S002,Crane,Mining,Cloudy,Fri,0,2
2025-05-02,S002,Grader,Mining,Cloudy,Fri,0,1
2025-05-02,S002,Loader,Mining,Cloudy,Fri,0,4
2025-05-02,S002,Compactor,Mining,Cloudy,Fri,0,1
2025-05-02,S003,Excavator,Building,Sunny,Fri,0,1
2025-05-02,S003,Bulldozer,Building,Sunny,Fri,0,1
2025-05-02,S003,Crane,Building,Sunny,Fri,0,4
2025-05-02,S003,Grader,Building,Sunny,Fri,0,2
2025-05-02,S003,Loader,Building,Sunny,Fri,0,1
2025-05-02,S003,Compactor,Building,Sunny,Fri,0,3
2025-05-02,S004,Excavator,Highway,Sunny,Fri,0,4
2025-05-02,S004,Bulldozer,Highway,Sunny,Fri,0,3
2025-05-02,S004,Crane,Highway,Sunny,Fri,0,1
2025-05-02,S004,Grader,Highway,Sunny,Fri,0,5
2025-05-02,S004,Loader,Highway,Sunny,Fri,0,4
2025-05-02,S004,Compactor,Highway,Sunny,Fri,0,4
2025-05-02,S005,Excavator,Mining,Rain,Fri,0,2
2025-05-02,S005,Bulldozer,Mining,Rain,Fri,0,3
2025-05-02,S005,Crane,Mining,Rain,Fri,0,1
2025-05-02,S005,Grader,Mining,Rain,Fri,0,1
2025-05-02,S005,Loader,Mining,Rain,Fri,0,3
2025-05-02,S005,Compactor,Mining,Rain,Fri,0,0
2025-05-02,S006,Excavator,Road,Sunny,Fri,0,4
2025-05-02,S006,Bulldozer,Road,Sunny,Fri,0,2
2025-05-02,S006,Crane,Road,Sunny,Fri,0,0
2025-05-02,S006,Grader,Road,Sunny,Fri,0,4
2025-05-02,S006,Loader,Road,Sunny,Fri,0,3
2025-05-02,S006,Compactor,Road,Sunny,Fri,0,4
2025-05-03,S001,Excavator,Road,Sunny,Sat,1,3
2025-05-03,S001,Bulldozer,Road,Sunny,Sat,1,0
2025-05-03,S001,Crane,Road,Sunny,Sat,1,0
2025-05-03,S001,Grader,Road,Sunny,Sat,1,1
2025-05-03,S001,Loader,Road,Sunny,Sat,1,1
2025-05-03,S001,Compactor,Road,Sunny,Sat,1,2
2025-05-03,S002,Excavator,Mining,Rain,Sat,1,0
2025-05-03,S002,Bulldozer,Mining,Rain,Sat,1,1
2025-05-03,S002,Crane,Mining,Rain,Sat,1,0
2025-05-03,S002,Grader,Mining,Rain,Sat,1,0
2025-05-03,S002,Loader,Mining,Rain,Sat,1,2
2025-05-03,S002,Compactor,Mining,Rain,Sat,1,0
2025-05-03,S003,Excavator,Building,Sunny,Sat,1,1
2025-05-03,S003,Bulldozer,Building,Sunny,Sat,1,0
2025-05-03,S003,Crane,Building,Sunny,Sat,1,2
2025-05-03,S003,Grader,Building,Sunny,Sat,1,0
2025-05-03,S003,Loader,Building,Sunny,Sat,1,0
2025-05-03,S003,Compactor,Building,Sunny,Sat,1,1
2025-05-03,S004,Excavator,Highway,Rain,Sat,1,1
2025-05-03,S004,Bulldozer,Highway,Rain,Sat,1,0
2025-05-03,S004,Crane,Highway,Rain,Sat,1,1
2025-05-03,S004,Grader,Highway,Rain,Sat,1,1
2025-05-03,S004,Loader,Highway,Rain,Sat,1,1
2025-05-03,S004,Compactor,Highway,Rain,Sat,1,0
2025-05-03,S005,Excavator,Mining,Cloudy,Sat,1,0
2025-05-03,S005,Bulldozer,Mining,Cloudy,Sat,1,1
2025-05-03,S005,Crane,Mining,Cloudy,Sat,1,0
2025-05-03,S005,Grader,Mining,Cloudy,Sat,1,0
2025-05-03,S005,Loader,Mining,Cloudy,Sat,1,1
2025-05-03,S005,Compactor,Mining,Cloudy,Sat,1,1
2025-05-03,S006,Excavator,Road,Cloudy,Sat,1,1
2025-05-03,S006,Bulldozer,Road,Cloudy,Sat,1,0
2025-05-03,S006,Crane,Road,Cloudy,Sat,1,1
2025-05-03,S006,Grader,Road,Cloudy,Sat,1,1
2025-05-03,S006,Loader,Road,Cloudy,Sat,1,1
2025-05-03,S006,Compactor,Road,Cloudy,Sat,1,2
2025-05-04,S001,Excavator,Road,Sunny,Sun,1,1
2025-05-04,S001,Bulldozer,Road,Sunny,Sun,1,0
2025-05-04,S001,Crane,Road,Sunny,Sun,1,0
2025-05-04,S001,Grader,Road,Sunny,Sun,1,3
2025-05-04,S001,Loader,Road,Sunny,Sun,1,2
2025-05-04,S001,Compactor,Road,Sunny,Sun,1,1
2025-05-04,S002,Excavator,Mining,Sunny,Sun,1,1
2025-05-04,S002,Bulldozer,Mining,Sunny,Sun,1,2
2025-05-04,S002,Crane,Mining,Sunny,Sun,1,1
2025-05-04,S002,Grader,Mining,Sunny,Sun,1,0
2025-05-04,S002,Loader,Mining,Sunny,Sun,1,3
2025-05-04,S002,Compactor,Mining,Sunny,Sun,1,0
2025-05-04,S003,Excavator,Building,Cloudy,Sun,1,1
2025-05-04,S003,Bulldozer,Building,Cloudy,Sun,1,0
2025-05-04,S003,Crane,Building,Cloudy,Sun,1,1
2025-05-04,S003,Grader,Building,Cloudy,Sun,1,0
2025-05-04,S003,Loader,Building,Cloudy,Sun,1,0
2025-05-04,S003,Compactor,Building,Cloudy,Sun,1,1
2025-05-04,S004,Excavator,Highway,Rain,Sun,1,1
2025-05-04,S004,Bulldozer,Highway,Rain,Sun,1,2
2025-05-04,S004,Crane,Highway,Rain,Sun,1,0
2025-05-04,S004,Grader,Highway,Rain,Sun,1,1
2025-05-04,S004,Loader,Highway,Rain,Sun,1,1
2025-05-04,S004,Compactor,Highway,Rain,Sun,1,0
2025-05-04,S005,Excavator,Mining,Sunny,Sun,1,0
2025-05-04,S005,Bulldozer,Mining,Sunny,Sun,1,3
2025-05-04,S005,Crane,Mining,Sunny,Sun,1,1
2025-05-04,S005,Grader,Mining,Sunny,Sun,1,0
2025-05-04,S005,Loader,Mining,Sunny,Sun,1,2
2025-05-04,S005,Compactor,Mining,Sunny,Sun,1,0
2025-05-04,S006,Excavator,Road,Rain,Sun,1,1
2025-05-04,S006,Bulldozer,Road,Rain,Sun,1,1
2025-05-04,S006,Crane,Road,Rain,Sun,1,0
2025-05-04,S006,Grader,Road,Rain,Sun,1,0
2025-05-04,S006,Loader,Road,Rain,Sun,1,0
2025-05-04,S006,Compactor,Road,Rain,Sun,1,1
2025-05-05,S001,Excavator,Road,Cloudy,Mon,0,5
2025-05-05,S001,Bulldozer,Road,Cloudy,Mon,0,1
2025-05-05,S001,Crane,Road,Cloudy,Mon,0,2
2025-05-05,S001,Grader,Road,Cloudy,Mon,0,4
2025-05-05,S001,Loader,Road,Cloudy,Mon,0,2
2025-05-05,S001,Compactor,Road,Cloudy,Mon,0,3
2025-05-05,S002,Excavator,Mining,Rain,Mon,0,1
2025-05-05,S002,Bulldozer,Mining,Rain,Mon,0,2
2025-05-05,S002,Crane,Mining,Rain,Mon,0,1
2025-05-05,S002,Grader,Mining,Rain,Mon,0,1
2025-05-05,S002,Loader,Mining,Rain,Mon,0,3
2025-05-05,S002,Compactor,Mining,Rain,Mon,0,0
2025-05-05,S003,Excavator,Building,Cloudy,Mon,0,2
2025-05-05,S003,Bulldozer,Building,Cloudy,Mon,0,2
2025-05-05,S003,Crane,Building,Cloudy,Mon,0,4
2025-05-05,S003,Grader,Building,Cloudy,Mon,0,2
2025-05-05,S003,Loader,Building,Cloudy,Mon,0,2
2025-05-05,S003,Compactor,Building,Cloudy,Mon,0,3
2025-05-05,S004,Excavator,Highway,Sunny,Mon,0,4
2025-05-05,S004,Bulldozer,Highway,Sunny,Mon,0,3
2025-05-05,S004,Crane,Highway,Sunny,Mon,0,1
2025-05-05,S004,Grader,Highway,Sunny,Mon,0,5
2025-05-05,S004,Loader,Highway,Sunny,Mon,0,3
2025-05-05,S004,Compactor,Highway,Sunny,Mon,0,5
2025-05-05,S005,Excavator,Mining,Sunny,Mon,0,2
2025-05-05,S005,Bulldozer,Mining,Sunny,Mon,0,6
2025-05-05,S005,Crane,Mining,Sunny,Mon,0,2
2025-05-05,S005,Grader,Mining,Sunny,Mon,0,1
2025-05-05,S005,Loader,Mining,Sunny,Mon,0,5
2025-05-05,S005,Compactor,Mining,Sunny,Mon,0,1
2025-05-05,S006,Excavator,Road,Sunny,Mon,0,5
2025-05-05,S006,Bulldozer,Road,Sunny,Mon,0,2
2025-05-05,S006,Crane,Road,Sunny,Mon,0,2
2025-05-05,S006,Grader,Road,Sunny,Mon,0,4
2025-05-05,S006,Loader,Road,Sunny,Mon,0,4
2025-05-05,S006,Compactor,Road,Sunny,Mon,0,4
2025-05-06,S001,Excavator,Road,Sunny,Tue,0,6
2025-05-06,S001,Bulldozer,Road,Sunny,Tue,0,2
2025-05-06,S001,Crane,Road,Sunny,Tue,0,1
2025-05-06,S001,Grader,Road,Sunny,Tue,0,4
2025-05-06,S001,Loader,Road,Sunny,Tue,0,3
2025-05-06,S001,Compactor,Road,Sunny,Tue,0,4
2025-05-06,S002,Excavator,Mining,Cloudy,Tue,0,3
2025-05-06,S002,Bulldozer,Mining,Cloudy,Tue,0,6
2025-05-06,S002,Crane,Mining,Cloudy,Tue,0,1
2025-05-06,S002,Grader,Mining,Cloudy,Tue,0,1
2025-05-06,S002,Loader,Mining,Cloudy,Tue,0,4
2025-05-06,S002,Compactor,Mining,Cloudy,Tue,0,0
2025-05-06,S003,Excavator,Building,Sunny,Tue,0,3
2025-05-06,S003,Bulldozer,Building,Sunny,Tue,0,1
2025-05-06,S003,Crane,Building,Sunny,Tue,0,4
2025-05-06,S003,Grader,Building,Sunny,Tue,0,0
2025-05-06,S003,Loader,Building,Sunny,Tue,0,3
2025-05-06,S003,Compactor,Building,Sunny,Tue,0,2
2025-05-06,S004,Excavator,Highway,Rain,Tue,0,3
2025-05-06,S004,Bulldozer,Highway,Rain,Tue,0,2
2025-05-06,S004,Crane,Highway,Rain,Tue,0,0
2025-05-06,S004,Grader,Highway,Rain,Tue,0,2
2025-05-06,S004,Loader,Highway,Rain,Tue,0,1
2025-05-06,S004,Compactor,Highway,Rain,Tue,0,2
2025-05-06,S005,Excavator,Mining,Cloudy,Tue,0,3
2025-05-06,S005,Bulldozer,Mining,Cloudy,Tue,0,5
2025-05-06,S005,Crane,Mining,Cloudy,Tue,0,3
2025-05-06,S005,Grader,Mining,Cloudy,Tue,0,1
2025-05-06,S005,Loader,Mining,Cloudy,Tue,0,4
2025-05-06,S005,Compactor,Mining,Cloudy,Tue,0,1
2025-05-06,S006,Excavator,Road,Sunny,Tue,0,6
2025-05-06,S006,Bulldozer,Road,Sunny,Tue,0,2
2025-05-06,S006,Crane,Road,Sunny,Tue,0,1
2025-05-06,S006,Grader,Road,Sunny,Tue,0,4
2025-05-06,S006,Loader,Road,Sunny,Tue,0,3
2025-05-06,S006,Compactor,Road,Sunny,Tue,0,4
2025-05-07,S001,Excavator,Road,Rain,Wed,0,3
2025-05-07,S001,Bulldozer,Road,Rain,Wed,0,2
2025-05-07,S001,Crane,Road,Rain,Wed,0,1
2025-05-07,S001,Grader,Road,Rain,Wed,0,2
2025-05-07,S001,Loader,Road,Rain,Wed,0,1
2025-05-07,S001,Compactor,Road,Rain,Wed,0,2
2025-05-07,S002,Excavator,Mining,Cloudy,Wed,0,2
2025-05-07,S002,Bulldozer,Mining,Cloudy,Wed,0,4
2025-05-07,S002,Crane,Mining,Cloudy,Wed,0,1
2025-05-07,S002,Grader,Mining,Cloudy,Wed,0,2
2025-05-07,S002,Loader,Mining,Cloudy,Wed,0,5
2025-05-07,S002,Compactor,Mining,Cloudy,Wed,0,1
2025-05-07,S003,Excavator,Building,Cloudy,Wed,0,2
2025-05-07,S003,Bulldozer,Building,Cloudy,Wed,0,1
2025-05-07,S003,Crane,Building,Cloudy,Wed,0,4
2025-05-07,S003,Grader,Building,Cloudy,Wed,0,1
2025-05-07,S003,Loader,Building,Cloudy,Wed,0,1
2025-05-07,S003,Compactor,Building,Cloudy,Wed,0,1
2025-05-07,S004,Excavator,Highway,Cloudy,Wed,0,4
2025-05-07,S004,Bulldozer,Highway,Cloudy,Wed,0,2
2025-05-07,S004,Crane,Highway,Cloudy,Wed,0,1
2025-05-07,S004,Grader,Highway,Cloudy,Wed,0,4
2025-05-07,S004,Loader,Highway,Cloudy,Wed,0,2
2025-05-07,S004,Compactor,Highway,Cloudy,Wed,0,4
2025-05-07,S005,Excavator,Mining,Sunny,Wed,0,2
2025-05-07,S005,Bulldozer,Mining,Sunny,Wed,0,6
2025-05-07,S005,Crane,Mining,Sunny,Wed,0,3
2025-05-07,S005,Grader,Mining,Sunny,Wed,0,1
2025-05-07,S005,Loader,Mining,Sunny,Wed,0,5
2025-05-07,S005,Compactor,Mining,Sunny,Wed,0,1
2025-05-07,S006,Excavator,Road,Sunny,Wed,0,4
2025-05-07,S006,Bulldozer,Road,Sunny,Wed,0,2
2025-05-07,S006,Crane,Road,Sunny,Wed,0,1
2025-05-07,S006,Grader,Road,Sunny,Wed,0,4
2025-05-07,S006,Loader,Road,Sunny,Wed,0,2
2025-05-07,S006,Compactor,Road,Sunny,Wed,0,5
2025-05-08,S001,Excavator,Road,Cloudy,Thu,0,4
2025-05-08,S001,Bulldozer,Road,Cloudy,Thu,0,2
2025-05-08,S001,Crane,Road,Cloudy,Thu,0,1
2025-05-08,S001,Grader,Road,Cloudy,Thu,0,3
2025-05-08,S001,Loader,Road,Cloudy,Thu,0,2
2025-05-08,S001,Compactor,Road,Cloudy,Thu,0,3
2025-05-08,S002,Excavator,Mining,Rain,Thu,0,2
2025-05-08,S002,Bulldozer,Mining,Rain,Thu,0,3
2025-05-08,S002,Crane,Mining,Rain,Thu,0,0
2025-05-08,S002,Grader,Mining,Rain,Thu,0,0
2025-05-08,S002,Loader,Mining,Rain,Thu,0,2
2025-05-08,S002,Compactor,Mining,Rain,Thu,0,0
2025-05-08,S003,Excavator,Building,Sunny,Thu,0,3
2025-05-08,S003,Bulldozer,Building,Sunny,Thu,0,0
2025-05-08,S003,Crane,Building,Sunny,Thu,0,6
2025-05-08,S003,Grader,Building,Sunny,Thu,0,0
2025-05-08,S003,Loader,Building,Sunny,Thu,0,3
2025-05-08,S003,Compactor,Building,Sunny,Thu,0,1
2025-05-08,S004,Excavator,Highway,Sunny,Thu,0,5
2025-05-08,S004,Bulldozer,Highway,Sunny,Thu,0,2
2025-05-08,S004,Crane,Highway,Sunny,Thu,0,2
2025-05-08,S004,Grader,Highway,Sunny,Thu,0,6
2025-05-08,S004,Loader,Highway,Sunny,Thu,0,3
2025-05-08,S004,Compactor,Highway,Sunny,Thu,0,6
2025-05-08,S005,Excavator,Mining,Sunny,Thu,0,4
2025-05-08,S005,Bulldozer,Mining,Sunny,Thu,0,5
2025-05-08,S005,Crane,Mining,Sunny,Thu,0,2
2025-05-08,S005,Grader,Mining,Sunny,Thu,0,0
2025-05-08,S005,Loader,Mining,Sunny,Thu,0,5
2025-05-08,S005,Compactor,Mining,Sunny,Thu,0,2
2025-05-08,S006,Excavator,Road,Cloudy,Thu,0,4
2025-05-08,S006,Bulldozer,Road,Cloudy,Thu,0,1
2025-05-08,S006,Crane,Road,Cloudy,Thu,0,1
2025-05-08,S006,Grader,Road,Cloudy,Thu,0,3
2025-05-08,S006,Loader,Road,Cloudy,Thu,0,2
2025-05-08,S006,Compactor,Road,Cloudy,Thu,0,4
2025-05-09,S001,Excavator,Road,Sunny,Fri,0,6
2025-05-09,S001,Bulldozer,Road,Sunny,Fri,0,1
2025-05-09,S001,Crane,Road,Sunny,Fri,0,1
2025-05-09,S001,Grader,Road,Sunny,Fri,0,3
2025-05-09,S001,Loader,Road,Sunny,Fri,0,2
2025-05-09,S001,Compactor,Road,Sunny,Fri,0,3
2025-05-09,S002,Excavator,Mining,Sunny,Fri,0,3
2025-05-09,S002,Bulldozer,Mining,Sunny,Fri,0,6
2025-05-09,S002,Crane,Mining,Sunny,Fri,0,2
2025-05-09,S002,Grader,Mining,Sunny,Fri,0,1
2025-05-09,S002,Loader,Mining,Sunny,Fri,0,5
2025-05-09,S002,Compactor,Mining,Sunny,Fri,0,1
2025-05-09,S003,Excavator,Building,Cloudy,Fri,0,1
2025-05-09,S003,Bulldozer,Building,Cloudy,Fri,0,1
2025-05-09,S003,Crane,Building,Cloudy,Fri,0,4
2025-05-09,S003,Grader,Building,Cloudy,Fri,0,1
2025-05-09,S003,Loader,Building,Cloudy,Fri,0,2
2025-05-09,S003,Compactor,Building,Cloudy,Fri,0,1
2025-05-09,S004,Excavator,Highway,Cloudy,Fri,0,4
2025-05-09,S004,Bulldozer,Highway,Cloudy,Fri,0,2
2025-05-09,S004,Crane,Highway,Cloudy,Fri,0,1
2025-05-09,S004,Grader,Highway,Cloudy,Fri,0,4
2025-05-09,S004,Loader,Highway,Cloudy,Fri,0,2
2025-05-09,S004,Compactor,Highway,Cloudy,Fri,0,3
2025-05-09,S005,Excavator,Mining,Cloudy,Fri,0,2
2025-05-09,S005,Bulldozer,Mining,Cloudy,Fri,0,4
2025-05-09,S005,Crane,Mining,Cloudy,Fri,0,2
2025-05-09,S005,Grader,Mining,Cloudy,Fri,0,1
2025-05-09,S005,Loader,Mining,Cloudy,Fri,0,4
2025-05-09,S005,Compactor,Mining,Cloudy,Fri,0,1
2025-05-09,S006,Excavator,Road,Cloudy,Fri,0,4
2025-05-09,S006,Bulldozer,Road,Cloudy,Fri,0,2
2025-05-09,S006,Crane,Road,Cloudy,Fri,0,2
2025-05-09,S006,Grader,Road,Cloudy,Fri,0,3
2025-05-09,S006,Loader,Road,Cloudy,Fri,0,2
2025-05-09,S006,Compactor,Road,Cloudy,Fri,0,3
2025-05-10,S001,Excavator,Road,Rain,Sat,1,1
2025-05-10,S001,Bulldozer,Road,Rain,Sat,1,0
2025-05-10,S001,Crane,Road,Rain,Sat,1,0
2025-05-10,S001,Grader,Road,Rain,Sat,1,0
2025-05-10,S001,Loader,Road,Rain,Sat,1,1
2025-05-10,S001,Compactor,Road,Rain,Sat,1,1
2025-05-10,S002,Excavator,Mining,Cloudy,Sat,1,1
2025-05-10,S002,Bulldozer,Mining,Cloudy,Sat,1,3
2025-05-10,S002,Crane,Mining,Cloudy,Sat,1,0
2025-05-10,S002,Grader,Mining,Cloudy,Sat,1,0
2025-05-10,S002,Loader,Mining,Cloudy,Sat,1,3
2025-05-10,S002,Compactor,Mining,Cloudy,Sat,1,1
2025-05-10,S003,Excavator,Building,Rain,Sat,1,0
2025-05-10,S003,Bulldozer,Building,Rain,Sat,1,0
2025-05-10,S003,Crane,Building,Rain,Sat,1,0
2025-05-10,S003,Grader,Building,Rain,Sat,1,0
2025-05-10,S003,Loader,Building,Rain,Sat,1,1
2025-05-10,S003,Compactor,Building,Rain,Sat,1,1
2025-05-10,S004,Excavator,Highway,Sunny,Sat,1,2
2025-05-10,S004,Bulldozer,Highway,Sunny,Sat,1,0
2025-05-10,S004,Crane,Highway,Sunny,Sat,1,1
2025-05-10,S004,Grader,Highway,Sunny,Sat,1,1
2025-05-10,S004,Loader,Highway,Sunny,Sat,1,1
2025-05-10,S004,Compactor,Highway,Sunny,Sat,1,2
2025-05-10,S005,Excavator,Mining,Sunny,Sat,1,0
2025-05-10,S005,Bulldozer,Mining,Sunny,Sat,1,2
2025-05-10,S005,Crane,Mining,Sunny,Sat,1,1
2025-05-10,S005,Grader,Mining,Sunny,Sat,1,0
2025-05-10,S005,Loader,Mining,Sunny,Sat,1,2
2025-05-10,S005,Compactor,Mining,Sunny,Sat,1,1
2025-05-10,S006,Excavator,Road,Sunny,Sat,1,2
2025-05-10,S006,Bulldozer,Road,Sunny,Sat,1,1
2025-05-10,S006,Crane,Road,Sunny,Sat,1,1
2025-05-10,S006,Grader,Road,Sunny,Sat,1,1
2025-05-10,S006,Loader,Road,Sunny,Sat,1,1
2025-05-10,S006,Compactor,Road,Sunny,Sat,1,2
2025-05-11,S001,Excavator,Road,Sunny,Sun,1,3
2025-05-11,S001,Bulldozer,Road,Sunny,Sun,1,1
2025-05-11,S001,Crane,Road,Sunny,Sun,1,0
2025-05-11,S001,Grader,Road,Sunny,Sun,1,3
2025-05-11,S001,Loader,Road,Sunny,Sun,1,2
2025-05-11,S001,Compactor,Road,Sunny,Sun,1,2
2025-05-11,S002,Excavator,Mining,Sunny,Sun,1,1
2025-05-11,S002,Bulldozer,Mining,Sunny,Sun,1,1
2025-05-11,S002,Crane,Mining,Sunny,Sun,1,2
2025-05-11,S002,Grader,Mining,Sunny,Sun,1,1
2025-05-11,S002,Loader,Mining,Sunny,Sun,1,2
2025-05-11,S002,Compactor,Mining,Sunny,Sun,1,0
2025-05-11,S003,Excavator,Building,Cloudy,Sun,1,0
2025-05-11,S003,Bulldozer,Building,Cloudy,Sun,1,1
2025-05-11,S003,Crane,Building,Cloudy,Sun,1,2
2025-05-11,S003,Grader,Building,Cloudy,Sun,1,0
2025-05-11,S003,Loader,Building,Cloudy,Sun,1,1
2025-05-11,S003,Compactor,Building,Cloudy,Sun,1,1
2025-05-11,S004,Excavator,Highway,Cloudy,Sun,1,2
2025-05-11,S004,Bulldozer,Highway,Cloudy,Sun,1,1
2025-05-11,S004,Crane,Highway,Cloudy,Sun,1,1
2025-05-11,S004,Grader,Highway,Cloudy,Sun,1,1
2025-05-11,S004,Loader,Highway,Cloudy,Sun,1,2
2025-05-11,S004,Compactor,Highway,Cloudy,Sun,1,1
2025-05-11,S005,Excavator,Mining,Sunny,Sun,1,1
2025-05-11,S005,Bulldozer,Mining,Sunny,Sun,1,2
2025-05-11,S005,Crane,Mining,Sunny,Sun,1,0
2025-05-11,S005,Grader,Mining,Sunny,Sun,1,1
2025-05-11,S005,Loader,Mining,Sunny,Sun,1,1
2025-05-11,S005,Compactor,Mining,Sunny,Sun,1,0
2025-05-11,S006,Excavator,Road,Sunny,Sun,1,2
2025-05-11,S006,Bulldozer,Road,Sunny,Sun,1,2
2025-05-11,S006,Crane,Road,Sunny,Sun,1,1
2025-05-11,S006,Grader,Road,Sunny,Sun,1,2
2025-05-11,S006,Loader,Road,Sunny,Sun,1,2
2025-05-11,S006,Compactor,Road,Sunny,Sun,1,1
2025-05-12,S001,Excavator,Road,Cloudy,Mon,0,4
2025-05-12,S001,Bulldozer,Road,Cloudy,Mon,0,3
2025-05-12,S001,Crane,Road,Cloudy,Mon,0,1
2025-05-12,S001,Grader,Road,Cloudy,Mon,0,4
2025-05-12,S001,Loader,Road,Cloudy,Mon,0,2
2025-05-12,S001,Compactor,Road,Cloudy,Mon,0,3
2025-05-12,S002,Excavator,Mining,Cloudy,Mon,0,3
2025-05-12,S002,Bulldozer,Mining,Cloudy,Mon,0,5
2025-05-12,S002,Crane,Mining,Cloudy,Mon,0,2
2025-05-12,S002,Grader,Mining,Cloudy,Mon,0,0
2025-05-12,S002,Loader,Mining,Cloudy,Mon,0,5
2025-05-12,S002,Compactor,Mining,Cloudy,Mon,0,1
2025-05-12,S003,Excavator,Building,Cloudy,Mon,0,2
2025-05-12,S003,Bulldozer,Building,Cloudy,Mon,0,0
2025-05-12,S003,Crane,Building,Cloudy,Mon,0,5
2025-05-12,S003,Grader,Building,Cloudy,Mon,0,0
2025-05-12,S003,Loader,Building,Cloudy,Mon,0,2
2025-05-12,S003,Compactor,Building,Cloudy,Mon,0,2
2025-05-12,S004,Excavator,Highway,Sunny,Mon,0,5
2025-05-12,S004,Bulldozer,Highway,Sunny,Mon,0,3
2025-05-12,S004,Crane,Highway,Sunny,Mon,0,0
2025-05-12,S004,Grader,Highway,Sunny,Mon,0,4
2025-05-12,S004,Loader,Highway,Sunny,Mon,0,4
2025-05-12,S004,Compactor,Highway,Sunny,Mon,0,5
2025-05-12,S005,Excavator,Mining,Sunny,Mon,0,3
2025-05-12,S005,Bulldozer,Mining,Sunny,Mon,0,5
2025-05-12,S005,Crane,Mining,Sunny,Mon,0,3
2025-05-12,S005,Grader,Mining,Sunny,Mon,0,1
2025-05-12,S005,Loader,Mining,Sunny,Mon,0,6
2025-05-12,S005,Compactor,Mining,Sunny,Mon,0,1
2025-05-12,S006,Excavator,Road,Sunny,Mon,0,5
2025-05-12,S006,Bulldozer,Road,Sunny,Mon,0,2
2025-05-12,S006,Crane,Road,Sunny,Mon,0,1
2025-05-12,S006,Grader,Road,Sunny,Mon,0,4
2025-05-12,S006,Loader,Road,Sunny,Mon,0,3
2025-05-12,S006,Compactor,Road,Sunny,Mon,0,3
2025-05-13,S001,Excavator,Road,Cloudy,Tue,0,4
2025-05-13,S001,Bulldozer,Road,Cloudy,Tue,0,2
2025-05-13,S001,Crane,Road,Cloudy,Tue,0,1
2025-05-13,S001,Grader,Road,Cloudy,Tue,0,3
2025-05-13,S001,Loader,Road,Cloudy,Tue,0,3
2025-05-13,S001,Compactor,Road,Cloudy,Tue,0,3
2025-05-13,S002,Excavator,Mining,Cloudy,Tue,0,2
2025-05-13,S002,Bulldozer,Mining,Cloudy,Tue,0,5
2025-05-13,S002,Crane,Mining,Cloudy,Tue,0,2
2025-05-13,S002,Grader,Mining,Cloudy,Tue,0,1
2025-05-13,S002,Loader,Mining,Cloudy,Tue,0,4
2025-05-13,S002,Compactor,Mining,Cloudy,Tue,0,1
2025-05-13,S003,Excavator,Building,Sunny,Tue,0,2
2025-05-13,S003,Bulldozer,Building,Sunny,Tue,0,0
2025-05-13,S003,Crane,Building,Sunny,Tue,0,6
2025-05-13,S003,Grader,Building,Sunny,Tue,0,1
2025-05-13,S003,Loader,Building,Sunny,Tue,0,3
2025-05-13,S003,Compactor,Building,Sunny,Tue,0,2
2025-05-13,S004,Excavator,Highway,Rain,Tue,0,3
2025-05-13,S004,Bulldozer,Highway,Rain,Tue,0,1
2025-05-13,S004,Crane,Highway,Rain,Tue,0,1
2025-05-13,S004,Grader,Highway,Rain,Tue,0,2
2025-05-13,S004,Loader,Highway,Rain,Tue,0,2
2025-05-13,S004,Compactor,Highway,Rain,Tue,0,3
2025-05-13,S005,Excavator,Mining,Rain,Tue,0,2
2025-05-13,S005,Bulldozer,Mining,Rain,Tue,0,3
2025-05-13,S005,Crane,Mining,Rain,Tue,0,1
2025-05-13,S005,Grader,Mining,Rain,Tue,0,1
2025-05-13,S005,Loader,Mining,Rain,Tue,0,2
2025-05-13,S005,Compactor,Mining,Rain,Tue,0,0
2025-05-13,S006,Excavator,Road,Sunny,Tue,0,5
2025-05-13,S006,Bulldozer,Road,Sunny,Tue,0,1
2025-05-13,S006,Crane,Road,Sunny,Tue,0,0
2025-05-13,S006,Grader,Road,Sunny,Tue,0,5
2025-05-13,S006,Loader,Road,Sunny,Tue,0,3
2025-05-13,S006,Compactor,Road,Sunny,Tue,0,3
2025-05-14,S001,Excavator,Road,Sunny,Wed,0,5
2025-05-14,S001,Bulldozer,Road,Sunny,Wed,0,1
2025-05-14,S001,Crane,Road,Sunny,Wed,0,1
2025-05-14,S001,Grader,Road,Sunny,Wed,0,4
2025-05-14,S001,Loader,Road,Sunny,Wed,0,3
2025-05-14,S001,Compactor,Road,Sunny,Wed,0,4
2025-05-14,S002,Excavator,Mining,Cloudy,Wed,0,2
2025-05-14,S002,Bulldozer,Mining,Cloudy,Wed,0,6
2025-05-14,S002,Crane,Mining,Cloudy,Wed,0,1
2025-05-14,S002,Grader,Mining,Cloudy,Wed,0,0
2025-05-14,S002,Loader,Mining,Cloudy,Wed,0,5
2025-05-14,S002,Compactor,Mining,Cloudy,Wed,0,1
2025-05-14,S003,Excavator,Building,Sunny,Wed,0,1
2025-05-14,S003,Bulldozer,Building,Sunny,Wed,0,2
2025-05-14,S003,Crane,Building,Sunny,Wed,0,5
2025-05-14,S003,Grader,Building,Sunny,Wed,0,1
2025-05-14,S003,Loader,Building,Sunny,Wed,0,1
2025-05-14,S003,Compactor,Building,Sunny,Wed,0,2
2025-05-14,S004,Excavator,Highway,Rain,Wed,0,2
2025-05-14,S004,Bulldozer,Highway,Rain,Wed,0,1
2025-05-14,S004,Crane,Highway,Rain,Wed,0,0
2025-05-14,S004,Grader,Highway,Rain,Wed,0,3
2025-05-14,S004,Loader,Highway,Rain,Wed,0,2
2025-05-14,S004,Compactor,Highway,Rain,Wed,0,2
2025-05-14,S005,Excavator,Mining,Sunny,Wed,0,3
2025-05-14,S005,Bulldozer,Mining,Sunny,Wed,0,5
2025-05-14,S005,Crane,Mining,Sunny,Wed,0,3
2025-05-14,S005,Grader,Mining,Sunny,Wed,0,2
2025-05-14,S005,Loader,Mining,Sunny,Wed,0,4
2025-05-14,S005,Compactor,Mining,Sunny,Wed,0,0
2025-05-14,S006,Excavator,Road,Sunny,Wed,0,5
2025-05-14,S006,Bulldozer,Road,Sunny,Wed,0,1
2025-05-14,S006,Crane,Road,Sunny,Wed,0,1
2025-05-14,S006,Grader,Road,Sunny,Wed,0,4
2025-05-14,S006,Loader,Road,Sunny,Wed,0,3
2025-05-14,S006,Compactor,Road,Sunny,Wed,0,4
2025-05-15,S001,Excavator,Road,Sunny,Thu,0,6
2025-05-15,S001,Bulldozer,Road,Sunny,Thu,0,2
2025-05-15,S001,Crane,Road,Sunny,Thu,0,0
2025-05-15,S001,Grader,Road,Sunny,Thu,0,3
2025-05-15,S001,Loader,Road,Sunny,Thu,0,2
2025-05-15,S001,Compactor,Road,Sunny,Thu,0,4
2025-05-15,S002,Excavator,Mining,Sunny,Thu,0,3
2025-05-15,S002,Bulldozer,Mining,Sunny,Thu,0,7
2025-05-15,S002,Crane,Mining,Sunny,Thu,0,3
2025-05-15,S002,Grader,Mining,Sunny,Thu,0,0
2025-05-15,S002,Loader,Mining,Sunny,Thu,0,4
2025-05-15,S002,Compactor,Mining,Sunny,Thu,0,2
2025-05-15,S003,Excavator,Building,Sunny,Thu,0,3
2025-05-15,S003,Bulldozer,Building,Sunny,Thu,0,1
2025-05-15,S003,Crane,Building,Sunny,Thu,0,5
2025-05-15,S003,Grader,Building,Sunny,Thu,0,0
2025-05-15,S003,Loader,Building,Sunny,Thu,0,3
2025-05-15,S003,Compactor,Building,Sunny,Thu,0,2
2025-05-15,S004,Excavator,Highway,Sunny,Thu,0,5
2025-05-15,S004,Bulldozer,Highway,Sunny,Thu,0,4
2025-05-15,S004,Crane,Highway,Sunny,Thu,0,2
2025-05-15,S004,Grader,Highway,Sunny,Thu,0,5
2025-05-15,S004,Loader,Highway,Sunny,Thu,0,2
2025-05-15,S004,Compactor,Highway,Sunny,Thu,0,5
2025-05-15,S005,Excavator,Mining,Cloudy,Thu,0,2
2025-05-15,S005,Bulldozer,Mining,Cloudy,Thu,0,5
2025-05-15,S005,Crane,Mining,Cloudy,Thu,0,2
2025-05-15,S005,Grader,Mining,Cloudy,Thu,0,1
2025-05-15,S005,Loader,Mining,Cloudy,Thu,0,4
2025-05-15,S005,Compactor,Mining,Cloudy,Thu,0,0
2025-05-15,S006,Excavator,Road,Sunny,Thu,0,6
2025-05-15,S006,Bulldozer,Road,Sunny,Thu,0,1
2025-05-15,S006,Crane,Road,Sunny,Thu,0,1
2025-05-15,S006,Grader,Road,Sunny,Thu,0,5
2025-05-15,S006,Loader,Road,Sunny,Thu,0,4
2025-05-15,S006,Compactor,Road,Sunny,Thu,0,3
2025-05-16,S001,Excavator,Road,Rain,Fri,0,3
2025-05-16,S001,Bulldozer,Road,Rain,Fri,0,2
2025-05-16,S001,Crane,Road,Rain,Fri,0,0
2025-05-16,S001,Grader,Road,Rain,Fri,0,1
2025-05-16,S001,Loader,Road,Rain,Fri,0,1
2025-05-16,S001,Compactor,Road,Rain,Fri,0,2
2025-05-16,S002,Excavator,Mining,Rain,Fri,0,1
2025-05-16,S002,Bulldozer,Mining,Rain,Fri,0,3
2025-05-16,S002,Crane,Mining,Rain,Fri,0,1
2025-05-16,S002,Grader,Mining,Rain,Fri,0,1
2025-05-16,S002,Loader,Mining,Rain,Fri,0,2
2025-05-16,S002,Compactor,Mining,Rain,Fri,0,0
2025-05-16,S003,Excavator,Building,Sunny,Fri,0,2
2025-05-16,S003,Bulldozer,Building,Sunny,Fri,0,1
2025-05-16,S003,Crane,Building,Sunny,Fri,0,4
2025-05-16,S003,Grader,Building,Sunny,Fri,0,1
2025-05-16,S003,Loader,Building,Sunny,Fri,0,2
2025-05-16,S003,Compactor,Building,Sunny,Fri,0,3
2025-05-16,S004,Excavator,Highway,Sunny,Fri,0,5
2025-05-16,S004,Bulldozer,Highway,Sunny,Fri,0,4
2025-05-16,S004,Crane,Highway,Sunny,Fri,0,0
2025-05-16,S004,Grader,Highway,Sunny,Fri,0,5
2025-05-16,S004,Loader,Highway,Sunny,Fri,0,2
2025-05-16,S004,Compactor,Highway,Sunny,Fri,0,6
2025-05-16,S005,Excavator,Mining,Sunny,Fri,0,3
2025-05-16,S005,Bulldozer,Mining,Sunny,Fri,0,6
2025-05-16,S005,Crane,Mining,Sunny,Fri,0,1
2025-05-16,S005,Grader,Mining,Sunny,Fri,0,1
2025-05-16,S005,Loader,Mining,Sunny,Fri,0,5
2025-05-16,S005,Compactor,Mining,Sunny,Fri,0,1
2025-05-16,S006,Excavator,Road,Sunny,Fri,0,5
2025-05-16,S006,Bulldozer,Road,Sunny,Fri,0,2
2025-05-16,S006,Crane,Road,Sunny,Fri,0,2
2025-05-16,S006,Grader,Road,Sunny,Fri,0,4
2025-05-16,S006,Loader,Road,Sunny,Fri,0,3
2025-05-16,S006,Compactor,Road,Sunny,Fri,0,3
2025-05-17,S001,Excavator,Road,Cloudy,Sat,1,1
2025-05-17,S001,Bulldozer,Road,Cloudy,Sat,1,1
2025-05-17,S001,Crane,Road,Cloudy,Sat,1,1
2025-05-17,S001,Grader,Road,Cloudy,Sat,1,1
2025-05-17,S001,Loader,Road,Cloudy,Sat,1,2
2025-05-17,S001,Compactor,Road,Cloudy,Sat,1,1
2025-05-17,S002,Excavator,Mining,Sunny,Sat,1,0
2025-05-17,S002,Bulldozer,Mining,Sunny,Sat,1,2
2025-05-17,S002,Crane,Mining,Sunny,Sat,1,2
2025-05-17,S002,Grader,Mining,Sunny,Sat,1,0
2025-05-17,S002,Loader,Mining,Sunny,Sat,1,2
2025-05-17,S002,Compactor,Mining,Sunny,Sat,1,1
2025-05-17,S003,Excavator,Building,Sunny,Sat,1,0
2025-05-17,S003,Bulldozer,Building,Sunny,Sat,1,0
2025-05-17,S003,Crane,Building,Sunny,Sat,1,2
2025-05-17,S003,Grader,Building,Sunny,Sat,1,1
2025-05-17,S003,Loader,Building,Sunny,Sat,1,2
2025-05-17,S003,Compactor,Building,Sunny,Sat,1,0
2025-05-17,S004,Excavator,Highway,Sunny,Sat,1,2
2025-05-17,S004,Bulldozer,Highway,Sunny,Sat,1,0
2025-05-17,S004,Crane,Highway,Sunny,Sat,1,0
2025-05-17,S004,Grader,Highway,Sunny,Sat,1,3
2025-05-17,S004,Loader,Highway,Sunny,Sat,1,1
2025-05-17,S004,Compactor,Highway,Sunny,Sat,1,2
2025-05-17,S005,Excavator,Mining,Rain,Sat,1,0
2025-05-17,S005,Bulldozer,Mining,Rain,Sat,1,2
2025-05-17,S005,Crane,Mining,Rain,Sat,1,0
2025-05-17,S005,Grader,Mining,Rain,Sat,1,0
2025-05-17,S005,Loader,Mining,Rain,Sat,1,1
2025-05-17,S005,Compactor,Mining,Rain,Sat,1,0
2025-05-17,S006,Excavator,Road,Sunny,Sat,1,1
2025-05-17,S006,Bulldozer,Road,Sunny,Sat,1,1
2025-05-17,S006,Crane,Road,Sunny,Sat,1,0
2025-05-17,S006,Grader,Road,Sunny,Sat,1,1
2025-05-17,S006,Loader,Road,Sunny,Sat,1,1
2025-05-17,S006,Compactor,Road,Sunny,Sat,1,1
2025-05-18,S001,Excavator,Road,Sunny,Sun,1,1
2025-05-18,S001,Bulldozer,Road,Sunny,Sun,1,1
2025-05-18,S001,Crane,Road,Sunny,Sun,1,0
2025-05-18,S001,Grader,Road,Sunny,Sun,1,2
2025-05-18,S001,Loader,Road,Sunny,Sun,1,1
2025-05-18,S001,Compactor,Road,Sunny,Sun,1,1
2025-05-18,S002,Excavator,Mining,Sunny,Sun,1,2
2025-05-18,S002,Bulldozer,Mining,Sunny,Sun,1,1
2025-05-18,S002,Crane,Mining,Sunny,Sun,1,1
2025-05-18,S002,Grader,Mining,Sunny,Sun,1,0
2025-05-18,S002,Loader,Mining,Sunny,Sun,1,3
2025-05-18,S002,Compactor,Mining,Sunny,Sun,1,0
2025-05-18,S003,Excavator,Building,Sunny,Sun,1,2
2025-05-18,S003,Bulldozer,Building,Sunny,Sun,1,0
2025-05-18,S003,Crane,Building,Sunny,Sun,1,1
2025-05-18,S003,Grader,Building,Sunny,Sun,1,1
2025-05-18,S003,Loader,Building,Sunny,Sun,1,1
2025-05-18,S003,Compactor,Building,Sunny,Sun,1,1
2025-05-18,S004,Excavator,Highway,Sunny,Sun,1,2
2025-05-18,S004,Bulldozer,Highway,Sunny,Sun,1,1
2025-05-18,S004,Crane,Highway,Sunny,Sun,1,0
2025-05-18,S004,Grader,Highway,Sunny,Sun,1,2
2025-05-18,S004,Loader,Highway,Sunny,Sun,1,1
2025-05-18,S004,Compactor,Highway,Sunny,Sun,1,2
2025-05-18,S005,Excavator,Mining,Sunny,Sun,1,1
2025-05-18,S005,Bulldozer,Mining,Sunny,Sun,1,2
2025-05-18,S005,Crane,Mining,Sunny,Sun,1,1
2025-05-18,S005,Grader,Mining,Sunny,Sun,1,0
2025-05-18,S005,Loader,Mining,Sunny,Sun,1,1
2025-05-18,S005,Compactor,Mining,Sunny,Sun,1,0
2025-05-18,S006,Excavator,Road,Sunny,Sun,1,2
2025-05-18,S006,Bulldozer,Road,Sunny,Sun,1,1
2025-05-18,S006,Crane,Road,Sunny,Sun,1,0
2025-05-18,S006,Grader,Road,Sunny,Sun,1,1
2025-05-18,S006,Loader,Road,Sunny,Sun,1,2
2025-05-18,S006,Compactor,Road,Sunny,Sun,1,1
2025-05-19,S001,Excavator,Road,Cloudy,Mon,0,5
2025-05-19,S001,Bulldozer,Road,Cloudy,Mon,0,3
2025-05-19,S001,Crane,Road,Cloudy,Mon,0,2
2025-05-19,S001,Grader,Road,Cloudy,Mon,0,3
2025-05-19,S001,Loader,Road,Cloudy,Mon,0,3
2025-05-19,S001,Compactor,Road,Cloudy,Mon,0,4
2025-05-19,S002,Excavator,Mining,Sunny,Mon,0,4
2025-05-19,S002,Bulldozer,Mining,Sunny,Mon,0,6
2025-05-19,S002,Crane,Mining,Sunny,Mon,0,3
2025-05-19,S002,Grader,Mining,Sunny,Mon,0,1
2025-05-19,S002,Loader,Mining,Sunny,Mon,0,4
2025-05-19,S002,Compactor,Mining,Sunny,Mon,0,2
2025-05-19,S003,Excavator,Building,Sunny,Mon,0,2
2025-05-19,S003,Bulldozer,Building,Sunny,Mon,0,1
2025-05-19,S003,Crane,Building,Sunny,Mon,0,4
2025-05-19,S003,Grader,Building,Sunny,Mon,0,1
2025-05-19,S003,Loader,Building,Sunny,Mon,0,2
2025-05-19,S003,Compactor,Building,Sunny,Mon,0,1
2025-05-19,S004,Excavator,Highway,Rain,Mon,0,2
2025-05-19,S004,Bulldozer,Highway,Rain,Mon,0,1
2025-05-19,S004,Crane,Highway,Rain,Mon,0,1
2025-05-19,S004,Grader,Highway,Rain,Mon,0,3
2025-05-19,S004,Loader,Highway,Rain,Mon,0,1
2025-05-19,S004,Compactor,Highway,Rain,Mon,0,2
2025-05-19,S005,Excavator,Mining,Cloudy,Mon,0,2
2025-05-19,S005,Bulldozer,Mining,Cloudy,Mon,0,5
2025-05-19,S005,Crane,Mining,Cloudy,Mon,0,1
2025-05-19,S005,Grader,Mining,Cloudy,Mon,0,1
2025-05-19,S005,Loader,Mining,Cloudy,Mon,0,5
2025-05-19,S005,Compactor,Mining,Cloudy,Mon,0,1
2025-05-19,S006,Excavator,Road,Sunny,Mon,0,5
2025-05-19,S006,Bulldozer,Road,Sunny,Mon,0,2
2025-05-19,S006,Crane,Road,Sunny,Mon,0,0
2025-05-19,S006,Grader,Road,Sunny,Mon,0,5
2025-05-19,S006,Loader,Road,Sunny,Mon,0,4
2025-05-19,S006,Compactor,Road,Sunny,Mon,0,5
2025-05-20,S001,Excavator,Road,Cloudy,Tue,0,4
2025-05-20,S001,Bulldozer,Road,Cloudy,Tue,0,2
2025-05-20,S001,Crane,Road,Cloudy,Tue,0,0
2025-05-20,S001,Grader,Road,Cloudy,Tue,0,4
2025-05-20,S001,Loader,Road,Cloudy,Tue,0,3
2025-05-20,S001,Compactor,Road,Cloudy,Tue,0,4
2025-05-20,S002,Excavator,Mining,Cloudy,Tue,0,3
2025-05-20,S002,Bulldozer,Mining,Cloudy,Tue,0,5
2025-05-20,S002,Crane,Mining,Cloudy,Tue,0,2
2025-05-20,S002,Grader,Mining,Cloudy,Tue,0,1
2025-05-20,S002,Loader,Mining,Cloudy,Tue,0,4
2025-05-20,S002,Compactor,Mining,Cloudy,Tue,0,1
2025-05-20,S003,Excavator,Building,Cloudy,Tue,0,2
2025-05-20,S003,Bulldozer,Building,Cloudy,Tue,0,2
2025-05-20,S003,Crane,Building,Cloudy,Tue,0,5
2025-05-20,S003,Grader,Building,Cloudy,Tue,0,0
2025-05-20,S003,Loader,Building,Cloudy,Tue,0,1
2025-05-20,S003,Compactor,Building,Cloudy,Tue,0,2
2025-05-20,S004,Excavator,Highway,Sunny,Tue,0,5
2025-05-20,S004,Bulldozer,Highway,Sunny,Tue,0,2
2025-05-20,S004,Crane,Highway,Sunny,Tue,0,0
2025-05-20,S004,Grader,Highway,Sunny,Tue,0,5
2025-05-20,S004,Loader,Highway,Sunny,Tue,0,2
2025-05-20,S004,Compactor,Highway,Sunny,Tue,0,6
2025-05-20,S005,Excavator,Mining,Sunny,Tue,0,4
2025-05-20,S005,Bulldozer,Mining,Sunny,Tue,0,6
2025-05-20,S005,Crane,Mining,Sunny,Tue,0,2
2025-05-20,S005,Grader,Mining,Sunny,Tue,0,1
2025-05-20,S005,Loader,Mining,Sunny,Tue,0,4
2025-05-20,S005,Compactor,Mining,Sunny,Tue,0,1
2025-05-20,S006,Excavator,Road,Sunny,Tue,0,4
2025-05-20,S006,Bulldozer,Road,Sunny,Tue,0,3
2025-05-20,S006,Crane,Road,Sunny,Tue,0,1
2025-05-20,S006,Grader,Road,Sunny,Tue,0,3
2025-05-20,S006,Loader,Road,Sunny,Tue,0,4
2025-05-20,S006,Compactor,Road,Sunny,Tue,0,3
2025-05-21,S001,Excavator,Road,Sunny,Wed,0,4
2025-05-21,S001,Bulldozer,Road,Sunny,Wed,0,1
2025-05-21,S001,Crane,Road,Sunny,Wed,0,1
2025-05-21,S001,Grader,Road,Sunny,Wed,0,4
2025-05-21,S001,Loader,Road,Sunny,Wed,0,3
2025-05-21,S001,Compactor,Road,Sunny,Wed,0,3
2025-05-21,S002,Excavator,Mining,Sunny,Wed,0,4
2025-05-21,S002,Bulldozer,Mining,Sunny,Wed,0,6
2025-05-21,S002,Crane,Mining,Sunny,Wed,0,3
2025-05-21,S002,Grader,Mining,Sunny,Wed,0,2
2025-05-21,S002,Loader,Mining,Sunny,Wed,0,4
2025-05-21,S002,Compactor,Mining,Sunny,Wed,0,2
2025-05-21,S003,Excavator,Building,Sunny,Wed,0,2
2025-05-21,S003,Bulldozer,Building,Sunny,Wed,0,2
2025-05-21,S003,Crane,Building,Sunny,Wed,0,5
2025-05-21,S003,Grader,Building,Sunny,Wed,0,1
2025-05-21,S003,Loader,Building,Sunny,Wed,0,3
2025-05-21,S003,Compactor,Building,Sunny,Wed,0,1
2025-05-21,S004,Excavator,Highway,Sunny,Wed,0,5
2025-05-21,S004,Bulldozer,Highway,Sunny,Wed,0,3
2025-05-21,S004,Crane,Highway,Sunny,Wed,0,0
2025-05-21,S004,Grader,Highway,Sunny,Wed,0,5
2025-05-21,S004,Loader,Highway,Sunny,Wed,0,3
2025-05-21,S004,Compactor,Highway,Sunny,Wed,0,6
2025-05-21,S005,Excavator,Mining,Rain,Wed,0,2
2025-05-21,S005,Bulldozer,Mining,Rain,Wed,0,4
2025-05-21,S005,Crane,Mining,Rain,Wed,0,2
2025-05-21,S005,Grader,Mining,Rain,Wed,0,1
2025-05-21,S005,Loader,Mining,Rain,Wed,0,2
2025-05-21,S005,Compactor,Mining,Rain,Wed,0,1
2025-05-21,S006,Excavator,Road,Sunny,Wed,0,4
2025-05-21,S006,Bulldozer,Road,Sunny,Wed,0,2
2025-05-21,S006,Crane,Road,Sunny,Wed,0,1
2025-05-21,S006,Grader,Road,Sunny,Wed,0,5
2025-05-21,S006,Loader,Road,Sunny,Wed,0,3
2025-05-21,S006,Compactor,Road,Sunny,Wed,0,4
2025-05-22,S001,Excavator,Road,Cloudy,Thu,0,5
2025-05-22,S001,Bulldozer,Road,Cloudy,Thu,0,2
2025-05-22,S001,Crane,Road,Cloudy,Thu,0,1
2025-05-22,S001,Grader,Road,Cloudy,Thu,0,4
2025-05-22,S001,Loader,Road,Cloudy,Thu,0,2
2025-05-22,S001,Compactor,Road,Cloudy,Thu,0,3
2025-05-22,S002,Excavator,Mining,Rain,Thu,0,2
2025-05-22,S002,Bulldozer,Mining,Rain,Thu,0,2
2025-05-22,S002,Crane,Mining,Rain,Thu,0,1
2025-05-22,S002,Grader,Mining,Rain,Thu,0,1
2025-05-22,S002,Loader,Mining,Rain,Thu,0,2
2025-05-22,S002,Compactor,Mining,Rain,Thu,0,0
2025-05-22,S003,Excavator,Building,Sunny,Thu,0,2
2025-05-22,S003,Bulldozer,Building,Sunny,Thu,0,2
2025-05-22,S003,Crane,Building,Sunny,Thu,0,6
2025-05-22,S003,Grader,Building,Sunny,Thu,0,1
2025-05-22,S003,Loader,Building,Sunny,Thu,0,3
2025-05-22,S003,Compactor,Building,Sunny,Thu,0,2
2025-05-22,S004,Excavator,Highway,Sunny,Thu,0,6
2025-05-22,S004,Bulldozer,Highway,Sunny,Thu,0,2
2025-05-22,S004,Crane,Highway,Sunny,Thu,0,0
2025-05-22,S004,Grader,Highway,Sunny,Thu,0,5
2025-05-22,S004,Loader,Highway,Sunny,Thu,0,2
2025-05-22,S004,Compactor,Highway,Sunny,Thu,0,5
2025-05-22,S005,Excavator,Mining,Sunny,Thu,0,4
2025-05-22,S005,Bulldozer,Mining,Sunny,Thu,0,6
2025-05-22,S005,Crane,Mining,Sunny,Thu,0,3
2025-05-22,S005,Grader,Mining,Sunny,Thu,0,2
2025-05-22,S005,Loader,Mining,Sunny,Thu,0,5
2025-05-22,S005,Compactor,Mining,Sunny,Thu,0,0
2025-05-22,S006,Excavator,Road,Sunny,Thu,0,5
2025-05-22,S006,Bulldozer,Road,Sunny,Thu,0,2
2025-05-22,S006,Crane,Road,Sunny,Thu,0,1
2025-05-22,S006,Grader,Road,Sunny,Thu,0,4
2025-05-22,S006,Loader,Road,Sunny,Thu,0,3
2025-05-22,S006,Compactor,Road,Sunny,Thu,0,4
2025-05-23,S001,Excavator,Road,Cloudy,Fri,0,4
2025-05-23,S001,Bulldozer,Road,Cloudy,Fri,0,1
2025-05-23,S001,Crane,Road,Cloudy,Fri,0,0
2025-05-23,S001,Grader,Road,Cloudy,Fri,0,3
2025-05-23,S001,Loader,Road,Cloudy,Fri,0,2
2025-05-23,S001,Compactor,Road,Cloudy,Fri,0,3
2025-05-23,S002,Excavator,Mining,Cloudy,Fri,0,3
2025-05-23,S002,Bulldozer,Mining,Cloudy,Fri,0,6
2025-05-23,S002,Crane,Mining,Cloudy,Fri,0,2
2025-05-23,S002,Grader,Mining,Cloudy,Fri,0,1
2025-05-23,S002,Loader,Mining,Cloudy,Fri,0,4
2025-05-23,S002,Compactor,Mining,Cloudy,Fri,0,0
2025-05-23,S003,Excavator,Building,Sunny,Fri,0,2
2025-05-23,S003,Bulldozer,Building,Sunny,Fri,0,1
2025-05-23,S003,Crane,Building,Sunny,Fri,0,4
2025-05-23,S003,Grader,Building,Sunny,Fri,0,1
2025-05-23,S003,Loader,Building,Sunny,Fri,0,2
2025-05-23,S003,Compactor,Building,Sunny,Fri,0,2
2025-05-23,S004,Excavator,Highway,Sunny,Fri,0,4
2025-05-23,S004,Bulldozer,Highway,Sunny,Fri,0,3
2025-05-23,S004,Crane,Highway,Sunny,Fri,0,2
2025-05-23,S004,Grader,Highway,Sunny,Fri,0,5
2025-05-23,S004,Loader,Highway,Sunny,Fri,0,2
2025-05-23,S004,Compactor,Highway,Sunny,Fri,0,5
2025-05-23,S005,Excavator,Mining,Cloudy,Fri,0,4
2025-05-23,S005,Bulldozer,Mining,Cloudy,Fri,0,6
2025-05-23,S005,Crane,Mining,Cloudy,Fri,0,1
2025-05-23,S005,Grader,Mining,Cloudy,Fri,0,2
2025-05-23,S005,Loader,Mining,Cloudy,Fri,0,5
2025-05-23,S005,Compactor,Mining,Cloudy,Fri,0,0
2025-05-23,S006,Excavator,Road,Cloudy,Fri,0,5
2025-05-23,S006,Bulldozer,Road,Cloudy,Fri,0,2
2025-05-23,S006,Crane,Road,Cloudy,Fri,0,0
2025-05-23,S006,Grader,Road,Cloudy,Fri,0,4
2025-05-23,S006,Loader,Road,Cloudy,Fri,0,2
2025-05-23,S006,Compactor,Road,Cloudy,Fri,0,3
2025-05-24,S001,Excavator,Road,Cloudy,Sat,1,2
2025-05-24,S001,Bulldozer,Road,Cloudy,Sat,1,0
2025-05-24,S001,Crane,Road,Cloudy,Sat,1,0
2025-05-24,S001,Grader,Road,Cloudy,Sat,1,2
2025-05-24,S001,Loader,Road,Cloudy,Sat,1,1
2025-05-24,S001,Compactor,Road,Cloudy,Sat,1,2
2025-05-24,S002,Excavator,Mining,Sunny,Sat,1,2
2025-05-24,S002,Bulldozer,Mining,Sunny,Sat,1,1
2025-05-24,S002,Crane,Mining,Sunny,Sat,1,1
2025-05-24,S002,Grader,Mining,Sunny,Sat,1,1
2025-05-24,S002,Loader,Mining,Sunny,Sat,1,2
2025-05-24,S002,Compactor,Mining,Sunny,Sat,1,1
2025-05-24,S003,Excavator,Building,Rain,Sat,1,0
2025-05-24,S003,Bulldozer,Building,Rain,Sat,1,0
2025-05-24,S003,Crane,Building,Rain,Sat,1,1
2025-05-24,S003,Grader,Building,Rain,Sat,1,1
2025-05-24,S003,Loader,Building,Rain,Sat,1,1
2025-05-24,S003,Compactor,Building,Rain,Sat,1,0
2025-05-24,S004,Excavator,Highway,Sunny,Sat,1,3
2025-05-24,S004,Bulldozer,Highway,Sunny,Sat,1,0
2025-05-24,S004,Crane,Highway,Sunny,Sat,1,1
2025-05-24,S004,Grader,Highway,Sunny,Sat,1,1
2025-05-24,S004,Loader,Highway,Sunny,Sat,1,1
2025-05-24,S004,Compactor,Highway,Sunny,Sat,1,3
2025-05-24,S005,Excavator,Mining,Sunny,Sat,1,1
2025-05-24,S005,Bulldozer,Mining,Sunny,Sat,1,2
2025-05-24,S005,Crane,Mining,Sunny,Sat,1,1
2025-05-24,S005,Grader,Mining,Sunny,Sat,1,0
2025-05-24,S005,Loader,Mining,Sunny,Sat,1,2
2025-05-24,S005,Compactor,Mining,Sunny,Sat,1,0
2025-05-24,S006,Excavator,Road,Sunny,Sat,1,3
2025-05-24,S006,Bulldozer,Road,Sunny,Sat,1,1
2025-05-24,S006,Crane,Road,Sunny,Sat,1,1
2025-05-24,S006,Grader,Road,Sunny,Sat,1,1
2025-05-24,S006,Loader,Road,Sunny,Sat,1,1
2025-05-24,S006,Compactor,Road,Sunny,Sat,1,1
2025-05-25,S001,Excavator,Road,Sunny,Sun,1,3
2025-05-25,S001,Bulldozer,Road,Sunny,Sun,1,0
2025-05-25,S001,Crane,Road,Sunny,Sun,1,1
2025-05-25,S001,Grader,Road,Sunny,Sun,1,2
2025-05-25,S001,Loader,Road,Sunny,Sun,1,2
2025-05-25,S001,Compactor,Road,Sunny,Sun,1,1
2025-05-25,S002,Excavator,Mining,Sunny,Sun,1,1
2025-05-25,S002,Bulldozer,Mining,Sunny,Sun,1,3
2025-05-25,S002,Crane,Mining,Sunny,Sun,1,0
2025-05-25,S002,Grader,Mining,Sunny,Sun,1,1
2025-05-25,S002,Loader,Mining,Sunny,Sun,1,2
2025-05-25,S002,Compactor,Mining,Sunny,Sun,1,0
2025-05-25,S003,Excavator,Building,Cloudy,Sun,1,0
2025-05-25,S003,Bulldozer,Building,Cloudy,Sun,1,0
2025-05-25,S003,Crane,Building,Cloudy,Sun,1,1
2025-05-25,S003,Grader,Building,Cloudy,Sun,1,0
2025-05-25,S003,Loader,Building,Cloudy,Sun,1,0
2025-05-25,S003,Compactor,Building,Cloudy,Sun,1,1
2025-05-25,S004,Excavator,Highway,Sunny,Sun,1,1
2025-05-25,S004,Bulldozer,Highway,Sunny,Sun,1,2
2025-05-25,S004,Crane,Highway,Sunny,Sun,1,0
2025-05-25,S004,Grader,Highway,Sunny,Sun,1,1
2025-05-25,S004,Loader,Highway,Sunny,Sun,1,2
2025-05-25,S004,Compactor,Highway,Sunny,Sun,1,3
2025-05-25,S005,Excavator,Mining,Sunny,Sun,1,2
2025-05-25,S005,Bulldozer,Mining,Sunny,Sun,1,3
2025-05-25,S005,Crane,Mining,Sunny,Sun,1,0
2025-05-25,S005,Grader,Mining,Sunny,Sun,1,0
2025-05-25,S005,Loader,Mining,Sunny,Sun,1,3
2025-05-25,S005,Compactor,Mining,Sunny,Sun,1,1
2025-05-25,S006,Excavator,Road,Sunny,Sun,1,3
2025-05-25,S006,Bulldozer,Road,Sunny,Sun,1,1
2025-05-25,S006,Crane,Road,Sunny,Sun,1,1
2025-05-25,S006,Grader,Road,Sunny,Sun,1,2
2025-05-25,S006,Loader,Road,Sunny,Sun,1,2
2025-05-25,S006,Compactor,Road,Sunny,Sun,1,1
2025-05-26,S001,Excavator,Road,Cloudy,Mon,0,5
2025-05-26,S001,Bulldozer,Road,Cloudy,Mon,0,1
2025-05-26,S001,Crane,Road,Cloudy,Mon,0,1
2025-05-26,S001,Grader,Road,Cloudy,Mon,0,4
2025-05-26,S001,Loader,Road,Cloudy,Mon,0,3
2025-05-26,S001,Compactor,Road,Cloudy,Mon,0,4
2025-05-26,S002,Excavator,Mining,Sunny,Mon,0,3
2025-05-26,S002,Bulldozer,Mining,Sunny,Mon,0,6
2025-05-26,S002,Crane,Mining,Sunny,Mon,0,1
2025-05-26,S002,Grader,Mining,Sunny,Mon,0,2
2025-05-26,S002,Loader,Mining,Sunny,Mon,0,6
2025-05-26,S002,Compactor,Mining,Sunny,Mon,0,0
2025-05-26,S003,Excavator,Building,Rain,Mon,0,1
2025-05-26,S003,Bulldozer,Building,Rain,Mon,0,0
2025-05-26,S003,Crane,Building,Rain,Mon,0,3
2025-05-26,S003,Grader,Building,Rain,Mon,0,1
2025-05-26,S003,Loader,Building,Rain,Mon,0,1
2025-05-26,S003,Compactor,Building,Rain,Mon,0,0
2025-05-26,S004,Excavator,Highway,Sunny,Mon,0,6
2025-05-26,S004,Bulldozer,Highway,Sunny,Mon,0,3
2025-05-26,S004,Crane,Highway,Sunny,Mon,0,2
2025-05-26,S004,Grader,Highway,Sunny,Mon,0,4
2025-05-26,S004,Loader,Highway,Sunny,Mon,0,2
2025-05-26,S004,Compactor,Highway,Sunny,Mon,0,5
2025-05-26,S005,Excavator,Mining,Cloudy,Mon,0,2
2025-05-26,S005,Bulldozer,Mining,Cloudy,Mon,0,4
2025-05-26,S005,Crane,Mining,Cloudy,Mon,0,2
2025-05-26,S005,Grader,Mining,Cloudy,Mon,0,0
2025-05-26,S005,Loader,Mining,Cloudy,Mon,0,5
2025-05-26,S005,Compactor,Mining,Cloudy,Mon,0,0
2025-05-26,S006,Excavator,Road,Sunny,Mon,0,5
2025-05-26,S006,Bulldozer,Road,Sunny,Mon,0,3
2025-05-26,S006,Crane,Road,Sunny,Mon,0,1
2025-05-26,S006,Grader,Road,Sunny,Mon,0,4
2025-05-26,S006,Loader,Road,Sunny,Mon,0,2
2025-05-26,S006,Compactor,Road,Sunny,Mon,0,4
2025-05-27,S001,Excavator,Road,Sunny,Tue,0,6
2025-05-27,S001,Bulldozer,Road,Sunny,Tue,0,2
2025-05-27,S001,Crane,Road,Sunny,Tue,0,2
2025-05-27,S001,Grader,Road,Sunny,Tue,0,4
2025-05-27,S001,Loader,Road,Sunny,Tue,0,3
2025-05-27,S001,Compactor,Road,Sunny,Tue,0,3
2025-05-27,S002,Excavator,Mining,Sunny,Tue,0,3
2025-05-27,S002,Bulldozer,Mining,Sunny,Tue,0,6
2025-05-27,S002,Crane,Mining,Sunny,Tue,0,2
2025-05-27,S002,Grader,Mining,Sunny,Tue,0,0
2025-05-27,S002,Loader,Mining,Sunny,Tue,0,5
2025-05-27,S002,Compactor,Mining,Sunny,Tue,0,1
2025-05-27,S003,Excavator,Building,Cloudy,Tue,0,2
2025-05-27,S003,Bulldozer,Building,Cloudy,Tue,0,1
2025-05-27,S003,Crane,Building,Cloudy,Tue,0,4
2025-05-27,S003,Grader,Building,Cloudy,Tue,0,2
2025-05-27,S003,Loader,Building,Cloudy,Tue,0,3
2025-05-27,S003,Compactor,Building,Cloudy,Tue,0,2
2025-05-27,S004,Excavator,Highway,Sunny,Tue,0,6
2025-05-27,S004,Bulldozer,Highway,Sunny,Tue,0,3
2025-05-27,S004,Crane,Highway,Sunny,Tue,0,1
2025-05-27,S004,Grader,Highway,Sunny,Tue,0,4
2025-05-27,S004,Loader,Highway,Sunny,Tue,0,3
2025-05-27,S004,Compactor,Highway,Sunny,Tue,0,6
2025-05-27,S005,Excavator,Mining,Sunny,Tue,0,3
2025-05-27,S005,Bulldozer,Mining,Sunny,Tue,0,7
2025-05-27,S005,Crane,Mining,Sunny,Tue,0,2
2025-05-27,S005,Grader,Mining,Sunny,Tue,0,1
2025-05-27,S005,Loader,Mining,Sunny,Tue,0,6
2025-05-27,S005,Compactor,Mining,Sunny,Tue,0,2
2025-05-27,S006,Excavator,Road,Sunny,Tue,0,4
2025-05-27,S006,Bulldozer,Road,Sunny,Tue,0,2
2025-05-27,S006,Crane,Road,Sunny,Tue,0,1
2025-05-27,S006,Grader,Road,Sunny,Tue,0,5
2025-05-27,S006,Loader,Road,Sunny,Tue,0,3
2025-05-27,S006,Compactor,Road,Sunny,Tue,0,4
2025-05-28,S001,Excavator,Road,Sunny,Wed,0,5
2025-05-28,S001,Bulldozer,Road,Sunny,Wed,0,2
2025-05-28,S001,Crane,Road,Sunny,Wed,0,1
2025-05-28,S001,Grader,Road,Sunny,Wed,0,5
2025-05-28,S001,Loader,Road,Sunny,Wed,0,4
2025-05-28,S001,Compactor,Road,Sunny,Wed,0,5
2025-05-28,S002,Excavator,Mining,Sunny,Wed,0,4
2025-05-28,S002,Bulldozer,Mining,Sunny,Wed,0,5
2025-05-28,S002,Crane,Mining,Sunny,Wed,0,3
2025-05-28,S002,Grader,Mining,Sunny,Wed,0,1
2025-05-28,S002,Loader,Mining,Sunny,Wed,0,6
2025-05-28,S002,Compactor,Mining,Sunny,Wed,0,1
2025-05-28,S003,Excavator,Building,Cloudy,Wed,0,1
2025-05-28,S003,Bulldozer,Building,Cloudy,Wed,0,2
2025-05-28,S003,Crane,Building,Cloudy,Wed,0,5
2025-05-28,S003,Grader,Building,Cloudy,Wed,0,1
2025-05-28,S003,Loader,Building,Cloudy,Wed,0,2
2025-05-28,S003,Compactor,Building,Cloudy,Wed,0,1
2025-05-28,S004,Excavator,Highway,Cloudy,Wed,0,4
2025-05-28,S004,Bulldozer,Highway,Cloudy,Wed,0,2
2025-05-28,S004,Crane,Highway,Cloudy,Wed,0,0
2025-05-28,S004,Grader,Highway,Cloudy,Wed,0,5
2025-05-28,S004,Loader,Highway,Cloudy,Wed,0,3
2025-05-28,S004,Compactor,Highway,Cloudy,Wed,0,3
2025-05-28,S005,Excavator,Mining,Cloudy,Wed,0,2
2025-05-28,S005,Bulldozer,Mining,Cloudy,Wed,0,5
2025-05-28,S005,Crane,Mining,Cloudy,Wed,0,2
2025-05-28,S005,Grader,Mining,Cloudy,Wed,0,1
2025-05-28,S005,Loader,Mining,Cloudy,Wed,0,5
2025-05-28,S005,Compactor,Mining,Cloudy,Wed,0,2
2025-05-28,S006,Excavator,Road,Rain,Wed,0,2
2025-05-28,S006,Bulldozer,Road,Rain,Wed,0,0
2025-05-28,S006,Crane,Road,Rain,Wed,0,0
2025-05-28,S006,Grader,Road,Rain,Wed,0,2
2025-05-28,S006,Loader,Road,Rain,Wed,0,2
2025-05-28,S006,Compactor,Road,Rain,Wed,0,2
2025-05-29,S001,Excavator,Road,Cloudy,Thu,0,4
2025-05-29,S001,Bulldozer,Road,Cloudy,Thu,0,1
2025-05-29,S001,Crane,Road,Cloudy,Thu,0,1
2025-05-29,S001,Grader,Road,Cloudy,Thu,0,3
2025-05-29,S001,Loader,Road,Cloudy,Thu,0,3
2025-05-29,S001,Compactor,Road,Cloudy,Thu,0,4
2025-05-29,S002,Excavator,Mining,Sunny,Thu,0,3
2025-05-29,S002,Bulldozer,Mining,Sunny,Thu,0,6
2025-05-29,S002,Crane,Mining,Sunny,Thu,0,2
2025-05-29,S002,Grader,Mining,Sunny,Thu,0,1
2025-05-29,S002,Loader,Mining,Sunny,Thu,0,5
2025-05-29,S002,Compactor,Mining,Sunny,Thu,0,2
2025-05-29,S003,Excavator,Building,Sunny,Thu,0,1
2025-05-29,S003,Bulldozer,Building,Sunny,Thu,0,0
2025-05-29,S003,Crane,Building,Sunny,Thu,0,4
2025-05-29,S003,Grader,Building,Sunny,Thu,0,1
2025-05-29,S003,Loader,Building,Sunny,Thu,0,3
2025-05-29,S003,Compactor,Building,Sunny,Thu,0,3
2025-05-29,S004,Excavator,Highway,Sunny,Thu,0,6
2025-05-29,S004,Bulldozer,Highway,Sunny,Thu,0,3
2025-05-29,S004,Crane,Highway,Sunny,Thu,0,1
2025-05-29,S004,Grader,Highway,Sunny,Thu,0,5
2025-05-29,S004,Loader,Highway,Sunny,Thu,0,2
2025-05-29,S004,Compactor,Highway,Sunny,Thu,0,4
2025-05-29,S005,Excavator,Mining,Rain,Thu,0,2
2025-05-29,S005,Bulldozer,Mining,Rain,Thu,0,3
2025-05-29,S005,Crane,Mining,Rain,Thu,0,2
2025-05-29,S005,Grader,Mining,Rain,Thu,0,1
2025-05-29,S005,Loader,Mining,Rain,Thu,0,2
2025-05-29,S005,Compactor,Mining,Rain,Thu,0,0
2025-05-29,S006,Excavator,Road,Sunny,Thu,0,5
2025-05-29,S006,Bulldozer,Road,Sunny,Thu,0,1
2025-05-29,S006,Crane,Road,Sunny,Thu,0,0
2025-05-29,S006,Grader,Road,Sunny,Thu,0,4
2025-05-29,S006,Loader,Road,Sunny,Thu,0,2
2025-05-29,S006,Compactor,Road,Sunny,Thu,0,4
2025-05-30,S001,Excavator,Road,Rain,Fri,0,2
2025-05-30,S001,Bulldozer,Road,Rain,Fri,0,1
2025-05-30,S001,Crane,Road,Rain,Fri,0,0
2025-05-30,S001,Grader,Road,Rain,Fri,0,1
2025-05-30,S001,Loader,Road,Rain,Fri,0,1
2025-05-30,S001,Compactor,Road,Rain,Fri,0,3
2025-05-30,S002,Excavator,Mining,Sunny,Fri,0,3
2025-05-30,S002,Bulldozer,Mining,Sunny,Fri,0,6
2025-05-30,S002,Crane,Mining,Sunny,Fri,0,3
2025-05-30,S002,Grader,Mining,Sunny,Fri,0,1
2025-05-30,S002,Loader,Mining,Sunny,Fri,0,5
2025-05-30,S002,Compactor,Mining,Sunny,Fri,0,1
2025-05-30,S003,Excavator,Building,Sunny,Fri,0,1
2025-05-30,S003,Bulldozer,Building,Sunny,Fri,0,2
2025-05-30,S003,Crane,Building,Sunny,Fri,0,5
2025-05-30,S003,Grader,Building,Sunny,Fri,0,1
2025-05-30,S003,Loader,Building,Sunny,Fri,0,2
2025-05-30,S003,Compactor,Building,Sunny,Fri,0,1
2025-05-30,S004,Excavator,Highway,Sunny,Fri,0,4
2025-05-30,S004,Bulldozer,Highway,Sunny,Fri,0,4
2025-05-30,S004,Crane,Highway,Sunny,Fri,0,0
2025-05-30,S004,Grader,Highway,Sunny,Fri,0,5
2025-05-30,S004,Loader,Highway,Sunny,Fri,0,4
2025-05-30,S004,Compactor,Highway,Sunny,Fri,0,6
2025-05-30,S005,Excavator,Mining,Rain,Fri,0,1
2025-05-30,S005,Bulldozer,Mining,Rain,Fri,0,2
2025-05-30,S005,Crane,Mining,Rain,Fri,0,1
2025-05-30,S005,Grader,Mining,Rain,Fri,0,0
2025-05-30,S005,Loader,Mining,Rain,Fri,0,3
2025-05-30,S005,Compactor,Mining,Rain,Fri,0,0
2025-05-30,S006,Excavator,Road,Cloudy,Fri,0,4
2025-05-30,S006,Bulldozer,Road,Cloudy,Fri,0,2
2025-05-30,S006,Crane,Road,Cloudy,Fri,0,2
2025-05-30,S006,Grader,Road,Cloudy,Fri,0,3
2025-05-30,S006,Loader,Road,Cloudy,Fri,0,4
2025-05-30,S006,Compactor,Road,Cloudy,Fri,0,2
2025-05-31,S001,Excavator,Road,Cloudy,Sat,1,1
2025-05-31,S001,Bulldozer,Road,Cloudy,Sat,1,1
2025-05-31,S001,Crane,Road,Cloudy,Sat,1,0
2025-05-31,S001,Grader,Road,Cloudy,Sat,1,2
2025-05-31,S001,Loader,Road,Cloudy,Sat,1,1
2025-05-31,S001,Compactor,Road,Cloudy,Sat,1,1
2025-05-31,S002,Excavator,Mining,Cloudy,Sat,1,1
2025-05-31,S002,Bulldozer,Mining,Cloudy,Sat,1,3
2025-05-31,S002,Crane,Mining,Cloudy,Sat,1,1
2025-05-31,S002,Grader,Mining,Cloudy,Sat,1,0
2025-05-31,S002,Loader,Mining,Cloudy,Sat,1,2
2025-05-31,S002,Compactor,Mining,Cloudy,Sat,1,0
2025-05-31,S003,Excavator,Building,Sunny,Sat,1,0
2025-05-31,S003,Bulldozer,Building,Sunny,Sat,1,0
2025-05-31,S003,Crane,Building,Sunny,Sat,1,2
2025-05-31,S003,Grader,Building,Sunny,Sat,1,1
2025-05-31,S003,Loader,Building,Sunny,Sat,1,1
2025-05-31,S003,Compactor,Building,Sunny,Sat,1,1
2025-05-31,S004,Excavator,Highway,Rain,Sat,1,1
2025-05-31,S004,Bulldozer,Highway,Rain,Sat,1,0
2025-05-31,S004,Crane,Highway,Rain,Sat,1,0
2025-05-31,S004,Grader,Highway,Rain,Sat,1,1
2025-05-31,S004,Loader,Highway,Rain,Sat,1,1
2025-05-31,S004,Compactor,Highway,Rain,Sat,1,0
2025-05-31,S005,Excavator,Mining,Sunny,Sat,1,1
2025-05-31,S005,Bulldozer,Mining,Sunny,Sat,1,2
2025-05-31,S005,Crane,Mining,Sunny,Sat,1,0
2025-05-31,S005,Grader,Mining,Sunny,Sat,1,1
2025-05-31,S005,Loader,Mining,Sunny,Sat,1,2
2025-05-31,S005,Compactor,Mining,Sunny,Sat,1,0
2025-05-31,S006,Excavator,Road,Rain,Sat,1,0
2025-05-31,S006,Bulldozer,Road,Rain,Sat,1,1
2025-05-31,S006,Crane,Road,Rain,Sat,1,0
2025-05-31,S006,Grader,Road,Rain,Sat,1,0
2025-05-31,S006,Loader,Road,Rain,Sat,1,0
2025-05-31,S006,Compactor,Road,Rain,Sat,1,1
2025-06-01,S001,Excavator,Road,Sunny,Sun,1,3
2025-06-01,S001,Bulldozer,Road,Sunny,Sun,1,2
2025-06-01,S001,Crane,Road,Sunny,Sun,1,0
2025-06-01,S001,Grader,Road,Sunny,Sun,1,2
2025-06-01,S001,Loader,Road,Sunny,Sun,1,2
2025-06-01,S001,Compactor,Road,Sunny,Sun,1,2
2025-06-01,S002,Excavator,Mining,Sunny,Sun,1,2
2025-06-01,S002,Bulldozer,Mining,Sunny,Sun,1,3
2025-06-01,S002,Crane,Mining,Sunny,Sun,1,0
2025-06-01,S002,Grader,Mining,Sunny,Sun,1,0
2025-06-01,S002,Loader,Mining,Sunny,Sun,1,2
2025-06-01,S002,Compactor,Mining,Sunny,Sun,1,0
2025-06-01,S003,Excavator,Building,Sunny,Sun,1,2
2025-06-01,S003,Bulldozer,Building,Sunny,Sun,1,0
2025-06-01,S003,Crane,Building,Sunny,Sun,1,3
2025-06-01,S003,Grader,Building,Sunny,Sun,1,0
2025-06-01,S003,Loader,Building,Sunny,Sun,1,0
2025-06-01,S003,Compactor,Building,Sunny,Sun,1,2
2025-06-01,S004,Excavator,Highway,Sunny,Sun,1,1
2025-06-01,S004,Bulldozer,Highway,Sunny,Sun,1,0
2025-06-01,S004,Crane,Highway,Sunny,Sun,1,0
2025-06-01,S004,Grader,Highway,Sunny,Sun,1,1
2025-06-01,S004,Loader,Highway,Sunny,Sun,1,1
2025-06-01,S004,Compactor,Highway,Sunny,Sun,1,2
2025-06-01,S005,Excavator,Mining,Sunny,Sun,1,1
2025-06-01,S005,Bulldozer,Mining,Sunny,Sun,1,2
2025-06-01,S005,Crane,Mining,Sunny,Sun,1,1
2025-06-01,S005,Grader,Mining,Sunny,Sun,1,1
2025-06-01,S005,Loader,Mining,Sunny,Sun,1,2
2025-06-01,S005,Compactor,Mining,Sunny,Sun,1,0
2025-06-01,S006,Excavator,Road,Cloudy,Sun,1,2
2025-06-01,S006,Bulldozer,Road,Cloudy,Sun,1,1
2025-06-01,S006,Crane,Road,Cloudy,Sun,1,0
2025-06-01,S006,Grader,Road,Cloudy,Sun,1,1
2025-06-01,S006,Loader,Road,Cloudy,Sun,1,0
2025-06-01,S006,Compactor,Road,Cloudy,Sun,1,2
2025-06-02,S001,Excavator,Road,Rain,Mon,0,2
2025-06-02,S001,Bulldozer,Road,Rain,Mon,0,2
2025-06-02,S001,Crane,Road,Rain,Mon,0,1
2025-06-02,S001,Grader,Road,Rain,Mon,0,1
2025-06-02,S001,Loader,Road,Rain,Mon,0,2
2025-06-02,S001,Compactor,Road,Rain,Mon,0,1
2025-06-02,S002,Excavator,Mining,Sunny,Mon,0,4
2025-06-02,S002,Bulldozer,Mining,Sunny,Mon,0,6
2025-06-02,S002,Crane,Mining,Sunny,Mon,0,2
2025-06-02,S002,Grader,Mining,Sunny,Mon,0,1
2025-06-02,S002,Loader,Mining,Sunny,Mon,0,4
2025-06-02,S002,Compactor,Mining,Sunny,Mon,0,1
2025-06-02,S003,Excavator,Building,Sunny,Mon,0,3
2025-06-02,S003,Bulldozer,Building,Sunny,Mon,0,0
2025-06-02,S003,Crane,Building,Sunny,Mon,0,5
2025-06-02,S003,Grader,Building,Sunny,Mon,0,0
2025-06-02,S003,Loader,Building,Sunny,Mon,0,2
2025-06-02,S003,Compactor,Building,Sunny,Mon,0,1
2025-06-02,S004,Excavator,Highway,Sunny,Mon,0,5
2025-06-02,S004,Bulldozer,Highway,Sunny,Mon,0,2
2025-06-02,S004,Crane,Highway,Sunny,Mon,0,2
2025-06-02,S004,Grader,Highway,Sunny,Mon,0,4
2025-06-02,S004,Loader,Highway,Sunny,Mon,0,3
2025-06-02,S004,Compactor,Highway,Sunny,Mon,0,6
2025-06-02,S005,Excavator,Mining,Sunny,Mon,0,2
2025-06-02,S005,Bulldozer,Mining,Sunny,Mon,0,7
2025-06-02,S005,Crane,Mining,Sunny,Mon,0,2
2025-06-02,S005,Grader,Mining,Sunny,Mon,0,2
2025-06-02,S005,Loader,Mining,Sunny,Mon,0,5
2025-06-02,S005,Compactor,Mining,Sunny,Mon,0,1
2025-06-02,S006,Excavator,Road,Cloudy,Mon,0,4
2025-06-02,S006,Bulldozer,Road,Cloudy,Mon,0,3
2025-06-02,S006,Crane,Road,Cloudy,Mon,0,2
2025-06-02,S006,Grader,Road,Cloudy,Mon,0,3
2025-06-02,S006,Loader,Road,Cloudy,Mon,0,3
2025-06-02,S006,Compactor,Road,Cloudy,Mon,0,4
2025-06-03,S001,Excavator,Road,Sunny,Tue,0,6
2025-06-03,S001,Bulldozer,Road,Sunny,Tue,0,3
2025-06-03,S001,Crane,Road,Sunny,Tue,0,1
2025-06-03,S001,Grader,Road,Sunny,Tue,0,4
2025-06-03,S001,Loader,Road,Sunny,Tue,0,2
2025-06-03,S001,Compactor,Road,Sunny,Tue,0,5
2025-06-03,S002,Excavator,Mining,Sunny,Tue,0,4
2025-06-03,S002,Bulldozer,Mining,Sunny,Tue,0,6
2025-06-03,S002,Crane,Mining,Sunny,Tue,0,2
2025-06-03,S002,Grader,Mining,Sunny,Tue,0,1
2025-06-03,S002,Loader,Mining,Sunny,Tue,0,5
2025-06-03,S002,Compactor,Mining,Sunny,Tue,0,2
2025-06-03,S003,Excavator,Building,Sunny,Tue,0,3
2025-06-03,S003,Bulldozer,Building,Sunny,Tue,0,1
2025-06-03,S003,Crane,Building,Sunny,Tue,0,6
2025-06-03,S003,Grader,Building,Sunny,Tue,0,1
2025-06-03,S003,Loader,Building,Sunny,Tue,0,3
2025-06-03,S003,Compactor,Building,Sunny,Tue,0,2
2025-06-03,S004,Excavator,Highway,Sunny,Tue,0,4
2025-06-03,S004,Bulldozer,Highway,Sunny,Tue,0,3
2025-06-03,S004,Crane,Highway,Sunny,Tue,0,0
2025-06-03,S004,Grader,Highway,Sunny,Tue,0,6
2025-06-03,S004,Loader,Highway,Sunny,Tue,0,3
2025-06-03,S004,Compactor,Highway,Sunny,Tue,0,5
2025-06-03,S005,Excavator,Mining,Cloudy,Tue,0,3
2025-06-03,S005,Bulldozer,Mining,Cloudy,Tue,0,6
2025-06-03,S005,Crane,Mining,Cloudy,Tue,0,1
2025-06-03,S005,Grader,Mining,Cloudy,Tue,0,1
2025-06-03,S005,Loader,Mining,Cloudy,Tue,0,5
2025-06-03,S005,Compactor,Mining,Cloudy,Tue,0,1
2025-06-03,S006,Excavator,Road,Sunny,Tue,0,6
2025-06-03,S006,Bulldozer,Road,Sunny,Tue,0,2
2025-06-03,S006,Crane,Road,Sunny,Tue,0,1
2025-06-03,S006,Grader,Road,Sunny,Tue,0,5
2025-06-03,S006,Loader,Road,Sunny,Tue,0,3
2025-06-03,S006,Compactor,Road,Sunny,Tue,0,3
2025-06-04,S001,Excavator,Road,Cloudy,Wed,0,4
2025-06-04,S001,Bulldozer,Road,Cloudy,Wed,0,1
2025-06-04,S001,Crane,Road,Cloudy,Wed,0,0
2025-06-04,S001,Grader,Road,Cloudy,Wed,0,4
2025-06-04,S001,Loader,Road,Cloudy,Wed,0,3
2025-06-04,S001,Compactor,Road,Cloudy,Wed,0,3
2025-06-04,S002,Excavator,Mining,Sunny,Wed,0,4
2025-06-04,S002,Bulldozer,Mining,Sunny,Wed,0,6
2025-06-04,S002,Crane,Mining,Sunny,Wed,0,2
2025-06-04,S002,Grader,Mining,Sunny,Wed,0,0
2025-06-04,S002,Loader,Mining,Sunny,Wed,0,5
2025-06-04,S002,Compactor,Mining,Sunny,Wed,0,2
2025-06-04,S003,Excavator,Building,Sunny,Wed,0,2
2025-06-04,S003,Bulldozer,Building,Sunny,Wed,0,0
2025-06-04,S003,Crane,Building,Sunny,Wed,0,6
2025-06-04,S003,Grader,Building,Sunny,Wed,0,0
2025-06-04,S003,Loader,Building,Sunny,Wed,0,3
2025-06-04,S003,Compactor,Building,Sunny,Wed,0,3
2025-06-04,S004,Excavator,Highway,Rain,Wed,0,2
2025-06-04,S004,Bulldozer,Highway,Rain,Wed,0,2
2025-06-04,S004,Crane,Highway,Rain,Wed,0,0
2025-06-04,S004,Grader,Highway,Rain,Wed,0,2
2025-06-04,S004,Loader,Highway,Rain,Wed,0,1
2025-06-04,S004,Compactor,Highway,Rain,Wed,0,3
2025-06-04,S005,Excavator,Mining,Cloudy,Wed,0,2
2025-06-04,S005,Bulldozer,Mining,Cloudy,Wed,0,6
2025-06-04,S005,Crane,Mining,Cloudy,Wed,0,2
2025-06-04,S005,Grader,Mining,Cloudy,Wed,0,0
2025-06-04,S005,Loader,Mining,Cloudy,Wed,0,4
2025-06-04,S005,Compactor,Mining,Cloudy,Wed,0,1
2025-06-04,S006,Excavator,Road,Rain,Wed,0,3
2025-06-04,S006,Bulldozer,Road,Rain,Wed,0,2
2025-06-04,S006,Crane,Road,Rain,Wed,0,1
2025-06-04,S006,Grader,Road,Rain,Wed,0,2
2025-06-04,S006,Loader,Road,Rain,Wed,0,2
2025-06-04,S006,Compactor,Road,Rain,Wed,0,1
2025-06-05,S001,Excavator,Road,Sunny,Thu,0,5
2025-06-05,S001,Bulldozer,Road,Sunny,Thu,0,2
2025-06-05,S001,Crane,Road,Sunny,Thu,0,0
2025-06-05,S001,Grader,Road,Sunny,Thu,0,4
2025-06-05,S001,Loader,Road,Sunny,Thu,0,2
2025-06-05,S001,Compactor,Road,Sunny,Thu,0,5
2025-06-05,S002,Excavator,Mining,Sunny,Thu,0,4
2025-06-05,S002,Bulldozer,Mining,Sunny,Thu,0,6
2025-06-05,S002,Crane,Mining,Sunny,Thu,0,2
2025-06-05,S002,Grader,Mining,Sunny,Thu,0,2
2025-06-05,S002,Loader,Mining,Sunny,Thu,0,5
2025-06-05,S002,Compactor,Mining,Sunny,Thu,0,1
2025-06-05,S003,Excavator,Building,Sunny,Thu,0,2
2025-06-05,S003,Bulldozer,Building,Sunny,Thu,0,1
2025-06-05,S003,Crane,Building,Sunny,Thu,0,6
2025-06-05,S003,Grader,Building,Sunny,Thu,0,0
2025-06-05,S003,Loader,Building,Sunny,Thu,0,2
2025-06-05,S003,Compactor,Building,Sunny,Thu,0,3
2025-06-05,S004,Excavator,Highway,Cloudy,Thu,0,5
2025-06-05,S004,Bulldozer,Highway,Cloudy,Thu,0,2
2025-06-05,S004,Crane,Highway,Cloudy,Thu,0,0
2025-06-05,S004,Grader,Highway,Cloudy,Thu,0,3
2025-06-05,S004,Loader,Highway,Cloudy,Thu,0,3
2025-06-05,S004,Compactor,Highway,Cloudy,Thu,0,5
2025-06-05,S005,Excavator,Mining,Rain,Thu,0,2
2025-06-05,S005,Bulldozer,Mining,Rain,Thu,0,3
2025-06-05,S005,Crane,Mining,Rain,Thu,0,1
2025-06-05,S005,Grader,Mining,Rain,Thu,0,1
2025-06-05,S005,Loader,Mining,Rain,Thu,0,3
2025-06-05,S005,Compactor,Mining,Rain,Thu,0,1
2025-06-05,S006,Excavator,Road,Sunny,Thu,0,5
2025-06-05,S006,Bulldozer,Road,Sunny,Thu,0,3
2025-06-05,S006,Crane,Road,Sunny,Thu,0,1
2025-06-05,S006,Grader,Road,Sunny,Thu,0,3
2025-06-05,S006,Loader,Road,Sunny,Thu,0,3
2025-06-05,S006,Compactor,Road,Sunny,Thu,0,4
2025-06-06,S001,Excavator,Road,Sunny,Fri,0,5
2025-06-06,S001,Bulldozer,Road,Sunny,Fri,0,2
2025-06-06,S001,Crane,Road,Sunny,Fri,0,1
2025-06-06,S001,Grader,Road,Sunny,Fri,0,4
2025-06-06,S001,Loader,Road,Sunny,Fri,0,3
2025-06-06,S001,Compactor,Road,Sunny,Fri,0,5
2025-06-06,S002,Excavator,Mining,Sunny,Fri,0,2
2025-06-06,S002,Bulldozer,Mining,Sunny,Fri,0,6
2025-06-06,S002,Crane,Mining,Sunny,Fri,0,2
2025-06-06,S002,Grader,Mining,Sunny,Fri,0,1
2025-06-06,S002,Loader,Mining,Sunny,Fri,0,5
2025-06-06,S002,Compactor,Mining,Sunny,Fri,0,1
2025-06-06,S003,Excavator,Building,Sunny,Fri,0,1
2025-06-06,S003,Bulldozer,Building,Sunny,Fri,0,2
2025-06-06,S003,Crane,Building,Sunny,Fri,0,6
2025-06-06,S003,Grader,Building,Sunny,Fri,0,1
2025-06-06,S003,Loader,Building,Sunny,Fri,0,2
2025-06-06,S003,Compactor,Building,Sunny,Fri,0,2
2025-06-06,S004,Excavator,Highway,Sunny,Fri,0,6
2025-06-06,S004,Bulldozer,Highway,Sunny,Fri,0,4
2025-06-06,S004,Crane,Highway,Sunny,Fri,0,0
2025-06-06,S004,Grader,Highway,Sunny,Fri,0,5
2025-06-06,S004,Loader,Highway,Sunny,Fri,0,3
2025-06-06,S004,Compactor,Highway,Sunny,Fri,0,6
2025-06-06,S005,Excavator,Mining,Sunny,Fri,0,3
2025-06-06,S005,Bulldozer,Mining,Sunny,Fri,0,5
2025-06-06,S005,Crane,Mining,Sunny,Fri,0,3
2025-06-06,S005,Grader,Mining,Sunny,Fri,0,2
2025-06-06,S005,Loader,Mining,Sunny,Fri,0,6
2025-06-06,S005,Compactor,Mining,Sunny,Fri,0,0
2025-06-06,S006,Excavator,Road,Sunny,Fri,0,6
2025-06-06,S006,Bulldozer,Road,Sunny,Fri,0,2
2025-06-06,S006,Crane,Road,Sunny,Fri,0,1
2025-06-06,S006,Grader,Road,Sunny,Fri,0,3
2025-06-06,S006,Loader,Road,Sunny,Fri,0,2
2025-06-06,S006,Compactor,Road,Sunny,Fri,0,4
2025-06-07,S001,Excavator,Road,Sunny,Sat,1,3
2025-06-07,S001,Bulldozer,Road,Sunny,Sat,1,1
2025-06-07,S001,Crane,Road,Sunny,Sat,1,0
2025-06-07,S001,Grader,Road,Sunny,Sat,1,2
2025-06-07,S001,Loader,Road,Sunny,Sat,1,2
2025-06-07,S001,Compactor,Road,Sunny,Sat,1,2
2025-06-07,S002,Excavator,Mining,Sunny,Sat,1,1
2025-06-07,S002,Bulldozer,Mining,Sunny,Sat,1,2
2025-06-07,S002,Crane,Mining,Sunny,Sat,1,0
2025-06-07,S002,Grader,Mining,Sunny,Sat,1,1
2025-06-07,S002,Loader,Mining,Sunny,Sat,1,2
2025-06-07,S002,Compactor,Mining,Sunny,Sat,1,0
2025-06-07,S003,Excavator,Building,Sunny,Sat,1,0
2025-06-07,S003,Bulldozer,Building,Sunny,Sat,1,1
2025-06-07,S003,Crane,Building,Sunny,Sat,1,2
2025-06-07,S003,Grader,Building,Sunny,Sat,1,0
2025-06-07,S003,Loader,Building,Sunny,Sat,1,1
2025-06-07,S003,Compactor,Building,Sunny,Sat,1,0
2025-06-07,S004,Excavator,Highway,Rain,Sat,1,1
2025-06-07,S004,Bulldozer,Highway,Rain,Sat,1,1
2025-06-07,S004,Crane,Highway,Rain,Sat,1,1
2025-06-07,S004,Grader,Highway,Rain,Sat,1,1
2025-06-07,S004,Loader,Highway,Rain,Sat,1,1
2025-06-07,S004,Compactor,Highway,Rain,Sat,1,0
2025-06-07,S005,Excavator,Mining,Sunny,Sat,1,1
2025-06-07,S005,Bulldozer,Mining,Sunny,Sat,1,3
2025-06-07,S005,Crane,Mining,Sunny,Sat,1,0
2025-06-07,S005,Grader,Mining,Sunny,Sat,1,0
2025-06-07,S005,Loader,Mining,Sunny,Sat,1,1
2025-06-07,S005,Compactor,Mining,Sunny,Sat,1,1
2025-06-07,S006,Excavator,Road,Sunny,Sat,1,2
2025-06-07,S006,Bulldozer,Road,Sunny,Sat,1,1
2025-06-07,S006,Crane,Road,Sunny,Sat,1,1
2025-06-07,S006,Grader,Road,Sunny,Sat,1,2
2025-06-07,S006,Loader,Road,Sunny,Sat,1,1
2025-06-07,S006,Compactor,Road,Sunny,Sat,1,2
2025-06-08,S001,Excavator,Road,Sunny,Sun,1,3
2025-06-08,S001,Bulldozer,Road,Sunny,Sun,1,0
2025-06-08,S001,Crane,Road,Sunny,Sun,1,0
2025-06-08,S001,Grader,Road,Sunny,Sun,1,1
2025-06-08,S001,Loader,Road,Sunny,Sun,1,2
2025-06-08,S001,Compactor,Road,Sunny,Sun,1,1
2025-06-08,S002,Excavator,Mining,Sunny,Sun,1,0
2025-06-08,S002,Bulldozer,Mining,Sunny,Sun,1,2
2025-06-08,S002,Crane,Mining,Sunny,Sun,1,0
2025-06-08,S002,Grader,Mining,Sunny,Sun,1,0
2025-06-08,S002,Loader,Mining,Sunny,Sun,1,3
2025-06-08,S002,Compactor,Mining,Sunny,Sun,1,0
2025-06-08,S003,Excavator,Building,Sunny,Sun,1,1
2025-06-08,S003,Bulldozer,Building,Sunny,Sun,1,1
2025-06-08,S003,Crane,Building,Sunny,Sun,1,3
2025-06-08,S003,Grader,Building,Sunny,Sun,1,0
2025-06-08,S003,Loader,Building,Sunny,Sun,1,2
2025-06-08,S003,Compactor,Building,Sunny,Sun,1,0
2025-06-08,S004,Excavator,Highway,Cloudy,Sun,1,2
2025-06-08,S004,Bulldozer,Highway,Cloudy,Sun,1,1
2025-06-08,S004,Crane,Highway,Cloudy,Sun,1,0
2025-06-08,S004,Grader,Highway,Cloudy,Sun,1,1
2025-06-08,S004,Loader,Highway,Cloudy,Sun,1,0
2025-06-08,S004,Compactor,Highway,Cloudy,Sun,1,2
2025-06-08,S005,Excavator,Mining,Sunny,Sun,1,2
2025-06-08,S005,Bulldozer,Mining,Sunny,Sun,1,2
2025-06-08,S005,Crane,Mining,Sunny,Sun,1,1
2025-06-08,S005,Grader,Mining,Sunny,Sun,1,0
2025-06-08,S005,Loader,Mining,Sunny,Sun,1,1
2025-06-08,S005,Compactor,Mining,Sunny,Sun,1,0
2025-06-08,S006,Excavator,Road,Rain,Sun,1,1
2025-06-08,S006,Bulldozer,Road,Rain,Sun,1,0
2025-06-08,S006,Crane,Road,Rain,Sun,1,1
2025-06-08,S006,Grader,Road,Rain,Sun,1,1
2025-06-08,S006,Loader,Road,Rain,Sun,1,0
2025-06-08,S006,Compactor,Road,Rain,Sun,1,0
2025-06-09,S001,Excavator,Road,Sunny,Mon,0,6
2025-06-09,S001,Bulldozer,Road,Sunny,Mon,0,2
2025-06-09,S001,Crane,Road,Sunny,Mon,0,1
2025-06-09,S001,Grader,Road,Sunny,Mon,0,3
2025-06-09,S001,Loader,Road,Sunny,Mon,0,3
2025-06-09,S001,Compactor,Road,Sunny,Mon,0,4
2025-06-09,S002,Excavator,Mining,Sunny,Mon,0,4
2025-06-09,S002,Bulldozer,Mining,Sunny,Mon,0,7
2025-06-09,S002,Crane,Mining,Sunny,Mon,0,2
2025-06-09,S002,Grader,Mining,Sunny,Mon,0,2
2025-06-09,S002,Loader,Mining,Sunny,Mon,0,5
2025-06-09,S002,Compactor,Mining,Sunny,Mon,0,0
2025-06-09,S003,Excavator,Building,Sunny,Mon,0,1
2025-06-09,S003,Bulldozer,Building,Sunny,Mon,0,1
2025-06-09,S003,Crane,Building,Sunny,Mon,0,5
2025-06-09,S003,Grader,Building,Sunny,Mon,0,2
2025-06-09,S003,Loader,Building,Sunny,Mon,0,2
2025-06-09,S003,Compactor,Building,Sunny,Mon,0,2
2025-06-09,S004,Excavator,Highway,Sunny,Mon,0,6
2025-06-09,S004,Bulldozer,Highway,Sunny,Mon,0,4
2025-06-09,S004,Crane,Highway,Sunny,Mon,0,1
2025-06-09,S004,Grader,Highway,Sunny,Mon,0,4
2025-06-09,S004,Loader,Highway,Sunny,Mon,0,4
2025-06-09,S004,Compactor,Highway,Sunny,Mon,0,5
2025-06-09,S005,Excavator,Mining,Cloudy,Mon,0,2
2025-06-09,S005,Bulldozer,Mining,Cloudy,Mon,0,5
2025-06-09,S005,Crane,Mining,Cloudy,Mon,0,1
2025-06-09,S005,Grader,Mining,Cloudy,Mon,0,2
2025-06-09,S005,Loader,Mining,Cloudy,Mon,0,4
2025-06-09,S005,Compactor,Mining,Cloudy,Mon,0,0
2025-06-09,S006,Excavator,Road,Sunny,Mon,0,6
2025-06-09,S006,Bulldozer,Road,Sunny,Mon,0,3
2025-06-09,S006,Crane,Road,Sunny,Mon,0,1
2025-06-09,S006,Grader,Road,Sunny,Mon,0,4
2025-06-09,S006,Loader,Road,Sunny,Mon,0,3
2025-06-09,S006,Compactor,Road,Sunny,Mon,0,4
2025-06-10,S001,Excavator,Road,Sunny,Tue,0,6
2025-06-10,S001,Bulldozer,Road,Sunny,Tue,0,1
2025-06-10,S001,Crane,Road,Sunny,Tue,0,1
2025-06-10,S001,Grader,Road,Sunny,Tue,0,4
2025-06-10,S001,Loader,Road,Sunny,Tue,0,2
2025-06-10,S001,Compactor,Road,Sunny,Tue,0,4
2025-06-10,S002,Excavator,Mining,Cloudy,Tue,0,2
2025-06-10,S002,Bulldozer,Mining,Cloudy,Tue,0,4
2025-06-10,S002,Crane,Mining,Cloudy,Tue,0,2
2025-06-10,S002,Grader,Mining,Cloudy,Tue,0,1
2025-06-10,S002,Loader,Mining,Cloudy,Tue,0,4
2025-06-10,S002,Compactor,Mining,Cloudy,Tue,0,0
2025-06-10,S003,Excavator,Building,Cloudy,Tue,0,1
2025-06-10,S003,Bulldozer,Building,Cloudy,Tue,0,0
2025-06-10,S003,Crane,Building,Cloudy,Tue,0,4
2025-06-10,S003,Grader,Building,Cloudy,Tue,0,1
2025-06-10,S003,Loader,Building,Cloudy,Tue,0,2
2025-06-10,S003,Compactor,Building,Cloudy,Tue,0,2
2025-06-10,S004,Excavator,Highway,Rain,Tue,0,3
2025-06-10,S004,Bulldozer,Highway,Rain,Tue,0,1
2025-06-10,S004,Crane,Highway,Rain,Tue,0,0
2025-06-10,S004,Grader,Highway,Rain,Tue,0,3
2025-06-10,S004,Loader,Highway,Rain,Tue,0,1
2025-06-10,S004,Compactor,Highway,Rain,Tue,0,2
2025-06-10,S005,Excavator,Mining,Sunny,Tue,0,3
2025-06-10,S005,Bulldozer,Mining,Sunny,Tue,0,7
2025-06-10,S005,Crane,Mining,Sunny,Tue,0,1
2025-06-10,S005,Grader,Mining,Sunny,Tue,0,1
2025-06-10,S005,Loader,Mining,Sunny,Tue,0,6
2025-06-10,S005,Compactor,Mining,Sunny,Tue,0,1
2025-06-10,S006,Excavator,Road,Sunny,Tue,0,5
2025-06-10,S006,Bulldozer,Road,Sunny,Tue,0,3
2025-06-10,S006,Crane,Road,Sunny,Tue,0,1
2025-06-10,S006,Grader,Road,Sunny,Tue,0,3
2025-06-10,S006,Loader,Road,Sunny,Tue,0,3
2025-06-10,S006,Compactor,Road,Sunny,Tue,0,4
2025-06-11,S001,Excavator,Road,Sunny,Wed,0,4
2025-06-11,S001,Bulldozer,Road,Sunny,Wed,0,2
2025-06-11,S001,Crane,Road,Sunny,Wed,0,0
2025-06-11,S001,Grader,Road,Sunny,Wed,0,4
2025-06-11,S001,Loader,Road,Sunny,Wed,0,3
2025-06-11,S001,Compactor,Road,Sunny,Wed,0,4
2025-06-11,S002,Excavator,Mining,Sunny,Wed,0,4
2025-06-11,S002,Bulldozer,Mining,Sunny,Wed,0,5
2025-06-11,S002,Crane,Mining,Sunny,Wed,0,2
2025-06-11,S002,Grader,Mining,Sunny,Wed,0,2
2025-06-11,S002,Loader,Mining,Sunny,Wed,0,6
2025-06-11,S002,Compactor,Mining,Sunny,Wed,0,2
2025-06-11,S003,Excavator,Building,Cloudy,Wed,0,2
2025-06-11,S003,Bulldozer,Building,Cloudy,Wed,0,1
2025-06-11,S003,Crane,Building,Cloudy,Wed,0,4
2025-06-11,S003,Grader,Building,Cloudy,Wed,0,0
2025-06-11,S003,Loader,Building,Cloudy,Wed,0,1
2025-06-11,S003,Compactor,Building,Cloudy,Wed,0,1
2025-06-11,S004,Excavator,Highway,Cloudy,Wed,0,4
2025-06-11,S004,Bulldozer,Highway,Cloudy,Wed,0,2
2025-06-11,S004,Crane,Highway,Cloudy,Wed,0,1
2025-06-11,S004,Grader,Highway,Cloudy,Wed,0,3
2025-06-11,S004,Loader,Highway,Cloudy,Wed,0,3
2025-06-11,S004,Compactor,Highway,Cloudy,Wed,0,5
2025-06-11,S005,Excavator,Mining,Cloudy,Wed,0,3
2025-06-11,S005,Bulldozer,Mining,Cloudy,Wed,0,5
2025-06-11,S005,Crane,Mining,Cloudy,Wed,0,1
2025-06-11,S005,Grader,Mining,Cloudy,Wed,0,1
2025-06-11,S005,Loader,Mining,Cloudy,Wed,0,5
2025-06-11,S005,Compactor,Mining,Cloudy,Wed,0,1
2025-06-11,S006,Excavator,Road,Sunny,Wed,0,4
2025-06-11,S006,Bulldozer,Road,Sunny,Wed,0,3
2025-06-11,S006,Crane,Road,Sunny,Wed,0,1
2025-06-11,S006,Grader,Road,Sunny,Wed,0,5
2025-06-11,S006,Loader,Road,Sunny,Wed,0,3
2025-06-11,S006,Compactor,Road,Sunny,Wed,0,4
2025-06-12,S001,Excavator,Road,Sunny,Thu,0,5
2025-06-12,S001,Bulldozer,Road,Sunny,Thu,0,3
2025-06-12,S001,Crane,Road,Sunny,Thu,0,1
2025-06-12,S001,Grader,Road,Sunny,Thu,0,4
2025-06-12,S001,Loader,Road,Sunny,Thu,0,3
2025-06-12,S001,Compactor,Road,Sunny,Thu,0,5
2025-06-12,S002,Excavator,Mining,Cloudy,Thu,0,3
2025-06-12,S002,Bulldozer,Mining,Cloudy,Thu,0,5
2025-06-12,S002,Crane,Mining,Cloudy,Thu,0,1
2025-06-12,S002,Grader,Mining,Cloudy,Thu,0,2
2025-06-12,S002,Loader,Mining,Cloudy,Thu,0,5
2025-06-12,S002,Compactor,Mining,Cloudy,Thu,0,0
2025-06-12,S003,Excavator,Building,Sunny,Thu,0,1
2025-06-12,S003,Bulldozer,Building,Sunny,Thu,0,2
2025-06-12,S003,Crane,Building,Sunny,Thu,0,4
2025-06-12,S003,Grader,Building,Sunny,Thu,0,2
2025-06-12,S003,Loader,Building,Sunny,Thu,0,2
2025-06-12,S003,Compactor,Building,Sunny,Thu,0,2
2025-06-12,S004,Excavator,Highway,Sunny,Thu,0,5
2025-06-12,S004,Bulldozer,Highway,Sunny,Thu,0,3
2025-06-12,S004,Crane,Highway,Sunny,Thu,0,0
2025-06-12,S004,Grader,Highway,Sunny,Thu,0,6
2025-06-12,S004,Loader,Highway,Sunny,Thu,0,2
2025-06-12,S004,Compactor,Highway,Sunny,Thu,0,4
2025-06-12,S005,Excavator,Mining,Rain,Thu,0,2
2025-06-12,S005,Bulldozer,Mining,Rain,Thu,0,4
2025-06-12,S005,Crane,Mining,Rain,Thu,0,1
2025-06-12,S005,Grader,Mining,Rain,Thu,0,1
2025-06-12,S005,Loader,Mining,Rain,Thu,0,2
2025-06-12,S005,Compactor,Mining,Rain,Thu,0,0
2025-06-12,S006,Excavator,Road,Sunny,Thu,0,6
2025-06-12,S006,Bulldozer,Road,Sunny,Thu,0,1
2025-06-12,S006,Crane,Road,Sunny,Thu,0,1
2025-06-12,S006,Grader,Road,Sunny,Thu,0,5
2025-06-12,S006,Loader,Road,Sunny,Thu,0,2
2025-06-12,S006,Compactor,Road,Sunny,Thu,0,4
2025-06-13,S001,Excavator,Road,Cloudy,Fri,0,5
2025-06-13,S001,Bulldozer,Road,Cloudy,Fri,0,1
2025-06-13,S001,Crane,Road,Cloudy,Fri,0,1
2025-06-13,S001,Grader,Road,Cloudy,Fri,0,3
2025-06-13,S001,Loader,Road,Cloudy,Fri,0,3
2025-06-13,S001,Compactor,Road,Cloudy,Fri,0,4
2025-06-13,S002,Excavator,Mining,Rain,Fri,0,1
2025-06-13,S002,Bulldozer,Mining,Rain,Fri,0,3
2025-06-13,S002,Crane,Mining,Rain,Fri,0,1
2025-06-13,S002,Grader,Mining,Rain,Fri,0,1
2025-06-13,S002,Loader,Mining,Rain,Fri,0,2
2025-06-13,S002,Compactor,Mining,Rain,Fri,0,1
2025-06-13,S003,Excavator,Building,Rain,Fri,0,1
2025-06-13,S003,Bulldozer,Building,Rain,Fri,0,1
2025-06-13,S003,Crane,Building,Rain,Fri,0,3
2025-06-13,S003,Grader,Building,Rain,Fri,0,1
2025-06-13,S003,Loader,Building,Rain,Fri,0,2
2025-06-13,S003,Compactor,Building,Rain,Fri,0,0
2025-06-13,S004,Excavator,Highway,Cloudy,Fri,0,5
2025-06-13,S004,Bulldozer,Highway,Cloudy,Fri,0,3
2025-06-13,S004,Crane,Highway,Cloudy,Fri,0,2
2025-06-13,S004,Grader,Highway,Cloudy,Fri,0,4
2025-06-13,S004,Loader,Highway,Cloudy,Fri,0,2
2025-06-13,S004,Compactor,Highway,Cloudy,Fri,0,5
2025-06-13,S005,Excavator,Mining,Cloudy,Fri,0,2
2025-06-13,S005,Bulldozer,Mining,Cloudy,Fri,0,6
2025-06-13,S005,Crane,Mining,Cloudy,Fri,0,2
2025-06-13,S005,Grader,Mining,Cloudy,Fri,0,0
2025-06-13,S005,Loader,Mining,Cloudy,Fri,0,3
2025-06-13,S005,Compactor,Mining,Cloudy,Fri,0,0
2025-06-13,S006,Excavator,Road,Sunny,Fri,0,5
2025-06-13,S006,Bulldozer,Road,Sunny,Fri,0,2
2025-06-13,S006,Crane,Road,Sunny,Fri,0,1
2025-06-13,S006,Grader,Road,Sunny,Fri,0,3
2025-06-13,S006,Loader,Road,Sunny,Fri,0,4
2025-06-13,S006,Compactor,Road,Sunny,Fri,0,5
2025-06-14,S001,Excavator,Road,Sunny,Sat,1,2
2025-06-14,S001,Bulldozer,Road,Sunny,Sat,1,0
2025-06-14,S001,Crane,Road,Sunny,Sat,1,1
2025-06-14,S001,Grader,Road,Sunny,Sat,1,1
2025-06-14,S001,Loader,Road,Sunny,Sat,1,2
2025-06-14,S001,Compactor,Road,Sunny,Sat,1,3
2025-06-14,S002,Excavator,Mining,Rain,Sat,1,1
2025-06-14,S002,Bulldozer,Mining,Rain,Sat,1,0
2025-06-14,S002,Crane,Mining,Rain,Sat,1,0
2025-06-14,S002,Grader,Mining,Rain,Sat,1,0
2025-06-14,S002,Loader,Mining,Rain,Sat,1,0
2025-06-14,S002,Compactor,Mining,Rain,Sat,1,0
2025-06-14,S003,Excavator,Building,Cloudy,Sat,1,1
2025-06-14,S003,Bulldozer,Building,Cloudy,Sat,1,1
2025-06-14,S003,Crane,Building,Cloudy,Sat,1,1
2025-06-14,S003,Grader,Building,Cloudy,Sat,1,0
2025-06-14,S003,Loader,Building,Cloudy,Sat,1,0
2025-06-14,S003,Compactor,Building,Cloudy,Sat,1,0
2025-06-14,S004,Excavator,Highway,Sunny,Sat,1,2
2025-06-14,S004,Bulldozer,Highway,Sunny,Sat,1,1
2025-06-14,S004,Crane,Highway,Sunny,Sat,1,1
2025-06-14,S004,Grader,Highway,Sunny,Sat,1,2
2025-06-14,S004,Loader,Highway,Sunny,Sat,1,1
2025-06-14,S004,Compactor,Highway,Sunny,Sat,1,2
2025-06-14,S005,Excavator,Mining,Rain,Sat,1,1
2025-06-14,S005,Bulldozer,Mining,Rain,Sat,1,2
2025-06-14,S005,Crane,Mining,Rain,Sat,1,0
2025-06-14,S005,Grader,Mining,Rain,Sat,1,0
2025-06-14,S005,Loader,Mining,Rain,Sat,1,1
2025-06-14,S005,Compactor,Mining,Rain,Sat,1,0
2025-06-14,S006,Excavator,Road,Sunny,Sat,1,2
2025-06-14,S006,Bulldozer,Road,Sunny,Sat,1,0
2025-06-14,S006,Crane,Road,Sunny,Sat,1,1
2025-06-14,S006,Grader,Road,Sunny,Sat,1,2
2025-06-14,S006,Loader,Road,Sunny,Sat,1,2
2025-06-14,S006,Compactor,Road,Sunny,Sat,1,2
2025-06-15,S001,Excavator,Road,Sunny,Sun,1,1
2025-06-15,S001,Bulldozer,Road,Sunny,Sun,1,0
2025-06-15,S001,Crane,Road,Sunny,Sun,1,1
2025-06-15,S001,Grader,Road,Sunny,Sun,1,3
2025-06-15,S001,Loader,Road,Sunny,Sun,1,0
2025-06-15,S001,Compactor,Road,Sunny,Sun,1,1
2025-06-15,S002,Excavator,Mining,Sunny,Sun,1,1
2025-06-15,S002,Bulldozer,Mining,Sunny,Sun,1,3
2025-06-15,S002,Crane,Mining,Sunny,Sun,1,0
2025-06-15,S002,Grader,Mining,Sunny,Sun,1,1
2025-06-15,S002,Loader,Mining,Sunny,Sun,1,2
2025-06-15,S002,Compactor,Mining,Sunny,Sun,1,1
2025-06-15,S003,Excavator,Building,Sunny,Sun,1,0
2025-06-15,S003,Bulldozer,Building,Sunny,Sun,1,0
2025-06-15,S003,Crane,Building,Sunny,Sun,1,3
2025-06-15,S003,Grader,Building,Sunny,Sun,1,1
2025-06-15,S003,Loader,Building,Sunny,Sun,1,1
2025-06-15,S003,Compactor,Building,Sunny,Sun,1,0
2025-06-15,S004,Excavator,Highway,Sunny,Sun,1,2
2025-06-15,S004,Bulldozer,Highway,Sunny,Sun,1,2
2025-06-15,S004,Crane,Highway,Sunny,Sun,1,1
2025-06-15,S004,Grader,Highway,Sunny,Sun,1,1
2025-06-15,S004,Loader,Highway,Sunny,Sun,1,1
2025-06-15,S004,Compactor,Highway,Sunny,Sun,1,3
2025-06-15,S005,Excavator,Mining,Sunny,Sun,1,2
2025-06-15,S005,Bulldozer,Mining,Sunny,Sun,1,2
2025-06-15,S005,Crane,Mining,Sunny,Sun,1,0
2025-06-15,S005,Grader,Mining,Sunny,Sun,1,1
2025-06-15,S005,Loader,Mining,Sunny,Sun,1,2
2025-06-15,S005,Compactor,Mining,Sunny,Sun,1,1
2025-06-15,S006,Excavator,Road,Sunny,Sun,1,2
2025-06-15,S006,Bulldozer,Road,Sunny,Sun,1,2
2025-06-15,S006,Crane,Road,Sunny,Sun,1,1
2025-06-15,S006,Grader,Road,Sunny,Sun,1,2
2025-06-15,S006,Loader,Road,Sunny,Sun,1,1
2025-06-15,S006,Compactor,Road,Sunny,Sun,1,2
2025-06-16,S001,Excavator,Road,Sunny,Mon,0,5
2025-06-16,S001,Bulldozer,Road,Sunny,Mon,0,3
2025-06-16,S001,Crane,Road,Sunny,Mon,0,1
2025-06-16,S001,Grader,Road,Sunny,Mon,0,4
2025-06-16,S001,Loader,Road,Sunny,Mon,0,3
2025-06-16,S001,Compactor,Road,Sunny,Mon,0,3
2025-06-16,S002,Excavator,Mining,Rain,Mon,0,2
2025-06-16,S002,Bulldozer,Mining,Rain,Mon,0,2
2025-06-16,S002,Crane,Mining,Rain,Mon,0,2
2025-06-16,S002,Grader,Mining,Rain,Mon,0,0
2025-06-16,S002,Loader,Mining,Rain,Mon,0,3
2025-06-16,S002,Compactor,Mining,Rain,Mon,0,0
2025-06-16,S003,Excavator,Building,Sunny,Mon,0,1
2025-06-16,S003,Bulldozer,Building,Sunny,Mon,0,2
2025-06-16,S003,Crane,Building,Sunny,Mon,0,6
2025-06-16,S003,Grader,Building,Sunny,Mon,0,1
2025-06-16,S003,Loader,Building,Sunny,Mon,0,3
2025-06-16,S003,Compactor,Building,Sunny,Mon,0,3
2025-06-16,S004,Excavator,Highway,Cloudy,Mon,0,4
2025-06-16,S004,Bulldozer,Highway,Cloudy,Mon,0,2
2025-06-16,S004,Crane,Highway,Cloudy,Mon,0,1
2025-06-16,S004,Grader,Highway,Cloudy,Mon,0,5
2025-06-16,S004,Loader,Highway,Cloudy,Mon,0,3
2025-06-16,S004,Compactor,Highway,Cloudy,Mon,0,5
2025-06-16,S005,Excavator,Mining,Cloudy,Mon,0,2
2025-06-16,S005,Bulldozer,Mining,Cloudy,Mon,0,5
2025-06-16,S005,Crane,Mining,Cloudy,Mon,0,2
2025-06-16,S005,Grader,Mining,Cloudy,Mon,0,0
2025-06-16,S005,Loader,Mining,Cloudy,Mon,0,5
2025-06-16,S005,Compactor,Mining,Cloudy,Mon,0,0
2025-06-16,S006,Excavator,Road,Sunny,Mon,0,5
2025-06-16,S006,Bulldozer,Road,Sunny,Mon,0,1
2025-06-16,S006,Crane,Road,Sunny,Mon,0,2
2025-06-16,S006,Grader,Road,Sunny,Mon,0,4
2025-06-16,S006,Loader,Road,Sunny,Mon,0,2
2025-06-16,S006,Compactor,Road,Sunny,Mon,0,4
2025-06-17,S001,Excavator,Road,Sunny,Tue,0,5
2025-06-17,S001,Bulldozer,Road,Sunny,Tue,0,1
2025-06-17,S001,Crane,Road,Sunny,Tue,0,0
2025-06-17,S001,Grader,Road,Sunny,Tue,0,4
2025-06-17,S001,Loader,Road,Sunny,Tue,0,2
2025-06-17,S001,Compactor,Road,Sunny,Tue,0,4
2025-06-17,S002,Excavator,Mining,Cloudy,Tue,0,3
2025-06-17,S002,Bulldozer,Mining,Cloudy,Tue,0,6
2025-06-17,S002,Crane,Mining,Cloudy,Tue,0,1
2025-06-17,S002,Grader,Mining,Cloudy,Tue,0,0
2025-06-17,S002,Loader,Mining,Cloudy,Tue,0,5
2025-06-17,S002,Compactor,Mining,Cloudy,Tue,0,1
2025-06-17,S003,Excavator,Building,Sunny,Tue,0,1
2025-06-17,S003,Bulldozer,Building,Sunny,Tue,0,1
2025-06-17,S003,Crane,Building,Sunny,Tue,0,4
2025-06-17,S003,Grader,Building,Sunny,Tue,0,1
2025-06-17,S003,Loader,Building,Sunny,Tue,0,3
2025-06-17,S003,Compactor,Building,Sunny,Tue,0,1
2025-06-17,S004,Excavator,Highway,Sunny,Tue,0,5
2025-06-17,S004,Bulldozer,Highway,Sunny,Tue,0,2
2025-06-17,S004,Crane,Highway,Sunny,Tue,0,0
2025-06-17,S004,Grader,Highway,Sunny,Tue,0,5
2025-06-17,S004,Loader,Highway,Sunny,Tue,0,4
2025-06-17,S004,Compactor,Highway,Sunny,Tue,0,5
2025-06-17,S005,Excavator,Mining,Sunny,Tue,0,3
2025-06-17,S005,Bulldozer,Mining,Sunny,Tue,0,5
2025-06-17,S005,Crane,Mining,Sunny,Tue,0,2
2025-06-17,S005,Grader,Mining,Sunny,Tue,0,1
2025-06-17,S005,Loader,Mining,Sunny,Tue,0,5
2025-06-17,S005,Compactor,Mining,Sunny,Tue,0,2
2025-06-17,S006,Excavator,Road,Sunny,Tue,0,4
2025-06-17,S006,Bulldozer,Road,Sunny,Tue,0,2
2025-06-17,S006,Crane,Road,Sunny,Tue,0,1
2025-06-17,S006,Grader,Road,Sunny,Tue,0,5
2025-06-17,S006,Loader,Road,Sunny,Tue,0,2
2025-06-17,S006,Compactor,Road,Sunny,Tue,0,4
2025-06-18,S001,Excavator,Road,Rain,Wed,0,2
2025-06-18,S001,Bulldozer,Road,Rain,Wed,0,0
2025-06-18,S001,Crane,Road,Rain,Wed,0,1
2025-06-18,S001,Grader,Road,Rain,Wed,0,3
2025-06-18,S001,Loader,Road,Rain,Wed,0,1
2025-06-18,S001,Compactor,Road,Rain,Wed,0,2
2025-06-18,S002,Excavator,Mining,Rain,Wed,0,2
2025-06-18,S002,Bulldozer,Mining,Rain,Wed,0,3
2025-06-18,S002,Crane,Mining,Rain,Wed,0,0
2025-06-18,S002,Grader,Mining,Rain,Wed,0,0
2025-06-18,S002,Loader,Mining,Rain,Wed,0,3
2025-06-18,S002,Compactor,Mining,Rain,Wed,0,1
2025-06-18,S003,Excavator,Building,Cloudy,Wed,0,2
2025-06-18,S003,Bulldozer,Building,Cloudy,Wed,0,1
2025-06-18,S003,Crane,Building,Cloudy,Wed,0,4
2025-06-18,S003,Grader,Building,Cloudy,Wed,0,1
2025-06-18,S003,Loader,Building,Cloudy,Wed,0,2
2025-06-18,S003,Compactor,Building,Cloudy,Wed,0,1
2025-06-18,S004,Excavator,Highway,Rain,Wed,0,3
2025-06-18,S004,Bulldozer,Highway,Rain,Wed,0,1
2025-06-18,S004,Crane,Highway,Rain,Wed,0,1
2025-06-18,S004,Grader,Highway,Rain,Wed,0,2
2025-06-18,S004,Loader,Highway,Rain,Wed,0,2
2025-06-18,S004,Compactor,Highway,Rain,Wed,0,3
2025-06-18,S005,Excavator,Mining,Sunny,Wed,0,3
2025-06-18,S005,Bulldozer,Mining,Sunny,Wed,0,7
2025-06-18,S005,Crane,Mining,Sunny,Wed,0,1
2025-06-18,S005,Grader,Mining,Sunny,Wed,0,1
2025-06-18,S005,Loader,Mining,Sunny,Wed,0,5
2025-06-18,S005,Compactor,Mining,Sunny,Wed,0,1
2025-06-18,S006,Excavator,Road,Rain,Wed,0,3
2025-06-18,S006,Bulldozer,Road,Rain,Wed,0,1
2025-06-18,S006,Crane,Road,Rain,Wed,0,0
2025-06-18,S006,Grader,Road,Rain,Wed,0,1
2025-06-18,S006,Loader,Road,Rain,Wed,0,1
2025-06-18,S006,Compactor,Road,Rain,Wed,0,2
2025-06-19,S001,Excavator,Road,Sunny,Thu,0,5
2025-06-19,S001,Bulldozer,Road,Sunny,Thu,0,2
2025-06-19,S001,Crane,Road,Sunny,Thu,0,0
2025-06-19,S001,Grader,Road,Sunny,Thu,0,5
2025-06-19,S001,Loader,Road,Sunny,Thu,0,3
2025-06-19,S001,Compactor,Road,Sunny,Thu,0,5
2025-06-19,S002,Excavator,Mining,Sunny,Thu,0,3
2025-06-19,S002,Bulldozer,Mining,Sunny,Thu,0,6
2025-06-19,S002,Crane,Mining,Sunny,Thu,0,2
2025-06-19,S002,Grader,Mining,Sunny,Thu,0,2
2025-06-19,S002,Loader,Mining,Sunny,Thu,0,4
2025-06-19,S002,Compactor,Mining,Sunny,Thu,0,0
2025-06-19,S003,Excavator,Building,Sunny,Thu,0,3
2025-06-19,S003,Bulldozer,Building,Sunny,Thu,0,1
2025-06-19,S003,Crane,Building,Sunny,Thu,0,4
2025-06-19,S003,Grader,Building,Sunny,Thu,0,1
2025-06-19,S003,Loader,Building,Sunny,Thu,0,2
2025-06-19,S003,Compactor,Building,Sunny,Thu,0,3
2025-06-19,S004,Excavator,Highway,Sunny,Thu,0,6
2025-06-19,S004,Bulldozer,Highway,Sunny,Thu,0,3
2025-06-19,S004,Crane,Highway,Sunny,Thu,0,1
2025-06-19,S004,Grader,Highway,Sunny,Thu,0,5
2025-06-19,S004,Loader,Highway,Sunny,Thu,0,3
2025-06-19,S004,Compactor,Highway,Sunny,Thu,0,6
2025-06-19,S005,Excavator,Mining,Cloudy,Thu,0,3
2025-06-19,S005,Bulldozer,Mining,Cloudy,Thu,0,6
2025-06-19,S005,Crane,Mining,Cloudy,Thu,0,2
2025-06-19,S005,Grader,Mining,Cloudy,Thu,0,0
2025-06-19,S005,Loader,Mining,Cloudy,Thu,0,3
2025-06-19,S005,Compactor,Mining,Cloudy,Thu,0,2
2025-06-19,S006,Excavator,Road,Rain,Thu,0,3
2025-06-19,S006,Bulldozer,Road,Rain,Thu,0,1
2025-06-19,S006,Crane,Road,Rain,Thu,0,0
2025-06-19,S006,Grader,Road,Rain,Thu,0,3
2025-06-19,S006,Loader,Road,Rain,Thu,0,2
2025-06-19,S006,Compactor,Road,Rain,Thu,0,1
2025-06-20,S001,Excavator,Road,Sunny,Fri,0,5
2025-06-20,S001,Bulldozer,Road,Sunny,Fri,0,1
2025-06-20,S001,Crane,Road,Sunny,Fri,0,2
2025-06-20,S001,Grader,Road,Sunny,Fri,0,5
2025-06-20,S001,Loader,Road,Sunny,Fri,0,4
2025-06-20,S001,Compactor,Road,Sunny,Fri,0,3
2025-06-20,S002,Excavator,Mining,Sunny,Fri,0,2
2025-06-20,S002,Bulldozer,Mining,Sunny,Fri,0,6
2025-06-20,S002,Crane,Mining,Sunny,Fri,0,3
2025-06-20,S002,Grader,Mining,Sunny,Fri,0,2
2025-06-20,S002,Loader,Mining,Sunny,Fri,0,6
2025-06-20,S002,Compactor,Mining,Sunny,Fri,0,0
2025-06-20,S003,Excavator,Building,Sunny,Fri,0,1
2025-06-20,S003,Bulldozer,Building,Sunny,Fri,0,2
2025-06-20,S003,Crane,Building,Sunny,Fri,0,6
2025-06-20,S003,Grader,Building,Sunny,Fri,0,1
2025-06-20,S003,Loader,Building,Sunny,Fri,0,1
2025-06-20,S003,Compactor,Building,Sunny,Fri,0,3
2025-06-20,S004,Excavator,Highway,Sunny,Fri,0,5
2025-06-20,S004,Bulldozer,Highway,Sunny,Fri,0,2
2025-06-20,S004,Crane,Highway,Sunny,Fri,0,2
2025-06-20,S004,Grader,Highway,Sunny,Fri,0,5
2025-06-20,S004,Loader,Highway,Sunny,Fri,0,4
2025-06-20,S004,Compactor,Highway,Sunny,Fri,0,6
2025-06-20,S005,Excavator,Mining,Sunny,Fri,0,4
2025-06-20,S005,Bulldozer,Mining,Sunny,Fri,0,7
2025-06-20,S005,Crane,Mining,Sunny,Fri,0,3
2025-06-20,S005,Grader,Mining,Sunny,Fri,0,2
2025-06-20,S005,Loader,Mining,Sunny,Fri,0,4
2025-06-20,S005,Compactor,Mining,Sunny,Fri,0,2
2025-06-20,S006,Excavator,Road,Sunny,Fri,0,5
2025-06-20,S006,Bulldozer,Road,Sunny,Fri,0,2
2025-06-20,S006,Crane,Road,Sunny,Fri,0,2
2025-06-20,S006,Grader,Road,Sunny,Fri,0,3
2025-06-20,S006,Loader,Road,Sunny,Fri,0,3
2025-06-20,S006,Compactor,Road,Sunny,Fri,0,3
2025-06-21,S001,Excavator,Road,Cloudy,Sat,1,2
2025-06-21,S001,Bulldozer,Road,Cloudy,Sat,1,1
2025-06-21,S001,Crane,Road,Cloudy,Sat,1,0
2025-06-21,S001,Grader,Road,Cloudy,Sat,1,2
2025-06-21,S001,Loader,Road,Cloudy,Sat,1,1
2025-06-21,S001,Compactor,Road,Cloudy,Sat,1,1
2025-06-21,S002,Excavator,Mining,Rain,Sat,1,1
2025-06-21,S002,Bulldozer,Mining,Rain,Sat,1,2
2025-06-21,S002,Crane,Mining,Rain,Sat,1,0
2025-06-21,S002,Grader,Mining,Rain,Sat,1,1
2025-06-21,S002,Loader,Mining,Rain,Sat,1,1
2025-06-21,S002,Compactor,Mining,Rain,Sat,1,0
2025-06-21,S003,Excavator,Building,Sunny,Sat,1,1
2025-06-21,S003,Bulldozer,Building,Sunny,Sat,1,0
2025-06-21,S003,Crane,Building,Sunny,Sat,1,1
2025-06-21,S003,Grader,Building,Sunny,Sat,1,0
2025-06-21,S003,Loader,Building,Sunny,Sat,1,0
2025-06-21,S003,Compactor,Building,Sunny,Sat,1,0
2025-06-21,S004,Excavator,Highway,Rain,Sat,1,1
2025-06-21,S004,Bulldozer,Highway,Rain,Sat,1,1
2025-06-21,S004,Crane,Highway,Rain,Sat,1,0
2025-06-21,S004,Grader,Highway,Rain,Sat,1,1
2025-06-21,S004,Loader,Highway,Rain,Sat,1,1
2025-06-21,S004,Compactor,Highway,Rain,Sat,1,1
2025-06-21,S005,Excavator,Mining,Sunny,Sat,1,1
2025-06-21,S005,Bulldozer,Mining,Sunny,Sat,1,2
2025-06-21,S005,Crane,Mining,Sunny,Sat,1,0
2025-06-21,S005,Grader,Mining,Sunny,Sat,1,0
2025-06-21,S005,Loader,Mining,Sunny,Sat,1,3
2025-06-21,S005,Compactor,Mining,Sunny,Sat,1,1
2025-06-21,S006,Excavator,Road,Cloudy,Sat,1,1
2025-06-21,S006,Bulldozer,Road,Cloudy,Sat,1,0
2025-06-21,S006,Crane,Road,Cloudy,Sat,1,0
2025-06-21,S006,Grader,Road,Cloudy,Sat,1,0
2025-06-21,S006,Loader,Road,Cloudy,Sat,1,1
2025-06-21,S006,Compactor,Road,Cloudy,Sat,1,1
2025-06-22,S001,Excavator,Road,Sunny,Sun,1,3
2025-06-22,S001,Bulldozer,Road,Sunny,Sun,1,1
2025-06-22,S001,Crane,Road,Sunny,Sun,1,1
2025-06-22,S001,Grader,Road,Sunny,Sun,1,2
2025-06-22,S001,Loader,Road,Sunny,Sun,1,2
2025-06-22,S001,Compactor,Road,Sunny,Sun,1,1
2025-06-22,S002,Excavator,Mining,Sunny,Sun,1,2
2025-06-22,S002,Bulldozer,Mining,Sunny,Sun,1,3
2025-06-22,S002,Crane,Mining,Sunny,Sun,1,0
2025-06-22,S002,Grader,Mining,Sunny,Sun,1,0
2025-06-22,S002,Loader,Mining,Sunny,Sun,1,1
2025-06-22,S002,Compactor,Mining,Sunny,Sun,1,1
2025-06-22,S003,Excavator,Building,Sunny,Sun,1,0
2025-06-22,S003,Bulldozer,Building,Sunny,Sun,1,0
2025-06-22,S003,Crane,Building,Sunny,Sun,1,1
2025-06-22,S003,Grader,Building,Sunny,Sun,1,0
2025-06-22,S003,Loader,Building,Sunny,Sun,1,1
2025-06-22,S003,Compactor,Building,Sunny,Sun,1,0
2025-06-22,S004,Excavator,Highway,Sunny,Sun,1,2
2025-06-22,S004,Bulldozer,Highway,Sunny,Sun,1,1
2025-06-22,S004,Crane,Highway,Sunny,Sun,1,0
2025-06-22,S004,Grader,Highway,Sunny,Sun,1,2
2025-06-22,S004,Loader,Highway,Sunny,Sun,1,1
2025-06-22,S004,Compactor,Highway,Sunny,Sun,1,2
2025-06-22,S005,Excavator,Mining,Sunny,Sun,1,2
2025-06-22,S005,Bulldozer,Mining,Sunny,Sun,1,3
2025-06-22,S005,Crane,Mining,Sunny,Sun,1,1
2025-06-22,S005,Grader,Mining,Sunny,Sun,1,0
2025-06-22,S005,Loader,Mining,Sunny,Sun,1,1
2025-06-22,S005,Compactor,Mining,Sunny,Sun,1,1
2025-06-22,S006,Excavator,Road,Sunny,Sun,1,1
2025-06-22,S006,Bulldozer,Road,Sunny,Sun,1,1
2025-06-22,S006,Crane,Road,Sunny,Sun,1,1
2025-06-22,S006,Grader,Road,Sunny,Sun,1,1
2025-06-22,S006,Loader,Road,Sunny,Sun,1,1
2025-06-22,S006,Compactor,Road,Sunny,Sun,1,2
2025-06-23,S001,Excavator,Road,Sunny,Mon,0,5
2025-06-23,S001,Bulldozer,Road,Sunny,Mon,0,2
2025-06-23,S001,Crane,Road,Sunny,Mon,0,1
2025-06-23,S001,Grader,Road,Sunny,Mon,0,4
2025-06-23,S001,Loader,Road,Sunny,Mon,0,3
2025-06-23,S001,Compactor,Road,Sunny,Mon,0,4
2025-06-23,S002,Excavator,Mining,Sunny,Mon,0,2
2025-06-23,S002,Bulldozer,Mining,Sunny,Mon,0,7
2025-06-23,S002,Crane,Mining,Sunny,Mon,0,3
2025-06-23,S002,Grader,Mining,Sunny,Mon,0,2
2025-06-23,S002,Loader,Mining,Sunny,Mon,0,4
2025-06-23,S002,Compactor,Mining,Sunny,Mon,0,2
2025-06-23,S003,Excavator,Building,Sunny,Mon,0,2
2025-06-23,S003,Bulldozer,Building,Sunny,Mon,0,0
2025-06-23,S003,Crane,Building,Sunny,Mon,0,6
2025-06-23,S003,Grader,Building,Sunny,Mon,0,2
2025-06-23,S003,Loader,Building,Sunny,Mon,0,3
2025-06-23,S003,Compactor,Building,Sunny,Mon,0,2
2025-06-23,S004,Excavator,Highway,Cloudy,Mon,0,4
2025-06-23,S004,Bulldozer,Highway,Cloudy,Mon,0,3
2025-06-23,S004,Crane,Highway,Cloudy,Mon,0,1
2025-06-23,S004,Grader,Highway,Cloudy,Mon,0,4
2025-06-23,S004,Loader,Highway,Cloudy,Mon,0,2
2025-06-23,S004,Compactor,Highway,Cloudy,Mon,0,3
2025-06-23,S005,Excavator,Mining,Cloudy,Mon,0,2
2025-06-23,S005,Bulldozer,Mining,Cloudy,Mon,0,4
2025-06-23,S005,Crane,Mining,Cloudy,Mon,0,1
2025-06-23,S005,Grader,Mining,Cloudy,Mon,0,1
2025-06-23,S005,Loader,Mining,Cloudy,Mon,0,5
2025-06-23,S005,Compactor,Mining,Cloudy,Mon,0,1
2025-06-23,S006,Excavator,Road,Cloudy,Mon,0,5
2025-06-23,S006,Bulldozer,Road,Cloudy,Mon,0,1
2025-06-23,S006,Crane,Road,Cloudy,Mon,0,1
2025-06-23,S006,Grader,Road,Cloudy,Mon,0,3
2025-06-23,S006,Loader,Road,Cloudy,Mon,0,2
2025-06-23,S006,Compactor,Road,Cloudy,Mon,0,3
2025-06-24,S001,Excavator,Road,Sunny,Tue,0,5
2025-06-24,S001,Bulldozer,Road,Sunny,Tue,0,3
2025-06-24,S001,Crane,Road,Sunny,Tue,0,1
2025-06-24,S001,Grader,Road,Sunny,Tue,0,3
2025-06-24,S001,Loader,Road,Sunny,Tue,0,2
2025-06-24,S001,Compactor,Road,Sunny,Tue,0,4
2025-06-24,S002,Excavator,Mining,Sunny,Tue,0,2
2025-06-24,S002,Bulldozer,Mining,Sunny,Tue,0,5
2025-06-24,S002,Crane,Mining,Sunny,Tue,0,2
2025-06-24,S002,Grader,Mining,Sunny,Tue,0,1
2025-06-24,S002,Loader,Mining,Sunny,Tue,0,4
2025-06-24,S002,Compactor,Mining,Sunny,Tue,0,2
2025-06-24,S003,Excavator,Building,Sunny,Tue,0,2
2025-06-24,S003,Bulldozer,Building,Sunny,Tue,0,1
2025-06-24,S003,Crane,Building,Sunny,Tue,0,5
2025-06-24,S003,Grader,Building,Sunny,Tue,0,2
2025-06-24,S003,Loader,Building,Sunny,Tue,0,2
2025-06-24,S003,Compactor,Building,Sunny,Tue,0,2
2025-06-24,S004,Excavator,Highway,Sunny,Tue,0,6
2025-06-24,S004,Bulldozer,Highway,Sunny,Tue,0,4
2025-06-24,S004,Crane,Highway,Sunny,Tue,0,2
2025-06-24,S004,Grader,Highway,Sunny,Tue,0,5
2025-06-24,S004,Loader,Highway,Sunny,Tue,0,3
2025-06-24,S004,Compactor,Highway,Sunny,Tue,0,5
2025-06-24,S005,Excavator,Mining,Cloudy,Tue,0,3
2025-06-24,S005,Bulldozer,Mining,Cloudy,Tue,0,6
2025-06-24,S005,Crane,Mining,Cloudy,Tue,0,1
2025-06-24,S005,Grader,Mining,Cloudy,Tue,0,1
2025-06-24,S005,Loader,Mining,Cloudy,Tue,0,4
2025-06-24,S005,Compactor,Mining,Cloudy,Tue,0,0
2025-06-24,S006,Excavator,Road,Cloudy,Tue,0,4
2025-06-24,S006,Bulldozer,Road,Cloudy,Tue,0,2
2025-06-24,S006,Crane,Road,Cloudy,Tue,0,1
2025-06-24,S006,Grader,Road,Cloudy,Tue,0,3
2025-06-24,S006,Loader,Road,Cloudy,Tue,0,3
2025-06-24,S006,Compactor,Road,Cloudy,Tue,0,4
2025-06-25,S001,Excavator,Road,Cloudy,Wed,0,5
2025-06-25,S001,Bulldozer,Road,Cloudy,Wed,0,2
2025-06-25,S001,Crane,Road,Cloudy,Wed,0,0
2025-06-25,S001,Grader,Road,Cloudy,Wed,0,4
2025-06-25,S001,Loader,Road,Cloudy,Wed,0,3
2025-06-25,S001,Compactor,Road,Cloudy,Wed,0,4
2025-06-25,S002,Excavator,Mining,Sunny,Wed,0,3
2025-06-25,S002,Bulldozer,Mining,Sunny,Wed,0,5
2025-06-25,S002,Crane,Mining,Sunny,Wed,0,2
2025-06-25,S002,Grader,Mining,Sunny,Wed,0,1
2025-06-25,S002,Loader,Mining,Sunny,Wed,0,5
2025-06-25,S002,Compactor,Mining,Sunny,Wed,0,0
2025-06-25,S003,Excavator,Building,Sunny,Wed,0,1
2025-06-25,S003,Bulldozer,Building,Sunny,Wed,0,0
2025-06-25,S003,Crane,Building,Sunny,Wed,0,5
2025-06-25,S003,Grader,Building,Sunny,Wed,0,1
2025-06-25,S003,Loader,Building,Sunny,Wed,0,2
2025-06-25,S003,Compactor,Building,Sunny,Wed,0,2
2025-06-25,S004,Excavator,Highway,Sunny,Wed,0,4
2025-06-25,S004,Bulldozer,Highway,Sunny,Wed,0,2
2025-06-25,S004,Crane,Highway,Sunny,Wed,0,1
2025-06-25,S004,Grader,Highway,Sunny,Wed,0,6
2025-06-25,S004,Loader,Highway,Sunny,Wed,0,3
2025-06-25,S004,Compactor,Highway,Sunny,Wed,0,5
2025-06-25,S005,Excavator,Mining,Sunny,Wed,0,3
2025-06-25,S005,Bulldozer,Mining,Sunny,Wed,0,6
2025-06-25,S005,Crane,Mining,Sunny,Wed,0,3
2025-06-25,S005,Grader,Mining,Sunny,Wed,0,0
2025-06-25,S005,Loader,Mining,Sunny,Wed,0,4
2025-06-25,S005,Compactor,Mining,Sunny,Wed,0,0
2025-06-25,S006,Excavator,Road,Sunny,Wed,0,5
2025-06-25,S006,Bulldozer,Road,Sunny,Wed,0,2
2025-06-25,S006,Crane,Road,Sunny,Wed,0,2
2025-06-25,S006,Grader,Road,Sunny,Wed,0,4
2025-06-25,S006,Loader,Road,Sunny,Wed,0,3
2025-06-25,S006,Compactor,Road,Sunny,Wed,0,5
2025-06-26,S001,Excavator,Road,Rain,Thu,0,3
2025-06-26,S001,Bulldozer,Road,Rain,Thu,0,2
2025-06-26,S001,Crane,Road,Rain,Thu,0,0
2025-06-26,S001,Grader,Road,Rain,Thu,0,1
2025-06-26,S001,Loader,Road,Rain,Thu,0,2
2025-06-26,S001,Compactor,Road,Rain,Thu,0,2
2025-06-26,S002,Excavator,Mining,Sunny,Thu,0,2
2025-06-26,S002,Bulldozer,Mining,Sunny,Thu,0,6
2025-06-26,S002,Crane,Mining,Sunny,Thu,0,2
2025-06-26,S002,Grader,Mining,Sunny,Thu,0,1
2025-06-26,S002,Loader,Mining,Sunny,Thu,0,5
2025-06-26,S002,Compactor,Mining,Sunny,Thu,0,2
2025-06-26,S003,Excavator,Building,Sunny,Thu,0,2
2025-06-26,S003,Bulldozer,Building,Sunny,Thu,0,2
2025-06-26,S003,Crane,Building,Sunny,Thu,0,4
2025-06-26,S003,Grader,Building,Sunny,Thu,0,1
2025-06-26,S003,Loader,Building,Sunny,Thu,0,2
2025-06-26,S003,Compactor,Building,Sunny,Thu,0,3
2025-06-26,S004,Excavator,Highway,Sunny,Thu,0,4
2025-06-26,S004,Bulldozer,Highway,Sunny,Thu,0,4
2025-06-26,S004,Crane,Highway,Sunny,Thu,0,0
2025-06-26,S004,Grader,Highway,Sunny,Thu,0,5
2025-06-26,S004,Loader,Highway,Sunny,Thu,0,4
2025-06-26,S004,Compactor,Highway,Sunny,Thu,0,5
2025-06-26,S005,Excavator,Mining,Cloudy,Thu,0,2
2025-06-26,S005,Bulldozer,Mining,Cloudy,Thu,0,6
2025-06-26,S005,Crane,Mining,Cloudy,Thu,0,1
2025-06-26,S005,Grader,Mining,Cloudy,Thu,0,1
2025-06-26,S005,Loader,Mining,Cloudy,Thu,0,4
2025-06-26,S005,Compactor,Mining,Cloudy,Thu,0,2
2025-06-26,S006,Excavator,Road,Sunny,Thu,0,5
2025-06-26,S006,Bulldozer,Road,Sunny,Thu,0,1
2025-06-26,S006,Crane,Road,Sunny,Thu,0,1
2025-06-26,S006,Grader,Road,Sunny,Thu,0,3
2025-06-26,S006,Loader,Road,Sunny,Thu,0,2
2025-06-26,S006,Compactor,Road,Sunny,Thu,0,5
2025-06-27,S001,Excavator,Road,Sunny,Fri,0,6
2025-06-27,S001,Bulldozer,Road,Sunny,Fri,0,1
2025-06-27,S001,Crane,Road,Sunny,Fri,0,1
2025-06-27,S001,Grader,Road,Sunny,Fri,0,4
2025-06-27,S001,Loader,Road,Sunny,Fri,0,2
2025-06-27,S001,Compactor,Road,Sunny,Fri,0,4
2025-06-27,S002,Excavator,Mining,Cloudy,Fri,0,3
2025-06-27,S002,Bulldozer,Mining,Cloudy,Fri,0,5
2025-06-27,S002,Crane,Mining,Cloudy,Fri,0,2
2025-06-27,S002,Grader,Mining,Cloudy,Fri,0,2
2025-06-27,S002,Loader,Mining,Cloudy,Fri,0,5
2025-06-27,S002,Compactor,Mining,Cloudy,Fri,0,1
2025-06-27,S003,Excavator,Building,Sunny,Fri,0,3
2025-06-27,S003,Bulldozer,Building,Sunny,Fri,0,0
2025-06-27,S003,Crane,Building,Sunny,Fri,0,4
2025-06-27,S003,Grader,Building,Sunny,Fri,0,0
2025-06-27,S003,Loader,Building,Sunny,Fri,0,2
2025-06-27,S003,Compactor,Building,Sunny,Fri,0,2
2025-06-27,S004,Excavator,Highway,Sunny,Fri,0,5
2025-06-27,S004,Bulldozer,Highway,Sunny,Fri,0,2
2025-06-27,S004,Crane,Highway,Sunny,Fri,0,1
2025-06-27,S004,Grader,Highway,Sunny,Fri,0,5
2025-06-27,S004,Loader,Highway,Sunny,Fri,0,3
2025-06-27,S004,Compactor,Highway,Sunny,Fri,0,6
2025-06-27,S005,Excavator,Mining,Cloudy,Fri,0,3
2025-06-27,S005,Bulldozer,Mining,Cloudy,Fri,0,6
2025-06-27,S005,Crane,Mining,Cloudy,Fri,0,1
2025-06-27,S005,Grader,Mining,Cloudy,Fri,0,1
2025-06-27,S005,Loader,Mining,Cloudy,Fri,0,4
2025-06-27,S005,Compactor,Mining,Cloudy,Fri,0,0
2025-06-27,S006,Excavator,Road,Rain,Fri,0,3
2025-06-27,S006,Bulldozer,Road,Rain,Fri,0,0
2025-06-27,S006,Crane,Road,Rain,Fri,0,1
2025-06-27,S006,Grader,Road,Rain,Fri,0,3
2025-06-27,S006,Loader,Road,Rain,Fri,0,2
2025-06-27,S006,Compactor,Road,Rain,Fri,0,2
2025-06-28,S001,Excavator,Road,Sunny,Sat,1,2
2025-06-28,S001,Bulldozer,Road,Sunny,Sat,1,1
2025-06-28,S001,Crane,Road,Sunny,Sat,1,1
2025-06-28,S001,Grader,Road,Sunny,Sat,1,1
2025-06-28,S001,Loader,Road,Sunny,Sat,1,1
2025-06-28,S001,Compactor,Road,Sunny,Sat,1,3
2025-06-28,S002,Excavator,Mining,Sunny,Sat,1,1
2025-06-28,S002,Bulldozer,Mining,Sunny,Sat,1,2
2025-06-28,S002,Crane,Mining,Sunny,Sat,1,1
2025-06-28,S002,Grader,Mining,Sunny,Sat,1,0
2025-06-28,S002,Loader,Mining,Sunny,Sat,1,3
2025-06-28,S002,Compactor,Mining,Sunny,Sat,1,0
2025-06-28,S003,Excavator,Building,Cloudy,Sat,1,0
2025-06-28,S003,Bulldozer,Building,Cloudy,Sat,1,0
2025-06-28,S003,Crane,Building,Cloudy,Sat,1,1
2025-06-28,S003,Grader,Building,Cloudy,Sat,1,0
2025-06-28,S003,Loader,Building,Cloudy,Sat,1,0
2025-06-28,S003,Compactor,Building,Cloudy,Sat,1,2
2025-06-28,S004,Excavator,Highway,Sunny,Sat,1,2
2025-06-28,S004,Bulldozer,Highway,Sunny,Sat,1,0
2025-06-28,S004,Crane,Highway,Sunny,Sat,1,0
2025-06-28,S004,Grader,Highway,Sunny,Sat,1,2
2025-06-28,S004,Loader,Highway,Sunny,Sat,1,0
2025-06-28,S004,Compactor,Highway,Sunny,Sat,1,2
2025-06-28,S005,Excavator,Mining,Sunny,Sat,1,1
2025-06-28,S005,Bulldozer,Mining,Sunny,Sat,1,3
2025-06-28,S005,Crane,Mining,Sunny,Sat,1,1
2025-06-28,S005,Grader,Mining,Sunny,Sat,1,0
2025-06-28,S005,Loader,Mining,Sunny,Sat,1,1
2025-06-28,S005,Compactor,Mining,Sunny,Sat,1,0
2025-06-28,S006,Excavator,Road,Sunny,Sat,1,2
2025-06-28,S006,Bulldozer,Road,Sunny,Sat,1,2
2025-06-28,S006,Crane,Road,Sunny,Sat,1,1
2025-06-28,S006,Grader,Road,Sunny,Sat,1,2
2025-06-28,S006,Loader,Road,Sunny,Sat,1,0
2025-06-28,S006,Compactor,Road,Sunny,Sat,1,2
2025-06-29,S001,Excavator,Road,Cloudy,Sun,1,2
2025-06-29,S001,Bulldozer,Road,Cloudy,Sun,1,2
2025-06-29,S001,Crane,Road,Cloudy,Sun,1,1
2025-06-29,S001,Grader,Road,Cloudy,Sun,1,1
2025-06-29,S001,Loader,Road,Cloudy,Sun,1,0
2025-06-29,S001,Compactor,Road,Cloudy,Sun,1,1
2025-06-29,S002,Excavator,Mining,Rain,Sun,1,1
2025-06-29,S002,Bulldozer,Mining,Rain,Sun,1,2
2025-06-29,S002,Crane,Mining,Rain,Sun,1,0
2025-06-29,S002,Grader,Mining,Rain,Sun,1,0
2025-06-29,S002,Loader,Mining,Rain,Sun,1,2
2025-06-29,S002,Compactor,Mining,Rain,Sun,1,0
2025-06-29,S003,Excavator,Building,Sunny,Sun,1,2
2025-06-29,S003,Bulldozer,Building,Sunny,Sun,1,0
2025-06-29,S003,Crane,Building,Sunny,Sun,1,3
2025-06-29,S003,Grader,Building,Sunny,Sun,1,1
2025-06-29,S003,Loader,Building,Sunny,Sun,1,1
2025-06-29,S003,Compactor,Building,Sunny,Sun,1,1
2025-06-29,S004,Excavator,Highway,Sunny,Sun,1,2
2025-06-29,S004,Bulldozer,Highway,Sunny,Sun,1,1
2025-06-29,S004,Crane,Highway,Sunny,Sun,1,1
2025-06-29,S004,Grader,Highway,Sunny,Sun,1,2
2025-06-29,S004,Loader,Highway,Sunny,Sun,1,0
2025-06-29,S004,Compactor,Highway,Sunny,Sun,1,1
2025-06-29,S005,Excavator,Mining,Rain,Sun,1,0
2025-06-29,S005,Bulldozer,Mining,Rain,Sun,1,0
2025-06-29,S005,Crane,Mining,Rain,Sun,1,0
2025-06-29,S005,Grader,Mining,Rain,Sun,1,1
2025-06-29,S005,Loader,Mining,Rain,Sun,1,1
2025-06-29,S005,Compactor,Mining,Rain,Sun,1,0
2025-06-29,S006,Excavator,Road,Cloudy,Sun,1,2
2025-06-29,S006,Bulldozer,Road,Cloudy,Sun,1,0
2025-06-29,S006,Crane,Road,Cloudy,Sun,1,0
2025-06-29,S006,Grader,Road,Cloudy,Sun,1,2
2025-06-29,S006,Loader,Road,Cloudy,Sun,1,1
2025-06-29,S006,Compactor,Road,Cloudy,Sun,1,1
2025-06-30,S001,Excavator,Road,Sunny,Mon,0,6
2025-06-30,S001,Bulldozer,Road,Sunny,Mon,0,2
2025-06-30,S001,Crane,Road,Sunny,Mon,0,0
2025-06-30,S001,Grader,Road,Sunny,Mon,0,4
2025-06-30,S001,Loader,Road,Sunny,Mon,0,3
2025-06-30,S001,Compactor,Road,Sunny,Mon,0,4
2025-06-30,S002,Excavator,Mining,Rain,Mon,0,1
2025-06-30,S002,Bulldozer,Mining,Rain,Mon,0,3
2025-06-30,S002,Crane,Mining,Rain,Mon,0,1
2025-06-30,S002,Grader,Mining,Rain,Mon,0,1
2025-06-30,S002,Loader,Mining,Rain,Mon,0,3
2025-06-30,S002,Compactor,Mining,Rain,Mon,0,0
2025-06-30,S003,Excavator,Building,Rain,Mon,0,1
2025-06-30,S003,Bulldozer,Building,Rain,Mon,0,0
2025-06-30,S003,Crane,Building,Rain,Mon,0,3
2025-06-30,S003,Grader,Building,Rain,Mon,0,1
2025-06-30,S003,Loader,Building,Rain,Mon,0,0
2025-06-30,S003,Compactor,Building,Rain,Mon,0,2
2025-06-30,S004,Excavator,Highway,Sunny,Mon,0,5
2025-06-30,S004,Bulldozer,Highway,Sunny,Mon,0,3
2025-06-30,S004,Crane,Highway,Sunny,Mon,0,2
2025-06-30,S004,Grader,Highway,Sunny,Mon,0,6
2025-06-30,S004,Loader,Highway,Sunny,Mon,0,4
2025-06-30,S004,Compactor,Highway,Sunny,Mon,0,4
2025-06-30,S005,Excavator,Mining,Sunny,Mon,0,3
2025-06-30,S005,Bulldozer,Mining,Sunny,Mon,0,5
2025-06-30,S005,Crane,Mining,Sunny,Mon,0,3
2025-06-30,S005,Grader,Mining,Sunny,Mon,0,1
2025-06-30,S005,Loader,Mining,Sunny,Mon,0,5
2025-06-30,S005,Compactor,Mining,Sunny,Mon,0,1
2025-06-30,S006,Excavator,Road,Rain,Mon,0,2
2025-06-30,S006,Bulldozer,Road,Rain,Mon,0,1
2025-06-30,S006,Crane,Road,Rain,Mon,0,1
2025-06-30,S006,Grader,Road,Rain,Mon,0,2
2025-06-30,S006,Loader,Road,Rain,Mon,0,2
2025-06-30,S006,Compactor,Road,Rain,Mon,0,1
2025-07-01,S001,Excavator,Road,Sunny,Tue,0,5
2025-07-01,S001,Bulldozer,Road,Sunny,Tue,0,1
2025-07-01,S001,Crane,Road,Sunny,Tue,0,1
2025-07-01,S001,Grader,Road,Sunny,Tue,0,4
2025-07-01,S001,Loader,Road,Sunny,Tue,0,4
2025-07-01,S001,Compactor,Road,Sunny,Tue,0,4
2025-07-01,S002,Excavator,Mining,Cloudy,Tue,0,2
2025-07-01,S002,Bulldozer,Mining,Cloudy,Tue,0,5
2025-07-01,S002,Crane,Mining,Cloudy,Tue,0,1
2025-07-01,S002,Grader,Mining,Cloudy,Tue,0,1
2025-07-01,S002,Loader,Mining,Cloudy,Tue,0,5
2025-07-01,S002,Compactor,Mining,Cloudy,Tue,0,1
2025-07-01,S003,Excavator,Building,Sunny,Tue,0,2
2025-07-01,S003,Bulldozer,Building,Sunny,Tue,0,0
2025-07-01,S003,Crane,Building,Sunny,Tue,0,5
2025-07-01,S003,Grader,Building,Sunny,Tue,0,1
2025-07-01,S003,Loader,Building,Sunny,Tue,0,2
2025-07-01,S003,Compactor,Building,Sunny,Tue,0,3
2025-07-01,S004,Excavator,Highway,Cloudy,Tue,0,3
2025-07-01,S004,Bulldozer,Highway,Cloudy,Tue,0,2
2025-07-01,S004,Crane,Highway,Cloudy,Tue,0,1
2025-07-01,S004,Grader,Highway,Cloudy,Tue,0,4
2025-07-01,S004,Loader,Highway,Cloudy,Tue,0,3
2025-07-01,S004,Compactor,Highway,Cloudy,Tue,0,4
2025-07-01,S005,Excavator,Mining,Sunny,Tue,0,3
2025-07-01,S005,Bulldozer,Mining,Sunny,Tue,0,7
2025-07-01,S005,Crane,Mining,Sunny,Tue,0,2
2025-07-01,S005,Grader,Mining,Sunny,Tue,0,0
2025-07-01,S005,Loader,Mining,Sunny,Tue,0,4
2025-07-01,S005,Compactor,Mining,Sunny,Tue,0,2
2025-07-01,S006,Excavator,Road,Sunny,Tue,0,4
2025-07-01,S006,Bulldozer,Road,Sunny,Tue,0,2
2025-07-01,S006,Crane,Road,Sunny,Tue,0,2
2025-07-01,S006,Grader,Road,Sunny,Tue,0,5
2025-07-01,S006,Loader,Road,Sunny,Tue,0,3
2025-07-01,S006,Compactor,Road,Sunny,Tue,0,5
2025-07-02,S001,Excavator,Road,Sunny,Wed,0,5
2025-07-02,S001,Bulldozer,Road,Sunny,Wed,0,3
2025-07-02,S001,Crane,Road,Sunny,Wed,0,1
2025-07-02,S001,Grader,Road,Sunny,Wed,0,3
2025-07-02,S001,Loader,Road,Sunny,Wed,0,4
2025-07-02,S001,Compactor,Road,Sunny,Wed,0,4
2025-07-02,S002,Excavator,Mining,Sunny,Wed,0,2
2025-07-02,S002,Bulldozer,Mining,Sunny,Wed,0,6
2025-07-02,S002,Crane,Mining,Sunny,Wed,0,3
2025-07-02,S002,Grader,Mining,Sunny,Wed,0,1
2025-07-02,S002,Loader,Mining,Sunny,Wed,0,6
2025-07-02,S002,Compactor,Mining,Sunny,Wed,0,0
2025-07-02,S003,Excavator,Building,Sunny,Wed,0,1
2025-07-02,S003,Bulldozer,Building,Sunny,Wed,0,1
2025-07-02,S003,Crane,Building,Sunny,Wed,0,4
2025-07-02,S003,Grader,Building,Sunny,Wed,0,1
2025-07-02,S003,Loader,Building,Sunny,Wed,0,1
2025-07-02,S003,Compactor,Building,Sunny,Wed,0,2
2025-07-02,S004,Excavator,Highway,Rain,Wed,0,3
2025-07-02,S004,Bulldozer,Highway,Rain,Wed,0,2
2025-07-02,S004,Crane,Highway,Rain,Wed,0,0
2025-07-02,S004,Grader,Highway,Rain,Wed,0,3
2025-07-02,S004,Loader,Highway,Rain,Wed,0,2
2025-07-02,S004,Compactor,Highway,Rain,Wed,0,3
2025-07-02,S005,Excavator,Mining,Sunny,Wed,0,2
2025-07-02,S005,Bulldozer,Mining,Sunny,Wed,0,6
2025-07-02,S005,Crane,Mining,Sunny,Wed,0,1
2025-07-02,S005,Grader,Mining,Sunny,Wed,0,2
2025-07-02,S005,Loader,Mining,Sunny,Wed,0,5
2025-07-02,S005,Compactor,Mining,Sunny,Wed,0,2
2025-07-02,S006,Excavator,Road,Sunny,Wed,0,5
2025-07-02,S006,Bulldozer,Road,Sunny,Wed,0,2
2025-07-02,S006,Crane,Road,Sunny,Wed,0,1
2025-07-02,S006,Grader,Road,Sunny,Wed,0,4
2025-07-02,S006,Loader,Road,Sunny,Wed,0,3
2025-07-02,S006,Compactor,Road,Sunny,Wed,0,4
2025-07-03,S001,Excavator,Road,Rain,Thu,0,2
2025-07-03,S001,Bulldozer,Road,Rain,Thu,0,0
2025-07-03,S001,Crane,Road,Rain,Thu,0,0
2025-07-03,S001,Grader,Road,Rain,Thu,0,2
2025-07-03,S001,Loader,Road,Rain,Thu,0,1
2025-07-03,S001,Compactor,Road,Rain,Thu,0,2
2025-07-03,S002,Excavator,Mining,Cloudy,Thu,0,2
2025-07-03,S002,Bulldozer,Mining,Cloudy,Thu,0,6
2025-07-03,S002,Crane,Mining,Cloudy,Thu,0,1
2025-07-03,S002,Grader,Mining,Cloudy,Thu,0,0
2025-07-03,S002,Loader,Mining,Cloudy,Thu,0,4
2025-07-03,S002,Compactor,Mining,Cloudy,Thu,0,2
2025-07-03,S003,Excavator,Building,Cloudy,Thu,0,1
2025-07-03,S003,Bulldozer,Building,Cloudy,Thu,0,1
2025-07-03,S003,Crane,Building,Cloudy,Thu,0,4
2025-07-03,S003,Grader,Building,Cloudy,Thu,0,1
2025-07-03,S003,Loader,Building,Cloudy,Thu,0,2
2025-07-03,S003,Compactor,Building,Cloudy,Thu,0,2
2025-07-03,S004,Excavator,Highway,Sunny,Thu,0,5
2025-07-03,S004,Bulldozer,Highway,Sunny,Thu,0,2
2025-07-03,S004,Crane,Highway,Sunny,Thu,0,1
2025-07-03,S004,Grader,Highway,Sunny,Thu,0,6
2025-07-03,S004,Loader,Highway,Sunny,Thu,0,3
2025-07-03,S004,Compactor,Highway,Sunny,Thu,0,5
2025-07-03,S005,Excavator,Mining,Rain,Thu,0,1
2025-07-03,S005,Bulldozer,Mining,Rain,Thu,0,3
2025-07-03,S005,Crane,Mining,Rain,Thu,0,1
2025-07-03,S005,Grader,Mining,Rain,Thu,0,0
2025-07-03,S005,Loader,Mining,Rain,Thu,0,2
2025-07-03,S005,Compactor,Mining,Rain,Thu,0,0
2025-07-03,S006,Excavator,Road,Cloudy,Thu,0,5
2025-07-03,S006,Bulldozer,Road,Cloudy,Thu,0,2
2025-07-03,S006,Crane,Road,Cloudy,Thu,0,0
2025-07-03,S006,Grader,Road,Cloudy,Thu,0,4
2025-07-03,S006,Loader,Road,Cloudy,Thu,0,2
2025-07-03,S006,Compactor,Road,Cloudy,Thu,0,4
2025-07-04,S001,Excavator,Road,Rain,Fri,0,3
2025-07-04,S001,Bulldozer,Road,Rain,Fri,0,1
2025-07-04,S001,Crane,Road,Rain,Fri,0,0
2025-07-04,S001,Grader,Road,Rain,Fri,0,3
2025-07-04,S001,Loader,Road,Rain,Fri,0,2
2025-07-04,S001,Compactor,Road,Rain,Fri,0,3
2025-07-04,S002,Excavator,Mining,Cloudy,Fri,0,2
2025-07-04,S002,Bulldozer,Mining,Cloudy,Fri,0,5
2025-07-04,S002,Crane,Mining,Cloudy,Fri,0,1
2025-07-04,S002,Grader,Mining,Cloudy,Fri,0,0
2025-07-04,S002,Loader,Mining,Cloudy,Fri,0,5
2025-07-04,S002,Compactor,Mining,Cloudy,Fri,0,1
2025-07-04,S003,Excavator,Building,Sunny,Fri,0,2
2025-07-04,S003,Bulldozer,Building,Sunny,Fri,0,2
2025-07-04,S003,Crane,Building,Sunny,Fri,0,4
2025-07-04,S003,Grader,Building,Sunny,Fri,0,1
2025-07-04,S003,Loader,Building,Sunny,Fri,0,2
2025-07-04,S003,Compactor,Building,Sunny,Fri,0,2
2025-07-04,S004,Excavator,Highway,Sunny,Fri,0,5
2025-07-04,S004,Bulldozer,Highway,Sunny,Fri,0,2
2025-07-04,S004,Crane,Highway,Sunny,Fri,0,1
2025-07-04,S004,Grader,Highway,Sunny,Fri,0,5
2025-07-04,S004,Loader,Highway,Sunny,Fri,0,4
2025-07-04,S004,Compactor,Highway,Sunny,Fri,0,6
2025-07-04,S005,Excavator,Mining,Cloudy,Fri,0,2
2025-07-04,S005,Bulldozer,Mining,Cloudy,Fri,0,5
2025-07-04,S005,Crane,Mining,Cloudy,Fri,0,1
2025-07-04,S005,Grader,Mining,Cloudy,Fri,0,1
2025-07-04,S005,Loader,Mining,Cloudy,Fri,0,3
2025-07-04,S005,Compactor,Mining,Cloudy,Fri,0,1
2025-07-04,S006,Excavator,Road,Cloudy,Fri,0,5
2025-07-04,S006,Bulldozer,Road,Cloudy,Fri,0,1
2025-07-04,S006,Crane,Road,Cloudy,Fri,0,0
2025-07-04,S006,Grader,Road,Cloudy,Fri,0,4
2025-07-04,S006,Loader,Road,Cloudy,Fri,0,2
2025-07-04,S006,Compactor,Road,Cloudy,Fri,0,4
2025-07-05,S001,Excavator,Road,Cloudy,Sat,1,1
2025-07-05,S001,Bulldozer,Road,Cloudy,Sat,1,2
2025-07-05,S001,Crane,Road,Cloudy,Sat,1,1
2025-07-05,S001,Grader,Road,Cloudy,Sat,1,1
2025-07-05,S001,Loader,Road,Cloudy,Sat,1,1
2025-07-05,S001,Compactor,Road,Cloudy,Sat,1,2
2025-07-05,S002,Excavator,Mining,Sunny,Sat,1,2
2025-07-05,S002,Bulldozer,Mining,Sunny,Sat,1,3
2025-07-05,S002,Crane,Mining,Sunny,Sat,1,0
2025-07-05,S002,Grader,Mining,Sunny,Sat,1,0
2025-07-05,S002,Loader,Mining,Sunny,Sat,1,3
2025-07-05,S002,Compactor,Mining,Sunny,Sat,1,1
2025-07-05,S003,Excavator,Building,Rain,Sat,1,0
2025-07-05,S003,Bulldozer,Building,Rain,Sat,1,0
2025-07-05,S003,Crane,Building,Rain,Sat,1,2
2025-07-05,S003,Grader,Building,Rain,Sat,1,0
2025-07-05,S003,Loader,Building,Rain,Sat,1,0
2025-07-05,S003,Compactor,Building,Rain,Sat,1,1
2025-07-05,S004,Excavator,Highway,Sunny,Sat,1,2
2025-07-05,S004,Bulldozer,Highway,Sunny,Sat,1,0
2025-07-05,S004,Crane,Highway,Sunny,Sat,1,1
2025-07-05,S004,Grader,Highway,Sunny,Sat,1,2
2025-07-05,S004,Loader,Highway,Sunny,Sat,1,1
2025-07-05,S004,Compactor,Highway,Sunny,Sat,1,3
2025-07-05,S005,Excavator,Mining,Cloudy,Sat,1,2
2025-07-05,S005,Bulldozer,Mining,Cloudy,Sat,1,3
2025-07-05,S005,Crane,Mining,Cloudy,Sat,1,2
2025-07-05,S005,Grader,Mining,Cloudy,Sat,1,1
2025-07-05,S005,Loader,Mining,Cloudy,Sat,1,2
2025-07-05,S005,Compactor,Mining,Cloudy,Sat,1,1
2025-07-05,S006,Excavator,Road,Cloudy,Sat,1,2
2025-07-05,S006,Bulldozer,Road,Cloudy,Sat,1,1
2025-07-05,S006,Crane,Road,Cloudy,Sat,1,0
2025-07-05,S006,Grader,Road,Cloudy,Sat,1,1
2025-07-05,S006,Loader,Road,Cloudy,Sat,1,1
2025-07-05,S006,Compactor,Road,Cloudy,Sat,1,2
2025-07-06,S001,Excavator,Road,Cloudy,Sun,1,1
2025-07-06,S001,Bulldozer,Road,Cloudy,Sun,1,2
2025-07-06,S001,Crane,Road,Cloudy,Sun,1,0
2025-07-06,S001,Grader,Road,Cloudy,Sun,1,0
2025-07-06,S001,Loader,Road,Cloudy,Sun,1,1
2025-07-06,S001,Compactor,Road,Cloudy,Sun,1,1
2025-07-06,S002,Excavator,Mining,Cloudy,Sun,1,1
2025-07-06,S002,Bulldozer,Mining,Cloudy,Sun,1,2
2025-07-06,S002,Crane,Mining,Cloudy,Sun,1,1
2025-07-06,S002,Grader,Mining,Cloudy,Sun,1,0
2025-07-06,S002,Loader,Mining,Cloudy,Sun,1,2
2025-07-06,S002,Compactor,Mining,Cloudy,Sun,1,0
2025-07-06,S003,Excavator,Building,Sunny,Sun,1,2
2025-07-06,S003,Bulldozer,Building,Sunny,Sun,1,0
2025-07-06,S003,Crane,Building,Sunny,Sun,1,2
2025-07-06,S003,Grader,Building,Sunny,Sun,1,0
2025-07-06,S003,Loader,Building,Sunny,Sun,1,0
2025-07-06,S003,Compactor,Building,Sunny,Sun,1,0
2025-07-06,S004,Excavator,Highway,Sunny,Sun,1,3
2025-07-06,S004,Bulldozer,Highway,Sunny,Sun,1,1
2025-07-06,S004,Crane,Highway,Sunny,Sun,1,0
2025-07-06,S004,Grader,Highway,Sunny,Sun,1,3
2025-07-06,S004,Loader,Highway,Sunny,Sun,1,0
2025-07-06,S004,Compactor,Highway,Sunny,Sun,1,3
2025-07-06,S005,Excavator,Mining,Sunny,Sun,1,1
2025-07-06,S005,Bulldozer,Mining,Sunny,Sun,1,2
2025-07-06,S005,Crane,Mining,Sunny,Sun,1,0
2025-07-06,S005,Grader,Mining,Sunny,Sun,1,0
2025-07-06,S005,Loader,Mining,Sunny,Sun,1,3
2025-07-06,S005,Compactor,Mining,Sunny,Sun,1,0
2025-07-06,S006,Excavator,Road,Sunny,Sun,1,2
2025-07-06,S006,Bulldozer,Road,Sunny,Sun,1,1
2025-07-06,S006,Crane,Road,Sunny,Sun,1,0
2025-07-06,S006,Grader,Road,Sunny,Sun,1,3
2025-07-06,S006,Loader,Road,Sunny,Sun,1,1
2025-07-06,S006,Compactor,Road,Sunny,Sun,1,1
2025-07-07,S001,Excavator,Road,Sunny,Mon,0,5
2025-07-07,S001,Bulldozer,Road,Sunny,Mon,0,2
2025-07-07,S001,Crane,Road,Sunny,Mon,0,0
2025-07-07,S001,Grader,Road,Sunny,Mon,0,4
2025-07-07,S001,Loader,Road,Sunny,Mon,0,3
2025-07-07,S001,Compactor,Road,Sunny,Mon,0,5
2025-07-07,S002,Excavator,Mining,Sunny,Mon,0,3
2025-07-07,S002,Bulldozer,Mining,Sunny,Mon,0,6
2025-07-07,S002,Crane,Mining,Sunny,Mon,0,2
2025-07-07,S002,Grader,Mining,Sunny,Mon,0,1
2025-07-07,S002,Loader,Mining,Sunny,Mon,0,5
2025-07-07,S002,Compactor,Mining,Sunny,Mon,0,1
2025-07-07,S003,Excavator,Building,Rain,Mon,0,1
2025-07-07,S003,Bulldozer,Building,Rain,Mon,0,0
2025-07-07,S003,Crane,Building,Rain,Mon,0,3
2025-07-07,S003,Grader,Building,Rain,Mon,0,1
2025-07-07,S003,Loader,Building,Rain,Mon,0,1
2025-07-07,S003,Compactor,Building,Rain,Mon,0,1
2025-07-07,S004,Excavator,Highway,Sunny,Mon,0,4
2025-07-07,S004,Bulldozer,Highway,Sunny,Mon,0,2
2025-07-07,S004,Crane,Highway,Sunny,Mon,0,0
2025-07-07,S004,Grader,Highway,Sunny,Mon,0,4
2025-07-07,S004,Loader,Highway,Sunny,Mon,0,3
2025-07-07,S004,Compactor,Highway,Sunny,Mon,0,5
2025-07-07,S005,Excavator,Mining,Cloudy,Mon,0,2
2025-07-07,S005,Bulldozer,Mining,Cloudy,Mon,0,5
2025-07-07,S005,Crane,Mining,Cloudy,Mon,0,1
2025-07-07,S005,Grader,Mining,Cloudy,Mon,0,0
2025-07-07,S005,Loader,Mining,Cloudy,Mon,0,5
2025-07-07,S005,Compactor,Mining,Cloudy,Mon,0,1
2025-07-07,S006,Excavator,Road,Sunny,Mon,0,6
2025-07-07,S006,Bulldozer,Road,Sunny,Mon,0,2
2025-07-07,S006,Crane,Road,Sunny,Mon,0,1
2025-07-07,S006,Grader,Road,Sunny,Mon,0,4
2025-07-07,S006,Loader,Road,Sunny,Mon,0,3
2025-07-07,S006,Compactor,Road,Sunny,Mon,0,4
2025-07-08,S001,Excavator,Road,Sunny,Tue,0,5
2025-07-08,S001,Bulldozer,Road,Sunny,Tue,0,3
2025-07-08,S001,Crane,Road,Sunny,Tue,0,1
2025-07-08,S001,Grader,Road,Sunny,Tue,0,4
2025-07-08,S001,Loader,Road,Sunny,Tue,0,2
2025-07-08,S001,Compactor,Road,Sunny,Tue,0,5
2025-07-08,S002,Excavator,Mining,Cloudy,Tue,0,2
2025-07-08,S002,Bulldozer,Mining,Cloudy,Tue,0,5
2025-07-08,S002,Crane,Mining,Cloudy,Tue,0,2
2025-07-08,S002,Grader,Mining,Cloudy,Tue,0,0
2025-07-08,S002,Loader,Mining,Cloudy,Tue,0,4
2025-07-08,S002,Compactor,Mining,Cloudy,Tue,0,0
2025-07-08,S003,Excavator,Building,Rain,Tue,0,1
2025-07-08,S003,Bulldozer,Building,Rain,Tue,0,1
2025-07-08,S003,Crane,Building,Rain,Tue,0,3
2025-07-08,S003,Grader,Building,Rain,Tue,0,1
2025-07-08,S003,Loader,Building,Rain,Tue,0,2
2025-07-08,S003,Compactor,Building,Rain,Tue,0,2
2025-07-08,S004,Excavator,Highway,Sunny,Tue,0,4
2025-07-08,S004,Bulldozer,Highway,Sunny,Tue,0,4
2025-07-08,S004,Crane,Highway,Sunny,Tue,0,2
2025-07-08,S004,Grader,Highway,Sunny,Tue,0,5
2025-07-08,S004,Loader,Highway,Sunny,Tue,0,3
2025-07-08,S004,Compactor,Highway,Sunny,Tue,0,5
2025-07-08,S005,Excavator,Mining,Sunny,Tue,0,2
2025-07-08,S005,Bulldozer,Mining,Sunny,Tue,0,6
2025-07-08,S005,Crane,Mining,Sunny,Tue,0,2
2025-07-08,S005,Grader,Mining,Sunny,Tue,0,0
2025-07-08,S005,Loader,Mining,Sunny,Tue,0,6
2025-07-08,S005,Compactor,Mining,Sunny,Tue,0,1
2025-07-08,S006,Excavator,Road,Cloudy,Tue,0,4
2025-07-08,S006,Bulldozer,Road,Cloudy,Tue,0,2
2025-07-08,S006,Crane,Road,Cloudy,Tue,0,0
2025-07-08,S006,Grader,Road,Cloudy,Tue,0,4
2025-07-08,S006,Loader,Road,Cloudy,Tue,0,2
2025-07-08,S006,Compactor,Road,Cloudy,Tue,0,4
2025-07-09,S001,Excavator,Road,Sunny,Wed,0,5
2025-07-09,S001,Bulldozer,Road,Sunny,Wed,0,1
2025-07-09,S001,Crane,Road,Sunny,Wed,0,1
2025-07-09,S001,Grader,Road,Sunny,Wed,0,4
2025-07-09,S001,Loader,Road,Sunny,Wed,0,4
2025-07-09,S001,Compactor,Road,Sunny,Wed,0,3
2025-07-09,S002,Excavator,Mining,Sunny,Wed,0,3
2025-07-09,S002,Bulldozer,Mining,Sunny,Wed,0,7
2025-07-09,S002,Crane,Mining,Sunny,Wed,0,1
2025-07-09,S002,Grader,Mining,Sunny,Wed,0,1
2025-07-09,S002,Loader,Mining,Sunny,Wed,0,4
2025-07-09,S002,Compactor,Mining,Sunny,Wed,0,0
2025-07-09,S003,Excavator,Building,Rain,Wed,0,1
2025-07-09,S003,Bulldozer,Building,Rain,Wed,0,0
2025-07-09,S003,Crane,Building,Rain,Wed,0,2
2025-07-09,S003,Grader,Building,Rain,Wed,0,1
2025-07-09,S003,Loader,Building,Rain,Wed,0,1
2025-07-09,S003,Compactor,Building,Rain,Wed,0,1
2025-07-09,S004,Excavator,Highway,Sunny,Wed,0,5
2025-07-09,S004,Bulldozer,Highway,Sunny,Wed,0,2
2025-07-09,S004,Crane,Highway,Sunny,Wed,0,2
2025-07-09,S004,Grader,Highway,Sunny,Wed,0,5
2025-07-09,S004,Loader,Highway,Sunny,Wed,0,3
2025-07-09,S004,Compactor,Highway,Sunny,Wed,0,5
2025-07-09,S005,Excavator,Mining,Sunny,Wed,0,4
2025-07-09,S005,Bulldozer,Mining,Sunny,Wed,0,7
2025-07-09,S005,Crane,Mining,Sunny,Wed,0,2
2025-07-09,S005,Grader,Mining,Sunny,Wed,0,1
2025-07-09,S005,Loader,Mining,Sunny,Wed,0,5
2025-07-09,S005,Compactor,Mining,Sunny,Wed,0,0
2025-07-09,S006,Excavator,Road,Sunny,Wed,0,5
2025-07-09,S006,Bulldozer,Road,Sunny,Wed,0,1
2025-07-09,S006,Crane,Road,Sunny,Wed,0,1
2025-07-09,S006,Grader,Road,Sunny,Wed,0,3
2025-07-09,S006,Loader,Road,Sunny,Wed,0,2
2025-07-09,S006,Compactor,Road,Sunny,Wed,0,3
2025-07-10,S001,Excavator,Road,Rain,Thu,0,3
2025-07-10,S001,Bulldozer,Road,Rain,Thu,0,2
2025-07-10,S001,Crane,Road,Rain,Thu,0,1
2025-07-10,S001,Grader,Road,Rain,Thu,0,2
2025-07-10,S001,Loader,Road,Rain,Thu,0,1
2025-07-10,S001,Compactor,Road,Rain,Thu,0,3
2025-07-10,S002,Excavator,Mining,Sunny,Thu,0,4
2025-07-10,S002,Bulldozer,Mining,Sunny,Thu,0,5
2025-07-10,S002,Crane,Mining,Sunny,Thu,0,3
2025-07-10,S002,Grader,Mining,Sunny,Thu,0,1
2025-07-10,S002,Loader,Mining,Sunny,Thu,0,4
2025-07-10,S002,Compactor,Mining,Sunny,Thu,0,1
2025-07-10,S003,Excavator,Building,Sunny,Thu,0,2
2025-07-10,S003,Bulldozer,Building,Sunny,Thu,0,0
2025-07-10,S003,Crane,Building,Sunny,Thu,0,5
2025-07-10,S003,Grader,Building,Sunny,Thu,0,0
2025-07-10,S003,Loader,Building,Sunny,Thu,0,2
2025-07-10,S003,Compactor,Building,Sunny,Thu,0,2
2025-07-10,S004,Excavator,Highway,Rain,Thu,0,3
2025-07-10,S004,Bulldozer,Highway,Rain,Thu,0,1
2025-07-10,S004,Crane,Highway,Rain,Thu,0,1
2025-07-10,S004,Grader,Highway,Rain,Thu,0,2
2025-07-10,S004,Loader,Highway,Rain,Thu,0,2
2025-07-10,S004,Compactor,Highway,Rain,Thu,0,3
2025-07-10,S005,Excavator,Mining,Cloudy,Thu,0,3
2025-07-10,S005,Bulldozer,Mining,Cloudy,Thu,0,5
2025-07-10,S005,Crane,Mining,Cloudy,Thu,0,3
2025-07-10,S005,Grader,Mining,Cloudy,Thu,0,2
2025-07-10,S005,Loader,Mining,Cloudy,Thu,0,5
2025-07-10,S005,Compactor,Mining,Cloudy,Thu,0,1
2025-07-10,S006,Excavator,Road,Cloudy,Thu,0,5
2025-07-10,S006,Bulldozer,Road,Cloudy,Thu,0,2
2025-07-10,S006,Crane,Road,Cloudy,Thu,0,1
2025-07-10,S006,Grader,Road,Cloudy,Thu,0,3
2025-07-10,S006,Loader,Road,Cloudy,Thu,0,2
2025-07-10,S006,Compactor,Road,Cloudy,Thu,0,4
2025-07-11,S001,Excavator,Road,Rain,Fri,0,3
2025-07-11,S001,Bulldozer,Road,Rain,Fri,0,2
2025-07-11,S001,Crane,Road,Rain,Fri,0,0
2025-07-11,S001,Grader,Road,Rain,Fri,0,1
2025-07-11,S001,Loader,Road,Rain,Fri,0,1
2025-07-11,S001,Compactor,Road,Rain,Fri,0,1
2025-07-11,S002,Excavator,Mining,Cloudy,Fri,0,2
2025-07-11,S002,Bulldozer,Mining,Cloudy,Fri,0,6
2025-07-11,S002,Crane,Mining,Cloudy,Fri,0,1
2025-07-11,S002,Grader,Mining,Cloudy,Fri,0,0
2025-07-11,S002,Loader,Mining,Cloudy,Fri,0,5
2025-07-11,S002,Compactor,Mining,Cloudy,Fri,0,1
2025-07-11,S003,Excavator,Building,Sunny,Fri,0,2
2025-07-11,S003,Bulldozer,Building,Sunny,Fri,0,1
2025-07-11,S003,Crane,Building,Sunny,Fri,0,6
2025-07-11,S003,Grader,Building,Sunny,Fri,0,1
2025-07-11,S003,Loader,Building,Sunny,Fri,0,2
2025-07-11,S003,Compactor,Building,Sunny,Fri,0,2
2025-07-11,S004,Excavator,Highway,Sunny,Fri,0,5
2025-07-11,S004,Bulldozer,Highway,Sunny,Fri,0,2
2025-07-11,S004,Crane,Highway,Sunny,Fri,0,1
2025-07-11,S004,Grader,Highway,Sunny,Fri,0,6
2025-07-11,S004,Loader,Highway,Sunny,Fri,0,4
2025-07-11,S004,Compactor,Highway,Sunny,Fri,0,5
2025-07-11,S005,Excavator,Mining,Sunny,Fri,0,2
2025-07-11,S005,Bulldozer,Mining,Sunny,Fri,0,5
2025-07-11,S005,Crane,Mining,Sunny,Fri,0,2
2025-07-11,S005,Grader,Mining,Sunny,Fri,0,2
2025-07-11,S005,Loader,Mining,Sunny,Fri,0,6
2025-07-11,S005,Compactor,Mining,Sunny,Fri,0,0
2025-07-11,S006,Excavator,Road,Rain,Fri,0,3
2025-07-11,S006,Bulldozer,Road,Rain,Fri,0,1
2025-07-11,S006,Crane,Road,Rain,Fri,0,1
2025-07-11,S006,Grader,Road,Rain,Fri,0,1
2025-07-11,S006,Loader,Road,Rain,Fri,0,1
2025-07-11,S006,Compactor,Road,Rain,Fri,0,2
2025-07-12,S001,Excavator,Road,Rain,Sat,1,1
2025-07-12,S001,Bulldozer,Road,Rain,Sat,1,0
2025-07-12,S001,Crane,Road,Rain,Sat,1,1
2025-07-12,S001,Grader,Road,Rain,Sat,1,1
2025-07-12,S001,Loader,Road,Rain,Sat,1,0
2025-07-12,S001,Compactor,Road,Rain,Sat,1,0
2025-07-12,S002,Excavator,Mining,Sunny,Sat,1,2
2025-07-12,S002,Bulldozer,Mining,Sunny,Sat,1,2
2025-07-12,S002,Crane,Mining,Sunny,Sat,1,1
2025-07-12,S002,Grader,Mining,Sunny,Sat,1,0
2025-07-12,S002,Loader,Mining,Sunny,Sat,1,1
2025-07-12,S002,Compactor,Mining,Sunny,Sat,1,1
2025-07-12,S003,Excavator,Building,Sunny,Sat,1,1
2025-07-12,S003,Bulldozer,Building,Sunny,Sat,1,1
2025-07-12,S003,Crane,Building,Sunny,Sat,1,1
2025-07-12,S003,Grader,Building,Sunny,Sat,1,0
2025-07-12,S003,Loader,Building,Sunny,Sat,1,0
2025-07-12,S003,Compactor,Building,Sunny,Sat,1,0
2025-07-12,S004,Excavator,Highway,Cloudy,Sat,1,2
2025-07-12,S004,Bulldozer,Highway,Cloudy,Sat,1,0
2025-07-12,S004,Crane,Highway,Cloudy,Sat,1,0
2025-07-12,S004,Grader,Highway,Cloudy,Sat,1,2
2025-07-12,S004,Loader,Highway,Cloudy,Sat,1,0
2025-07-12,S004,Compactor,Highway,Cloudy,Sat,1,1
2025-07-12,S005,Excavator,Mining,Cloudy,Sat,1,1
2025-07-12,S005,Bulldozer,Mining,Cloudy,Sat,1,2
2025-07-12,S005,Crane,Mining,Cloudy,Sat,1,1
2025-07-12,S005,Grader,Mining,Cloudy,Sat,1,0
2025-07-12,S005,Loader,Mining,Cloudy,Sat,1,2
2025-07-12,S005,Compactor,Mining,Cloudy,Sat,1,1
2025-07-12,S006,Excavator,Road,Sunny,Sat,1,2
2025-07-12,S006,Bulldozer,Road,Sunny,Sat,1,0
2025-07-12,S006,Crane,Road,Sunny,Sat,1,1
2025-07-12,S006,Grader,Road,Sunny,Sat,1,2
2025-07-12,S006,Loader,Road,Sunny,Sat,1,2
2025-07-12,S006,Compactor,Road,Sunny,Sat,1,2
2025-07-13,S001,Excavator,Road,Sunny,Sun,1,1
2025-07-13,S001,Bulldozer,Road,Sunny,Sun,1,1
2025-07-13,S001,Crane,Road,Sunny,Sun,1,1
2025-07-13,S001,Grader,Road,Sunny,Sun,1,1
2025-07-13,S001,Loader,Road,Sunny,Sun,1,1
2025-07-13,S001,Compactor,Road,Sunny,Sun,1,1
2025-07-13,S002,Excavator,Mining,Sunny,Sun,1,2
2025-07-13,S002,Bulldozer,Mining,Sunny,Sun,1,3
2025-07-13,S002,Crane,Mining,Sunny,Sun,1,1
2025-07-13,S002,Grader,Mining,Sunny,Sun,1,1
2025-07-13,S002,Loader,Mining,Sunny,Sun,1,2
2025-07-13,S002,Compactor,Mining,Sunny,Sun,1,1
2025-07-13,S003,Excavator,Building,Sunny,Sun,1,1
2025-07-13,S003,Bulldozer,Building,Sunny,Sun,1,0
2025-07-13,S003,Crane,Building,Sunny,Sun,1,2
2025-07-13,S003,Grader,Building,Sunny,Sun,1,0
2025-07-13,S003,Loader,Building,Sunny,Sun,1,1
2025-07-13,S003,Compactor,Building,Sunny,Sun,1,0
2025-07-13,S004,Excavator,Highway,Sunny,Sun,1,3
2025-07-13,S004,Bulldozer,Highway,Sunny,Sun,1,2
2025-07-13,S004,Crane,Highway,Sunny,Sun,1,0
2025-07-13,S004,Grader,Highway,Sunny,Sun,1,3
2025-07-13,S004,Loader,Highway,Sunny,Sun,1,0
2025-07-13,S004,Compactor,Highway,Sunny,Sun,1,3
2025-07-13,S005,Excavator,Mining,Sunny,Sun,1,0
2025-07-13,S005,Bulldozer,Mining,Sunny,Sun,1,3
2025-07-13,S005,Crane,Mining,Sunny,Sun,1,0
2025-07-13,S005,Grader,Mining,Sunny,Sun,1,1
2025-07-13,S005,Loader,Mining,Sunny,Sun,1,1
2025-07-13,S005,Compactor,Mining,Sunny,Sun,1,0
2025-07-13,S006,Excavator,Road,Sunny,Sun,1,1
2025-07-13,S006,Bulldozer,Road,Sunny,Sun,1,1
2025-07-13,S006,Crane,Road,Sunny,Sun,1,0
2025-07-13,S006,Grader,Road,Sunny,Sun,1,2
2025-07-13,S006,Loader,Road,Sunny,Sun,1,1
2025-07-13,S006,Compactor,Road,Sunny,Sun,1,3
2025-07-14,S001,Excavator,Road,Cloudy,Mon,0,4
2025-07-14,S001,Bulldozer,Road,Cloudy,Mon,0,3
2025-07-14,S001,Crane,Road,Cloudy,Mon,0,2
2025-07-14,S001,Grader,Road,Cloudy,Mon,0,4
2025-07-14,S001,Loader,Road,Cloudy,Mon,0,3
2025-07-14,S001,Compactor,Road,Cloudy,Mon,0,3
2025-07-14,S002,Excavator,Mining,Sunny,Mon,0,2
2025-07-14,S002,Bulldozer,Mining,Sunny,Mon,0,5
2025-07-14,S002,Crane,Mining,Sunny,Mon,0,2
2025-07-14,S002,Grader,Mining,Sunny,Mon,0,1
2025-07-14,S002,Loader,Mining,Sunny,Mon,0,6
2025-07-14,S002,Compactor,Mining,Sunny,Mon,0,1
2025-07-14,S003,Excavator,Building,Cloudy,Mon,0,1
2025-07-14,S003,Bulldozer,Building,Cloudy,Mon,0,2
2025-07-14,S003,Crane,Building,Cloudy,Mon,0,4
2025-07-14,S003,Grader,Building,Cloudy,Mon,0,1
2025-07-14,S003,Loader,Building,Cloudy,Mon,0,1
2025-07-14,S003,Compactor,Building,Cloudy,Mon,0,2
2025-07-14,S004,Excavator,Highway,Sunny,Mon,0,5
2025-07-14,S004,Bulldozer,Highway,Sunny,Mon,0,3
2025-07-14,S004,Crane,Highway,Sunny,Mon,0,0
2025-07-14,S004,Grader,Highway,Sunny,Mon,0,5
2025-07-14,S004,Loader,Highway,Sunny,Mon,0,4
2025-07-14,S004,Compactor,Highway,Sunny,Mon,0,4
2025-07-14,S005,Excavator,Mining,Rain,Mon,0,2
2025-07-14,S005,Bulldozer,Mining,Rain,Mon,0,3
2025-07-14,S005,Crane,Mining,Rain,Mon,0,1
2025-07-14,S005,Grader,Mining,Rain,Mon,0,0
2025-07-14,S005,Loader,Mining,Rain,Mon,0,2
2025-07-14,S005,Compactor,Mining,Rain,Mon,0,1
2025-07-14,S006,Excavator,Road,Sunny,Mon,0,5
2025-07-14,S006,Bulldozer,Road,Sunny,Mon,0,2
2025-07-14,S006,Crane,Road,Sunny,Mon,0,1
2025-07-14,S006,Grader,Road,Sunny,Mon,0,4
2025-07-14,S006,Loader,Road,Sunny,Mon,0,2
2025-07-14,S006,Compactor,Road,Sunny,Mon,0,3
2025-07-15,S001,Excavator,Road,Cloudy,Tue,0,4
2025-07-15,S001,Bulldozer,Road,Cloudy,Tue,0,2
2025-07-15,S001,Crane,Road,Cloudy,Tue,0,1
2025-07-15,S001,Grader,Road,Cloudy,Tue,0,3
2025-07-15,S001,Loader,Road,Cloudy,Tue,0,3
2025-07-15,S001,Compactor,Road,Cloudy,Tue,0,2
2025-07-15,S002,Excavator,Mining,Cloudy,Tue,0,3
2025-07-15,S002,Bulldozer,Mining,Cloudy,Tue,0,4
2025-07-15,S002,Crane,Mining,Cloudy,Tue,0,2
2025-07-15,S002,Grader,Mining,Cloudy,Tue,0,1
2025-07-15,S002,Loader,Mining,Cloudy,Tue,0,5
2025-07-15,S002,Compactor,Mining,Cloudy,Tue,0,0
2025-07-15,S003,Excavator,Building,Cloudy,Tue,0,2
2025-07-15,S003,Bulldozer,Building,Cloudy,Tue,0,0
2025-07-15,S003,Crane,Building,Cloudy,Tue,0,5
2025-07-15,S003,Grader,Building,Cloudy,Tue,0,2
2025-07-15,S003,Loader,Building,Cloudy,Tue,0,1
2025-07-15,S003,Compactor,Building,Cloudy,Tue,0,2
2025-07-15,S004,Excavator,Highway,Cloudy,Tue,0,5
2025-07-15,S004,Bulldozer,Highway,Cloudy,Tue,0,2
2025-07-15,S004,Crane,Highway,Cloudy,Tue,0,2
2025-07-15,S004,Grader,Highway,Cloudy,Tue,0,4
2025-07-15,S004,Loader,Highway,Cloudy,Tue,0,3
2025-07-15,S004,Compactor,Highway,Cloudy,Tue,0,5
2025-07-15,S005,Excavator,Mining,Sunny,Tue,0,4
2025-07-15,S005,Bulldozer,Mining,Sunny,Tue,0,7
2025-07-15,S005,Crane,Mining,Sunny,Tue,0,3
2025-07-15,S005,Grader,Mining,Sunny,Tue,0,2
2025-07-15,S005,Loader,Mining,Sunny,Tue,0,5
2025-07-15,S005,Compactor,Mining,Sunny,Tue,0,1
2025-07-15,S006,Excavator,Road,Rain,Tue,0,2
2025-07-15,S006,Bulldozer,Road,Rain,Tue,0,1
2025-07-15,S006,Crane,Road,Rain,Tue,0,1
2025-07-15,S006,Grader,Road,Rain,Tue,0,1
2025-07-15,S006,Loader,Road,Rain,Tue,0,1
2025-07-15,S006,Compactor,Road,Rain,Tue,0,3
2025-07-16,S001,Excavator,Road,Cloudy,Wed,0,5
2025-07-16,S001,Bulldozer,Road,Cloudy,Wed,0,2
2025-07-16,S001,Crane,Road,Cloudy,Wed,0,1
2025-07-16,S001,Grader,Road,Cloudy,Wed,0,4
2025-07-16,S001,Loader,Road,Cloudy,Wed,0,3
2025-07-16,S001,Compactor,Road,Cloudy,Wed,0,2
2025-07-16,S002,Excavator,Mining,Sunny,Wed,0,4
2025-07-16,S002,Bulldozer,Mining,Sunny,Wed,0,5
2025-07-16,S002,Crane,Mining,Sunny,Wed,0,2
2025-07-16,S002,Grader,Mining,Sunny,Wed,0,0
2025-07-16,S002,Loader,Mining,Sunny,Wed,0,5
2025-07-16,S002,Compactor,Mining,Sunny,Wed,0,2
2025-07-16,S003,Excavator,Building,Sunny,Wed,0,3
2025-07-16,S003,Bulldozer,Building,Sunny,Wed,0,2
2025-07-16,S003,Crane,Building,Sunny,Wed,0,6
2025-07-16,S003,Grader,Building,Sunny,Wed,0,1
2025-07-16,S003,Loader,Building,Sunny,Wed,0,3
2025-07-16,S003,Compactor,Building,Sunny,Wed,0,2
2025-07-16,S004,Excavator,Highway,Sunny,Wed,0,6
2025-07-16,S004,Bulldozer,Highway,Sunny,Wed,0,3
2025-07-16,S004,Crane,Highway,Sunny,Wed,0,1
2025-07-16,S004,Grader,Highway,Sunny,Wed,0,4
2025-07-16,S004,Loader,Highway,Sunny,Wed,0,2
2025-07-16,S004,Compactor,Highway,Sunny,Wed,0,5
2025-07-16,S005,Excavator,Mining,Sunny,Wed,0,4
2025-07-16,S005,Bulldozer,Mining,Sunny,Wed,0,5
2025-07-16,S005,Crane,Mining,Sunny,Wed,0,3
2025-07-16,S005,Grader,Mining,Sunny,Wed,0,1
2025-07-16,S005,Loader,Mining,Sunny,Wed,0,4
2025-07-16,S005,Compactor,Mining,Sunny,Wed,0,1
2025-07-16,S006,Excavator,Road,Sunny,Wed,0,5
2025-07-16,S006,Bulldozer,Road,Sunny,Wed,0,1
2025-07-16,S006,Crane,Road,Sunny,Wed,0,2
2025-07-16,S006,Grader,Road,Sunny,Wed,0,5
2025-07-16,S006,Loader,Road,Sunny,Wed,0,3
2025-07-16,S006,Compactor,Road,Sunny,Wed,0,4
2025-07-17,S001,Excavator,Road,Sunny,Thu,0,4
2025-07-17,S001,Bulldozer,Road,Sunny,Thu,0,2
2025-07-17,S001,Crane,Road,Sunny,Thu,0,1
2025-07-17,S001,Grader,Road,Sunny,Thu,0,4
2025-07-17,S001,Loader,Road,Sunny,Thu,0,2
2025-07-17,S001,Compactor,Road,Sunny,Thu,0,3
2025-07-17,S002,Excavator,Mining,Sunny,Thu,0,2
2025-07-17,S002,Bulldozer,Mining,Sunny,Thu,0,5
2025-07-17,S002,Crane,Mining,Sunny,Thu,0,2
2025-07-17,S002,Grader,Mining,Sunny,Thu,0,0
2025-07-17,S002,Loader,Mining,Sunny,Thu,0,6
2025-07-17,S002,Compactor,Mining,Sunny,Thu,0,0
2025-07-17,S003,Excavator,Building,Rain,Thu,0,2
2025-07-17,S003,Bulldozer,Building,Rain,Thu,0,0
2025-07-17,S003,Crane,Building,Rain,Thu,0,3
2025-07-17,S003,Grader,Building,Rain,Thu,0,1
2025-07-17,S003,Loader,Building,Rain,Thu,0,1
2025-07-17,S003,Compactor,Building,Rain,Thu,0,1
2025-07-17,S004,Excavator,Highway,Cloudy,Thu,0,4
2025-07-17,S004,Bulldozer,Highway,Cloudy,Thu,0,3
2025-07-17,S004,Crane,Highway,Cloudy,Thu,0,0
2025-07-17,S004,Grader,Highway,Cloudy,Thu,0,4
2025-07-17,S004,Loader,Highway,Cloudy,Thu,0,2
2025-07-17,S004,Compactor,Highway,Cloudy,Thu,0,5
2025-07-17,S005,Excavator,Mining,Cloudy,Thu,0,3
2025-07-17,S005,Bulldozer,Mining,Cloudy,Thu,0,4
2025-07-17,S005,Crane,Mining,Cloudy,Thu,0,3
2025-07-17,S005,Grader,Mining,Cloudy,Thu,0,1
2025-07-17,S005,Loader,Mining,Cloudy,Thu,0,4
2025-07-17,S005,Compactor,Mining,Cloudy,Thu,0,2
2025-07-17,S006,Excavator,Road,Sunny,Thu,0,5
2025-07-17,S006,Bulldozer,Road,Sunny,Thu,0,3
2025-07-17,S006,Crane,Road,Sunny,Thu,0,2
2025-07-17,S006,Grader,Road,Sunny,Thu,0,4
2025-07-17,S006,Loader,Road,Sunny,Thu,0,2
2025-07-17,S006,Compactor,Road,Sunny,Thu,0,4
2025-07-18,S001,Excavator,Road,Sunny,Fri,0,5
2025-07-18,S001,Bulldozer,Road,Sunny,Fri,0,2
2025-07-18,S001,Crane,Road,Sunny,Fri,0,1
2025-07-18,S001,Grader,Road,Sunny,Fri,0,4
2025-07-18,S001,Loader,Road,Sunny,Fri,0,3
2025-07-18,S001,Compactor,Road,Sunny,Fri,0,5
2025-07-18,S002,Excavator,Mining,Sunny,Fri,0,3
2025-07-18,S002,Bulldozer,Mining,Sunny,Fri,0,5
2025-07-18,S002,Crane,Mining,Sunny,Fri,0,1
2025-07-18,S002,Grader,Mining,Sunny,Fri,0,2
2025-07-18,S002,Loader,Mining,Sunny,Fri,0,6
2025-07-18,S002,Compactor,Mining,Sunny,Fri,0,0
2025-07-18,S003,Excavator,Building,Sunny,Fri,0,3
2025-07-18,S003,Bulldozer,Building,Sunny,Fri,0,2
2025-07-18,S003,Crane,Building,Sunny,Fri,0,6
2025-07-18,S003,Grader,Building,Sunny,Fri,0,2
2025-07-18,S003,Loader,Building,Sunny,Fri,0,2
2025-07-18,S003,Compactor,Building,Sunny,Fri,0,1
2025-07-18,S004,Excavator,Highway,Sunny,Fri,0,5
2025-07-18,S004,Bulldozer,Highway,Sunny,Fri,0,2
2025-07-18,S004,Crane,Highway,Sunny,Fri,0,1
2025-07-18,S004,Grader,Highway,Sunny,Fri,0,5
2025-07-18,S004,Loader,Highway,Sunny,Fri,0,3
2025-07-18,S004,Compactor,Highway,Sunny,Fri,0,4
2025-07-18,S005,Excavator,Mining,Sunny,Fri,0,3
2025-07-18,S005,Bulldozer,Mining,Sunny,Fri,0,5
2025-07-18,S005,Crane,Mining,Sunny,Fri,0,1
2025-07-18,S005,Grader,Mining,Sunny,Fri,0,0
2025-07-18,S005,Loader,Mining,Sunny,Fri,0,6
2025-07-18,S005,Compactor,Mining,Sunny,Fri,0,2
2025-07-18,S006,Excavator,Road,Sunny,Fri,0,6
2025-07-18,S006,Bulldozer,Road,Sunny,Fri,0,3
2025-07-18,S006,Crane,Road,Sunny,Fri,0,1
2025-07-18,S006,Grader,Road,Sunny,Fri,0,4
2025-07-18,S006,Loader,Road,Sunny,Fri,0,4
2025-07-18,S006,Compactor,Road,Sunny,Fri,0,3
2025-07-19,S001,Excavator,Road,Sunny,Sat,1,3
2025-07-19,S001,Bulldozer,Road,Sunny,Sat,1,0
2025-07-19,S001,Crane,Road,Sunny,Sat,1,1
2025-07-19,S001,Grader,Road,Sunny,Sat,1,2
2025-07-19,S001,Loader,Road,Sunny,Sat,1,0
2025-07-19,S001,Compactor,Road,Sunny,Sat,1,1
2025-07-19,S002,Excavator,Mining,Rain,Sat,1,0
2025-07-19,S002,Bulldozer,Mining,Rain,Sat,1,2
2025-07-19,S002,Crane,Mining,Rain,Sat,1,1
2025-07-19,S002,Grader,Mining,Rain,Sat,1,0
2025-07-19,S002,Loader,Mining,Rain,Sat,1,1
2025-07-19,S002,Compactor,Mining,Rain,Sat,1,0
2025-07-19,S003,Excavator,Building,Cloudy,Sat,1,1
2025-07-19,S003,Bulldozer,Building,Cloudy,Sat,1,1
2025-07-19,S003,Crane,Building,Cloudy,Sat,1,2
2025-07-19,S003,Grader,Building,Cloudy,Sat,1,0
2025-07-19,S003,Loader,Building,Cloudy,Sat,1,1
2025-07-19,S003,Compactor,Building,Cloudy,Sat,1,1
2025-07-19,S004,Excavator,Highway,Sunny,Sat,1,2
2025-07-19,S004,Bulldozer,Highway,Sunny,Sat,1,1
2025-07-19,S004,Crane,Highway,Sunny,Sat,1,1
2025-07-19,S004,Grader,Highway,Sunny,Sat,1,2
2025-07-19,S004,Loader,Highway,Sunny,Sat,1,1
2025-07-19,S004,Compactor,Highway,Sunny,Sat,1,2
2025-07-19,S005,Excavator,Mining,Sunny,Sat,1,0
2025-07-19,S005,Bulldozer,Mining,Sunny,Sat,1,2
2025-07-19,S005,Crane,Mining,Sunny,Sat,1,2
2025-07-19,S005,Grader,Mining,Sunny,Sat,1,1
2025-07-19,S005,Loader,Mining,Sunny,Sat,1,1
2025-07-19,S005,Compactor,Mining,Sunny,Sat,1,0
2025-07-19,S006,Excavator,Road,Sunny,Sat,1,2
2025-07-19,S006,Bulldozer,Road,Sunny,Sat,1,1
2025-07-19,S006,Crane,Road,Sunny,Sat,1,0
2025-07-19,S006,Grader,Road,Sunny,Sat,1,2
2025-07-19,S006,Loader,Road,Sunny,Sat,1,2
2025-07-19,S006,Compactor,Road,Sunny,Sat,1,2
2025-07-20,S001,Excavator,Road,Cloudy,Sun,1,2
2025-07-20,S001,Bulldozer,Road,Cloudy,Sun,1,0
2025-07-20,S001,Crane,Road,Cloudy,Sun,1,0
2025-07-20,S001,Grader,Road,Cloudy,Sun,1,1
2025-07-20,S001,Loader,Road,Cloudy,Sun,1,1
2025-07-20,S001,Compactor,Road,Cloudy,Sun,1,1
2025-07-20,S002,Excavator,Mining,Sunny,Sun,1,2
2025-07-20,S002,Bulldozer,Mining,Sunny,Sun,1,3
2025-07-20,S002,Crane,Mining,Sunny,Sun,1,1
2025-07-20,S002,Grader,Mining,Sunny,Sun,1,1
2025-07-20,S002,Loader,Mining,Sunny,Sun,1,3
2025-07-20,S002,Compactor,Mining,Sunny,Sun,1,0
2025-07-20,S003,Excavator,Building,Rain,Sun,1,1
2025-07-20,S003,Bulldozer,Building,Rain,Sun,1,0
2025-07-20,S003,Crane,Building,Rain,Sun,1,2
2025-07-20,S003,Grader,Building,Rain,Sun,1,1
2025-07-20,S003,Loader,Building,Rain,Sun,1,0
2025-07-20,S003,Compactor,Building,Rain,Sun,1,0
2025-07-20,S004,Excavator,Highway,Cloudy,Sun,1,2
2025-07-20,S004,Bulldozer,Highway,Cloudy,Sun,1,1
2025-07-20,S004,Crane,Highway,Cloudy,Sun,1,0
2025-07-20,S004,Grader,Highway,Cloudy,Sun,1,2
2025-07-20,S004,Loader,Highway,Cloudy,Sun,1,2
2025-07-20,S004,Compactor,Highway,Cloudy,Sun,1,3
2025-07-20,S005,Excavator,Mining,Cloudy,Sun,1,0
2025-07-20,S005,Bulldozer,Mining,Cloudy,Sun,1,2
2025-07-20,S005,Crane,Mining,Cloudy,Sun,1,0
2025-07-20,S005,Grader,Mining,Cloudy,Sun,1,0
2025-07-20,S005,Loader,Mining,Cloudy,Sun,1,1
2025-07-20,S005,Compactor,Mining,Cloudy,Sun,1,0
2025-07-20,S006,Excavator,Road,Sunny,Sun,1,1
2025-07-20,S006,Bulldozer,Road,Sunny,Sun,1,1
2025-07-20,S006,Crane,Road,Sunny,Sun,1,0
2025-07-20,S006,Grader,Road,Sunny,Sun,1,1
2025-07-20,S006,Loader,Road,Sunny,Sun,1,2
2025-07-20,S006,Compactor,Road,Sunny,Sun,1,1
2025-07-21,S001,Excavator,Road,Sunny,Mon,0,6
2025-07-21,S001,Bulldozer,Road,Sunny,Mon,0,3
2025-07-21,S001,Crane,Road,Sunny,Mon,0,2
2025-07-21,S001,Grader,Road,Sunny,Mon,0,4
2025-07-21,S001,Loader,Road,Sunny,Mon,0,3
2025-07-21,S001,Compactor,Road,Sunny,Mon,0,4
2025-07-21,S002,Excavator,Mining,Sunny,Mon,0,4
2025-07-21,S002,Bulldozer,Mining,Sunny,Mon,0,6
2025-07-21,S002,Crane,Mining,Sunny,Mon,0,2
2025-07-21,S002,Grader,Mining,Sunny,Mon,0,0
2025-07-21,S002,Loader,Mining,Sunny,Mon,0,5
2025-07-21,S002,Compactor,Mining,Sunny,Mon,0,1
2025-07-21,S003,Excavator,Building,Cloudy,Mon,0,1
2025-07-21,S003,Bulldozer,Building,Cloudy,Mon,0,1
2025-07-21,S003,Crane,Building,Cloudy,Mon,0,3
2025-07-21,S003,Grader,Building,Cloudy,Mon,0,2
2025-07-21,S003,Loader,Building,Cloudy,Mon,0,2
2025-07-21,S003,Compactor,Building,Cloudy,Mon,0,2
2025-07-21,S004,Excavator,Highway,Rain,Mon,0,2
2025-07-21,S004,Bulldozer,Highway,Rain,Mon,0,1
2025-07-21,S004,Crane,Highway,Rain,Mon,0,0
2025-07-21,S004,Grader,Highway,Rain,Mon,0,3
2025-07-21,S004,Loader,Highway,Rain,Mon,0,1
2025-07-21,S004,Compactor,Highway,Rain,Mon,0,2
2025-07-21,S005,Excavator,Mining,Sunny,Mon,0,4
2025-07-21,S005,Bulldozer,Mining,Sunny,Mon,0,7
2025-07-21,S005,Crane,Mining,Sunny,Mon,0,2
2025-07-21,S005,Grader,Mining,Sunny,Mon,0,2
2025-07-21,S005,Loader,Mining,Sunny,Mon,0,4
2025-07-21,S005,Compactor,Mining,Sunny,Mon,0,0
2025-07-21,S006,Excavator,Road,Sunny,Mon,0,6
2025-07-21,S006,Bulldozer,Road,Sunny,Mon,0,1
2025-07-21,S006,Crane,Road,Sunny,Mon,0,2
2025-07-21,S006,Grader,Road,Sunny,Mon,0,4
2025-07-21,S006,Loader,Road,Sunny,Mon,0,4
2025-07-21,S006,Compactor,Road,Sunny,Mon,0,4
2025-07-22,S001,Excavator,Road,Sunny,Tue,0,4
2025-07-22,S001,Bulldozer,Road,Sunny,Tue,0,2
2025-07-22,S001,Crane,Road,Sunny,Tue,0,1
2025-07-22,S001,Grader,Road,Sunny,Tue,0,5
2025-07-22,S001,Loader,Road,Sunny,Tue,0,2
2025-07-22,S001,Compactor,Road,Sunny,Tue,0,4
2025-07-22,S002,Excavator,Mining,Sunny,Tue,0,4
2025-07-22,S002,Bulldozer,Mining,Sunny,Tue,0,6
2025-07-22,S002,Crane,Mining,Sunny,Tue,0,1
2025-07-22,S002,Grader,Mining,Sunny,Tue,0,1
2025-07-22,S002,Loader,Mining,Sunny,Tue,0,4
2025-07-22,S002,Compactor,Mining,Sunny,Tue,0,1
2025-07-22,S003,Excavator,Building,Sunny,Tue,0,3
2025-07-22,S003,Bulldozer,Building,Sunny,Tue,0,1
2025-07-22,S003,Crane,Building,Sunny,Tue,0,5
2025-07-22,S003,Grader,Building,Sunny,Tue,0,0
2025-07-22,S003,Loader,Building,Sunny,Tue,0,1
2025-07-22,S003,Compactor,Building,Sunny,Tue,0,2
2025-07-22,S004,Excavator,Highway,Rain,Tue,0,2
2025-07-22,S004,Bulldozer,Highway,Rain,Tue,0,2
2025-07-22,S004,Crane,Highway,Rain,Tue,0,1
2025-07-22,S004,Grader,Highway,Rain,Tue,0,2
2025-07-22,S004,Loader,Highway,Rain,Tue,0,2
2025-07-22,S004,Compactor,Highway,Rain,Tue,0,3
2025-07-22,S005,Excavator,Mining,Cloudy,Tue,0,3
2025-07-22,S005,Bulldozer,Mining,Cloudy,Tue,0,5
2025-07-22,S005,Crane,Mining,Cloudy,Tue,0,2
2025-07-22,S005,Grader,Mining,Cloudy,Tue,0,1
2025-07-22,S005,Loader,Mining,Cloudy,Tue,0,3
2025-07-22,S005,Compactor,Mining,Cloudy,Tue,0,1
2025-07-22,S006,Excavator,Road,Sunny,Tue,0,5
2025-07-22,S006,Bulldozer,Road,Sunny,Tue,0,2
2025-07-22,S006,Crane,Road,Sunny,Tue,0,0
2025-07-22,S006,Grader,Road,Sunny,Tue,0,4
2025-07-22,S006,Loader,Road,Sunny,Tue,0,3
2025-07-22,S006,Compactor,Road,Sunny,Tue,0,5
2025-07-23,S001,Excavator,Road,Sunny,Wed,0,6
2025-07-23,S001,Bulldozer,Road,Sunny,Wed,0,1
2025-07-23,S001,Crane,Road,Sunny,Wed,0,1
2025-07-23,S001,Grader,Road,Sunny,Wed,0,4
2025-07-23,S001,Loader,Road,Sunny,Wed,0,4
2025-07-23,S001,Compactor,Road,Sunny,Wed,0,4
2025-07-23,S002,Excavator,Mining,Sunny,Wed,0,4
2025-07-23,S002,Bulldozer,Mining,Sunny,Wed,0,6
2025-07-23,S002,Crane,Mining,Sunny,Wed,0,2
2025-07-23,S002,Grader,Mining,Sunny,Wed,0,1
2025-07-23,S002,Loader,Mining,Sunny,Wed,0,4
2025-07-23,S002,Compactor,Mining,Sunny,Wed,0,1
2025-07-23,S003,Excavator,Building,Sunny,Wed,0,3
2025-07-23,S003,Bulldozer,Building,Sunny,Wed,0,1
2025-07-23,S003,Crane,Building,Sunny,Wed,0,6
2025-07-23,S003,Grader,Building,Sunny,Wed,0,1
2025-07-23,S003,Loader,Building,Sunny,Wed,0,3
2025-07-23,S003,Compactor,Building,Sunny,Wed,0,1
2025-07-23,S004,Excavator,Highway,Cloudy,Wed,0,4
2025-07-23,S004,Bulldozer,Highway,Cloudy,Wed,0,3
2025-07-23,S004,Crane,Highway,Cloudy,Wed,0,0
2025-07-23,S004,Grader,Highway,Cloudy,Wed,0,3
2025-07-23,S004,Loader,Highway,Cloudy,Wed,0,3
2025-07-23,S004,Compactor,Highway,Cloudy,Wed,0,5
2025-07-23,S005,Excavator,Mining,Rain,Wed,0,1
2025-07-23,S005,Bulldozer,Mining,Rain,Wed,0,3
2025-07-23,S005,Crane,Mining,Rain,Wed,0,2
2025-07-23,S005,Grader,Mining,Rain,Wed,0,1
2025-07-23,S005,Loader,Mining,Rain,Wed,0,3
2025-07-23,S005,Compactor,Mining,Rain,Wed,0,0
2025-07-23,S006,Excavator,Road,Cloudy,Wed,0,3
2025-07-23,S006,Bulldozer,Road,Cloudy,Wed,0,2
2025-07-23,S006,Crane,Road,Cloudy,Wed,0,1
2025-07-23,S006,Grader,Road,Cloudy,Wed,0,3
2025-07-23,S006,Loader,Road,Cloudy,Wed,0,2
2025-07-23,S006,Compactor,Road,Cloudy,Wed,0,4
2025-07-24,S001,Excavator,Road,Cloudy,Thu,0,3
2025-07-24,S001,Bulldozer,Road,Cloudy,Thu,0,2
2025-07-24,S001,Crane,Road,Cloudy,Thu,0,1
2025-07-24,S001,Grader,Road,Cloudy,Thu,0,3
2025-07-24,S001,Loader,Road,Cloudy,Thu,0,3
2025-07-24,S001,Compactor,Road,Cloudy,Thu,0,4
2025-07-24,S002,Excavator,Mining,Sunny,Thu,0,2
2025-07-24,S002,Bulldozer,Mining,Sunny,Thu,0,5
2025-07-24,S002,Crane,Mining,Sunny,Thu,0,1
2025-07-24,S002,Grader,Mining,Sunny,Thu,0,1
2025-07-24,S002,Loader,Mining,Sunny,Thu,0,5
2025-07-24,S002,Compactor,Mining,Sunny,Thu,0,2
2025-07-24,S003,Excavator,Building,Sunny,Thu,0,3
2025-07-24,S003,Bulldozer,Building,Sunny,Thu,0,1
2025-07-24,S003,Crane,Building,Sunny,Thu,0,5
2025-07-24,S003,Grader,Building,Sunny,Thu,0,0
2025-07-24,S003,Loader,Building,Sunny,Thu,0,2
2025-07-24,S003,Compactor,Building,Sunny,Thu,0,1
2025-07-24,S004,Excavator,Highway,Sunny,Thu,0,6
2025-07-24,S004,Bulldozer,Highway,Sunny,Thu,0,2
2025-07-24,S004,Crane,Highway,Sunny,Thu,0,1
2025-07-24,S004,Grader,Highway,Sunny,Thu,0,5
2025-07-24,S004,Loader,Highway,Sunny,Thu,0,3
2025-07-24,S004,Compactor,Highway,Sunny,Thu,0,4
2025-07-24,S005,Excavator,Mining,Sunny,Thu,0,3
2025-07-24,S005,Bulldozer,Mining,Sunny,Thu,0,6
2025-07-24,S005,Crane,Mining,Sunny,Thu,0,1
2025-07-24,S005,Grader,Mining,Sunny,Thu,0,1
2025-07-24,S005,Loader,Mining,Sunny,Thu,0,5
2025-07-24,S005,Compactor,Mining,Sunny,Thu,0,2
2025-07-24,S006,Excavator,Road,Sunny,Thu,0,4
2025-07-24,S006,Bulldozer,Road,Sunny,Thu,0,1
2025-07-24,S006,Crane,Road,Sunny,Thu,0,1
2025-07-24,S006,Grader,Road,Sunny,Thu,0,5
2025-07-24,S006,Loader,Road,Sunny,Thu,0,4
2025-07-24,S006,Compactor,Road,Sunny,Thu,0,3
2025-07-25,S001,Excavator,Road,Sunny,Fri,0,5
2025-07-25,S001,Bulldozer,Road,Sunny,Fri,0,3
2025-07-25,S001,Crane,Road,Sunny,Fri,0,1
2025-07-25,S001,Grader,Road,Sunny,Fri,0,4
2025-07-25,S001,Loader,Road,Sunny,Fri,0,3
2025-07-25,S001,Compactor,Road,Sunny,Fri,0,4
2025-07-25,S002,Excavator,Mining,Sunny,Fri,0,3
2025-07-25,S002,Bulldozer,Mining,Sunny,Fri,0,6
2025-07-25,S002,Crane,Mining,Sunny,Fri,0,1
2025-07-25,S002,Grader,Mining,Sunny,Fri,0,1
2025-07-25,S002,Loader,Mining,Sunny,Fri,0,6
2025-07-25,S002,Compactor,Mining,Sunny,Fri,0,1
2025-07-25,S003,Excavator,Building,Sunny,Fri,0,3
2025-07-25,S003,Bulldozer,Building,Sunny,Fri,0,2
2025-07-25,S003,Crane,Building,Sunny,Fri,0,5
2025-07-25,S003,Grader,Building,Sunny,Fri,0,1
2025-07-25,S003,Loader,Building,Sunny,Fri,0,2
2025-07-25,S003,Compactor,Building,Sunny,Fri,0,1
2025-07-25,S004,Excavator,Highway,Rain,Fri,0,2
2025-07-25,S004,Bulldozer,Highway,Rain,Fri,0,1
2025-07-25,S004,Crane,Highway,Rain,Fri,0,0
2025-07-25,S004,Grader,Highway,Rain,Fri,0,2
2025-07-25,S004,Loader,Highway,Rain,Fri,0,2
2025-07-25,S004,Compactor,Highway,Rain,Fri,0,2
2025-07-25,S005,Excavator,Mining,Cloudy,Fri,0,2
2025-07-25,S005,Bulldozer,Mining,Cloudy,Fri,0,6
2025-07-25,S005,Crane,Mining,Cloudy,Fri,0,3
2025-07-25,S005,Grader,Mining,Cloudy,Fri,0,1
2025-07-25,S005,Loader,Mining,Cloudy,Fri,0,5
2025-07-25,S005,Compactor,Mining,Cloudy,Fri,0,2
2025-07-25,S006,Excavator,Road,Sunny,Fri,0,6
2025-07-25,S006,Bulldozer,Road,Sunny,Fri,0,1
2025-07-25,S006,Crane,Road,Sunny,Fri,0,2
2025-07-25,S006,Grader,Road,Sunny,Fri,0,4
2025-07-25,S006,Loader,Road,Sunny,Fri,0,4
2025-07-25,S006,Compactor,Road,Sunny,Fri,0,3
2025-07-26,S001,Excavator,Road,Sunny,Sat,1,2
2025-07-26,S001,Bulldozer,Road,Sunny,Sat,1,1
2025-07-26,S001,Crane,Road,Sunny,Sat,1,1
2025-07-26,S001,Grader,Road,Sunny,Sat,1,1
2025-07-26,S001,Loader,Road,Sunny,Sat,1,1
2025-07-26,S001,Compactor,Road,Sunny,Sat,1,3
2025-07-26,S002,Excavator,Mining,Sunny,Sat,1,2
2025-07-26,S002,Bulldozer,Mining,Sunny,Sat,1,3
2025-07-26,S002,Crane,Mining,Sunny,Sat,1,1
2025-07-26,S002,Grader,Mining,Sunny,Sat,1,0
2025-07-26,S002,Loader,Mining,Sunny,Sat,1,2
2025-07-26,S002,Compactor,Mining,Sunny,Sat,1,0
2025-07-26,S003,Excavator,Building,Sunny,Sat,1,0
2025-07-26,S003,Bulldozer,Building,Sunny,Sat,1,0
2025-07-26,S003,Crane,Building,Sunny,Sat,1,1
2025-07-26,S003,Grader,Building,Sunny,Sat,1,1
2025-07-26,S003,Loader,Building,Sunny,Sat,1,1
2025-07-26,S003,Compactor,Building,Sunny,Sat,1,2
2025-07-26,S004,Excavator,Highway,Sunny,Sat,1,3
2025-07-26,S004,Bulldozer,Highway,Sunny,Sat,1,2
2025-07-26,S004,Crane,Highway,Sunny,Sat,1,1
2025-07-26,S004,Grader,Highway,Sunny,Sat,1,2
2025-07-26,S004,Loader,Highway,Sunny,Sat,1,1
2025-07-26,S004,Compactor,Highway,Sunny,Sat,1,2
2025-07-26,S005,Excavator,Mining,Sunny,Sat,1,2
2025-07-26,S005,Bulldozer,Mining,Sunny,Sat,1,1
2025-07-26,S005,Crane,Mining,Sunny,Sat,1,1
2025-07-26,S005,Grader,Mining,Sunny,Sat,1,0
2025-07-26,S005,Loader,Mining,Sunny,Sat,1,2
2025-07-26,S005,Compactor,Mining,Sunny,Sat,1,0
2025-07-26,S006,Excavator,Road,Cloudy,Sat,1,3
2025-07-26,S006,Bulldozer,Road,Cloudy,Sat,1,0
2025-07-26,S006,Crane,Road,Cloudy,Sat,1,1
2025-07-26,S006,Grader,Road,Cloudy,Sat,1,2
2025-07-26,S006,Loader,Road,Cloudy,Sat,1,1
2025-07-26,S006,Compactor,Road,Cloudy,Sat,1,1
2025-07-27,S001,Excavator,Road,Sunny,Sun,1,3
2025-07-27,S001,Bulldozer,Road,Sunny,Sun,1,1
2025-07-27,S001,Crane,Road,Sunny,Sun,1,1
2025-07-27,S001,Grader,Road,Sunny,Sun,1,2
2025-07-27,S001,Loader,Road,Sunny,Sun,1,1
2025-07-27,S001,Compactor,Road,Sunny,Sun,1,2
2025-07-27,S002,Excavator,Mining,Sunny,Sun,1,0
2025-07-27,S002,Bulldozer,Mining,Sunny,Sun,1,2
2025-07-27,S002,Crane,Mining,Sunny,Sun,1,0
2025-07-27,S002,Grader,Mining,Sunny,Sun,1,0
2025-07-27,S002,Loader,Mining,Sunny,Sun,1,3
2025-07-27,S002,Compactor,Mining,Sunny,Sun,1,0
2025-07-27,S003,Excavator,Building,Sunny,Sun,1,1
2025-07-27,S003,Bulldozer,Building,Sunny,Sun,1,0
2025-07-27,S003,Crane,Building,Sunny,Sun,1,2
2025-07-27,S003,Grader,Building,Sunny,Sun,1,0
2025-07-27,S003,Loader,Building,Sunny,Sun,1,0
2025-07-27,S003,Compactor,Building,Sunny,Sun,1,1
2025-07-27,S004,Excavator,Highway,Cloudy,Sun,1,1
2025-07-27,S004,Bulldozer,Highway,Cloudy,Sun,1,1
2025-07-27,S004,Crane,Highway,Cloudy,Sun,1,1
2025-07-27,S004,Grader,Highway,Cloudy,Sun,1,2
2025-07-27,S004,Loader,Highway,Cloudy,Sun,1,1
2025-07-27,S004,Compactor,Highway,Cloudy,Sun,1,1
2025-07-27,S005,Excavator,Mining,Sunny,Sun,1,1
2025-07-27,S005,Bulldozer,Mining,Sunny,Sun,1,2
2025-07-27,S005,Crane,Mining,Sunny,Sun,1,2
2025-07-27,S005,Grader,Mining,Sunny,Sun,1,0
2025-07-27,S005,Loader,Mining,Sunny,Sun,1,3
2025-07-27,S005,Compactor,Mining,Sunny,Sun,1,1
2025-07-27,S006,Excavator,Road,Cloudy,Sun,1,2
2025-07-27,S006,Bulldozer,Road,Cloudy,Sun,1,1
2025-07-27,S006,Crane,Road,Cloudy,Sun,1,1
2025-07-27,S006,Grader,Road,Cloudy,Sun,1,1
2025-07-27,S006,Loader,Road,Cloudy,Sun,1,0
2025-07-27,S006,Compactor,Road,Cloudy,Sun,1,0
2025-07-28,S001,Excavator,Road,Sunny,Mon,0,5
2025-07-28,S001,Bulldozer,Road,Sunny,Mon,0,3
2025-07-28,S001,Crane,Road,Sunny,Mon,0,2
2025-07-28,S001,Grader,Road,Sunny,Mon,0,4
2025-07-28,S001,Loader,Road,Sunny,Mon,0,3
2025-07-28,S001,Compactor,Road,Sunny,Mon,0,3
2025-07-28,S002,Excavator,Mining,Cloudy,Mon,0,3
2025-07-28,S002,Bulldozer,Mining,Cloudy,Mon,0,4
2025-07-28,S002,Crane,Mining,Cloudy,Mon,0,2
2025-07-28,S002,Grader,Mining,Cloudy,Mon,0,0
2025-07-28,S002,Loader,Mining,Cloudy,Mon,0,4
2025-07-28,S002,Compactor,Mining,Cloudy,Mon,0,1
2025-07-28,S003,Excavator,Building,Cloudy,Mon,0,1
2025-07-28,S003,Bulldozer,Building,Cloudy,Mon,0,0
2025-07-28,S003,Crane,Building,Cloudy,Mon,0,5
2025-07-28,S003,Grader,Building,Cloudy,Mon,0,1
2025-07-28,S003,Loader,Building,Cloudy,Mon,0,3
2025-07-28,S003,Compactor,Building,Cloudy,Mon,0,1
2025-07-28,S004,Excavator,Highway,Sunny,Mon,0,5
2025-07-28,S004,Bulldozer,Highway,Sunny,Mon,0,4
2025-07-28,S004,Crane,Highway,Sunny,Mon,0,0
2025-07-28,S004,Grader,Highway,Sunny,Mon,0,5
2025-07-28,S004,Loader,Highway,Sunny,Mon,0,4
2025-07-28,S004,Compactor,Highway,Sunny,Mon,0,6
2025-07-28,S005,Excavator,Mining,Cloudy,Mon,0,2
2025-07-28,S005,Bulldozer,Mining,Cloudy,Mon,0,5
2025-07-28,S005,Crane,Mining,Cloudy,Mon,0,1
2025-07-28,S005,Grader,Mining,Cloudy,Mon,0,0
2025-07-28,S005,Loader,Mining,Cloudy,Mon,0,4
2025-07-28,S005,Compactor,Mining,Cloudy,Mon,0,1
2025-07-28,S006,Excavator,Road,Sunny,Mon,0,4
2025-07-28,S006,Bulldozer,Road,Sunny,Mon,0,2
2025-07-28,S006,Crane,Road,Sunny,Mon,0,0
2025-07-28,S006,Grader,Road,Sunny,Mon,0,5
2025-07-28,S006,Loader,Road,Sunny,Mon,0,4
2025-07-28,S006,Compactor,Road,Sunny,Mon,0,4
2025-07-29,S001,Excavator,Road,Cloudy,Tue,0,5
2025-07-29,S001,Bulldozer,Road,Cloudy,Tue,0,1
2025-07-29,S001,Crane,Road,Cloudy,Tue,0,0
2025-07-29,S001,Grader,Road,Cloudy,Tue,0,3
2025-07-29,S001,Loader,Road,Cloudy,Tue,0,3
2025-07-29,S001,Compactor,Road,Cloudy,Tue,0,4
2025-07-29,S002,Excavator,Mining,Sunny,Tue,0,4
2025-07-29,S002,Bulldozer,Mining,Sunny,Tue,0,6
2025-07-29,S002,Crane,Mining,Sunny,Tue,0,2
2025-07-29,S002,Grader,Mining,Sunny,Tue,0,1
2025-07-29,S002,Loader,Mining,Sunny,Tue,0,6
2025-07-29,S002,Compactor,Mining,Sunny,Tue,0,0
2025-07-29,S003,Excavator,Building,Sunny,Tue,0,1
2025-07-29,S003,Bulldozer,Building,Sunny,Tue,0,1
2025-07-29,S003,Crane,Building,Sunny,Tue,0,5
2025-07-29,S003,Grader,Building,Sunny,Tue,0,2
2025-07-29,S003,Loader,Building,Sunny,Tue,0,2
2025-07-29,S003,Compactor,Building,Sunny,Tue,0,3
2025-07-29,S004,Excavator,Highway,Sunny,Tue,0,5
2025-07-29,S004,Bulldozer,Highway,Sunny,Tue,0,4
2025-07-29,S004,Crane,Highway,Sunny,Tue,0,2
2025-07-29,S004,Grader,Highway,Sunny,Tue,0,5
2025-07-29,S004,Loader,Highway,Sunny,Tue,0,2
2025-07-29,S004,Compactor,Highway,Sunny,Tue,0,6
2025-07-29,S005,Excavator,Mining,Sunny,Tue,0,4
2025-07-29,S005,Bulldozer,Mining,Sunny,Tue,0,7
2025-07-29,S005,Crane,Mining,Sunny,Tue,0,2
2025-07-29,S005,Grader,Mining,Sunny,Tue,0,2
2025-07-29,S005,Loader,Mining,Sunny,Tue,0,5
2025-07-29,S005,Compactor,Mining,Sunny,Tue,0,1
2025-07-29,S006,Excavator,Road,Sunny,Tue,0,4
2025-07-29,S006,Bulldozer,Road,Sunny,Tue,0,1
2025-07-29,S006,Crane,Road,Sunny,Tue,0,1
2025-07-29,S006,Grader,Road,Sunny,Tue,0,4
2025-07-29,S006,Loader,Road,Sunny,Tue,0,2
2025-07-29,S006,Compactor,Road,Sunny,Tue,0,4
2025-07-30,S001,Excavator,Road,Sunny,Wed,0,5
2025-07-30,S001,Bulldozer,Road,Sunny,Wed,0,3
2025-07-30,S001,Crane,Road,Sunny,Wed,0,1
2025-07-30,S001,Grader,Road,Sunny,Wed,0,4
2025-07-30,S001,Loader,Road,Sunny,Wed,0,4
2025-07-30,S001,Compactor,Road,Sunny,Wed,0,4
2025-07-30,S002,Excavator,Mining,Sunny,Wed,0,3
2025-07-30,S002,Bulldozer,Mining,Sunny,Wed,0,6
2025-07-30,S002,Crane,Mining,Sunny,Wed,0,3
2025-07-30,S002,Grader,Mining,Sunny,Wed,0,2
2025-07-30,S002,Loader,Mining,Sunny,Wed,0,5
2025-07-30,S002,Compactor,Mining,Sunny,Wed,0,1
2025-07-30,S003,Excavator,Building,Sunny,Wed,0,1
2025-07-30,S003,Bulldozer,Building,Sunny,Wed,0,1
2025-07-30,S003,Crane,Building,Sunny,Wed,0,6
2025-07-30,S003,Grader,Building,Sunny,Wed,0,1
2025-07-30,S003,Loader,Building,Sunny,Wed,0,3
2025-07-30,S003,Compactor,Building,Sunny,Wed,0,2
2025-07-30,S004,Excavator,Highway,Sunny,Wed,0,6
2025-07-30,S004,Bulldozer,Highway,Sunny,Wed,0,4
2025-07-30,S004,Crane,Highway,Sunny,Wed,0,0
2025-07-30,S004,Grader,Highway,Sunny,Wed,0,6
2025-07-30,S004,Loader,Highway,Sunny,Wed,0,3
2025-07-30,S004,Compactor,Highway,Sunny,Wed,0,5
2025-07-30,S005,Excavator,Mining,Sunny,Wed,0,3
2025-07-30,S005,Bulldozer,Mining,Sunny,Wed,0,6
2025-07-30,S005,Crane,Mining,Sunny,Wed,0,2
2025-07-30,S005,Grader,Mining,Sunny,Wed,0,0
2025-07-30,S005,Loader,Mining,Sunny,Wed,0,5
2025-07-30,S005,Compactor,Mining,Sunny,Wed,0,1
2025-07-30,S006,Excavator,Road,Rain,Wed,0,2
2025-07-30,S006,Bulldozer,Road,Rain,Wed,0,2
2025-07-30,S006,Crane,Road,Rain,Wed,0,0
2025-07-30,S006,Grader,Road,Rain,Wed,0,1
2025-07-30,S006,Loader,Road,Rain,Wed,0,1
2025-07-30,S006,Compactor,Road,Rain,Wed,0,2
2025-07-31,S001,Excavator,Road,Sunny,Thu,0,4
2025-07-31,S001,Bulldozer,Road,Sunny,Thu,0,2
2025-07-31,S001,Crane,Road,Sunny,Thu,0,0
2025-07-31,S001,Grader,Road,Sunny,Thu,0,3
2025-07-31,S001,Loader,Road,Sunny,Thu,0,4
2025-07-31,S001,Compactor,Road,Sunny,Thu,0,5
2025-07-31,S002,Excavator,Mining,Sunny,Thu,0,3
2025-07-31,S002,Bulldozer,Mining,Sunny,Thu,0,6
2025-07-31,S002,Crane,Mining,Sunny,Thu,0,2
2025-07-31,S002,Grader,Mining,Sunny,Thu,0,2
2025-07-31,S002,Loader,Mining,Sunny,Thu,0,5
2025-07-31,S002,Compactor,Mining,Sunny,Thu,0,2
2025-07-31,S003,Excavator,Building,Rain,Thu,0,2
2025-07-31,S003,Bulldozer,Building,Rain,Thu,0,0
2025-07-31,S003,Crane,Building,Rain,Thu,0,3
2025-07-31,S003,Grader,Building,Rain,Thu,0,0
2025-07-31,S003,Loader,Building,Rain,Thu,0,2
2025-07-31,S003,Compactor,Building,Rain,Thu,0,2
2025-07-31,S004,Excavator,Highway,Cloudy,Thu,0,5
2025-07-31,S004,Bulldozer,Highway,Cloudy,Thu,0,2
2025-07-31,S004,Crane,Highway,Cloudy,Thu,0,1
2025-07-31,S004,Grader,Highway,Cloudy,Thu,0,5
2025-07-31,S004,Loader,Highway,Cloudy,Thu,0,2
2025-07-31,S004,Compactor,Highway,Cloudy,Thu,0,4
2025-07-31,S005,Excavator,Mining,Sunny,Thu,0,3
2025-07-31,S005,Bulldozer,Mining,Sunny,Thu,0,6
2025-07-31,S005,Crane,Mining,Sunny,Thu,0,2
2025-07-31,S005,Grader,Mining,Sunny,Thu,0,1
2025-07-31,S005,Loader,Mining,Sunny,Thu,0,5
2025-07-31,S005,Compactor,Mining,Sunny,Thu,0,1
2025-07-31,S006,Excavator,Road,Cloudy,Thu,0,4
2025-07-31,S006,Bulldozer,Road,Cloudy,Thu,0,2
2025-07-31,S006,Crane,Road,Cloudy,Thu,0,1
2025-07-31,S006,Grader,Road,Cloudy,Thu,0,4
2025-07-31,S006,Loader,Road,Cloudy,Thu,0,2
2025-07-31,S006,Compactor,Road,Cloudy,Thu,0,3
2025-08-01,S001,Excavator,Road,Sunny,Fri,0,5
2025-08-01,S001,Bulldozer,Road,Sunny,Fri,0,1
2025-08-01,S001,Crane,Road,Sunny,Fri,0,2
2025-08-01,S001,Grader,Road,Sunny,Fri,0,4
2025-08-01,S001,Loader,Road,Sunny,Fri,0,3
2025-08-01,S001,Compactor,Road,Sunny,Fri,0,4
2025-08-01,S002,Excavator,Mining,Sunny,Fri,0,3
2025-08-01,S002,Bulldozer,Mining,Sunny,Fri,0,6
2025-08-01,S002,Crane,Mining,Sunny,Fri,0,1
2025-08-01,S002,Grader,Mining,Sunny,Fri,0,2
2025-08-01,S002,Loader,Mining,Sunny,Fri,0,5
2025-08-01,S002,Compactor,Mining,Sunny,Fri,0,1
2025-08-01,S003,Excavator,Building,Sunny,Fri,0,1
2025-08-01,S003,Bulldozer,Building,Sunny,Fri,0,1
2025-08-01,S003,Crane,Building,Sunny,Fri,0,5
2025-08-01,S003,Grader,Building,Sunny,Fri,0,0
2025-08-01,S003,Loader,Building,Sunny,Fri,0,2
2025-08-01,S003,Compactor,Building,Sunny,Fri,0,2
2025-08-01,S004,Excavator,Highway,Sunny,Fri,0,5
2025-08-01,S004,Bulldozer,Highway,Sunny,Fri,0,3
2025-08-01,S004,Crane,Highway,Sunny,Fri,0,2
2025-08-01,S004,Grader,Highway,Sunny,Fri,0,5
2025-08-01,S004,Loader,Highway,Sunny,Fri,0,2
2025-08-01,S004,Compactor,Highway,Sunny,Fri,0,5
2025-08-01,S005,Excavator,Mining,Sunny,Fri,0,4
2025-08-01,S005,Bulldozer,Mining,Sunny,Fri,0,7
2025-08-01,S005,Crane,Mining,Sunny,Fri,0,2
2025-08-01,S005,Grader,Mining,Sunny,Fri,0,2
2025-08-01,S005,Loader,Mining,Sunny,Fri,0,4
2025-08-01,S005,Compactor,Mining,Sunny,Fri,0,1
2025-08-01,S006,Excavator,Road,Sunny,Fri,0,6
2025-08-01,S006,Bulldozer,Road,Sunny,Fri,0,2
2025-08-01,S006,Crane,Road,Sunny,Fri,0,1
2025-08-01,S006,Grader,Road,Sunny,Fri,0,4
2025-08-01,S006,Loader,Road,Sunny,Fri,0,3
2025-08-01,S006,Compactor,Road,Sunny,Fri,0,3
2025-08-02,S001,Excavator,Road,Rain,Sat,1,1
2025-08-02,S001,Bulldozer,Road,Rain,Sat,1,0
2025-08-02,S001,Crane,Road,Rain,Sat,1,0
2025-08-02,S001,Grader,Road,Rain,Sat,1,2
2025-08-02,S001,Loader,Road,Rain,Sat,1,0
2025-08-02,S001,Compactor,Road,Rain,Sat,1,0
2025-08-02,S002,Excavator,Mining,Sunny,Sat,1,1
2025-08-02,S002,Bulldozer,Mining,Sunny,Sat,1,3
2025-08-02,S002,Crane,Mining,Sunny,Sat,1,2
2025-08-02,S002,Grader,Mining,Sunny,Sat,1,0
2025-08-02,S002,Loader,Mining,Sunny,Sat,1,1
2025-08-02,S002,Compactor,Mining,Sunny,Sat,1,0
2025-08-02,S003,Excavator,Building,Sunny,Sat,1,0
2025-08-02,S003,Bulldozer,Building,Sunny,Sat,1,1
2025-08-02,S003,Crane,Building,Sunny,Sat,1,3
2025-08-02,S003,Grader,Building,Sunny,Sat,1,0
2025-08-02,S003,Loader,Building,Sunny,Sat,1,0
2025-08-02,S003,Compactor,Building,Sunny,Sat,1,0
2025-08-02,S004,Excavator,Highway,Sunny,Sat,1,1
2025-08-02,S004,Bulldozer,Highway,Sunny,Sat,1,1
2025-08-02,S004,Crane,Highway,Sunny,Sat,1,0
2025-08-02,S004,Grader,Highway,Sunny,Sat,1,2
2025-08-02,S004,Loader,Highway,Sunny,Sat,1,2
2025-08-02,S004,Compactor,Highway,Sunny,Sat,1,3
2025-08-02,S005,Excavator,Mining,Sunny,Sat,1,1
2025-08-02,S005,Bulldozer,Mining,Sunny,Sat,1,2
2025-08-02,S005,Crane,Mining,Sunny,Sat,1,1
2025-08-02,S005,Grader,Mining,Sunny,Sat,1,1
2025-08-02,S005,Loader,Mining,Sunny,Sat,1,3
2025-08-02,S005,Compactor,Mining,Sunny,Sat,1,0
2025-08-02,S006,Excavator,Road,Sunny,Sat,1,3
2025-08-02,S006,Bulldozer,Road,Sunny,Sat,1,1
2025-08-02,S006,Crane,Road,Sunny,Sat,1,1
2025-08-02,S006,Grader,Road,Sunny,Sat,1,1
2025-08-02,S006,Loader,Road,Sunny,Sat,1,1
2025-08-02,S006,Compactor,Road,Sunny,Sat,1,1
2025-08-03,S001,Excavator,Road,Rain,Sun,1,2
2025-08-03,S001,Bulldozer,Road,Rain,Sun,1,0
2025-08-03,S001,Crane,Road,Rain,Sun,1,0
2025-08-03,S001,Grader,Road,Rain,Sun,1,1
2025-08-03,S001,Loader,Road,Rain,Sun,1,2
2025-08-03,S001,Compactor,Road,Rain,Sun,1,1
2025-08-03,S002,Excavator,Mining,Sunny,Sun,1,1
2025-08-03,S002,Bulldozer,Mining,Sunny,Sun,1,3
2025-08-03,S002,Crane,Mining,Sunny,Sun,1,2
2025-08-03,S002,Grader,Mining,Sunny,Sun,1,0
2025-08-03,S002,Loader,Mining,Sunny,Sun,1,1
2025-08-03,S002,Compactor,Mining,Sunny,Sun,1,1
2025-08-03,S003,Excavator,Building,Sunny,Sun,1,1
2025-08-03,S003,Bulldozer,Building,Sunny,Sun,1,0
2025-08-03,S003,Crane,Building,Sunny,Sun,1,2
2025-08-03,S003,Grader,Building,Sunny,Sun,1,1
2025-08-03,S003,Loader,Building,Sunny,Sun,1,1
2025-08-03,S003,Compactor,Building,Sunny,Sun,1,2
2025-08-03,S004,Excavator,Highway,Sunny,Sun,1,2
2025-08-03,S004,Bulldozer,Highway,Sunny,Sun,1,2
2025-08-03,S004,Crane,Highway,Sunny,Sun,1,1
2025-08-03,S004,Grader,Highway,Sunny,Sun,1,3
2025-08-03,S004,Loader,Highway,Sunny,Sun,1,2
2025-08-03,S004,Compactor,Highway,Sunny,Sun,1,3
2025-08-03,S005,Excavator,Mining,Cloudy,Sun,1,2
2025-08-03,S005,Bulldozer,Mining,Cloudy,Sun,1,2
2025-08-03,S005,Crane,Mining,Cloudy,Sun,1,0
2025-08-03,S005,Grader,Mining,Cloudy,Sun,1,0
2025-08-03,S005,Loader,Mining,Cloudy,Sun,1,2
2025-08-03,S005,Compactor,Mining,Cloudy,Sun,1,0
2025-08-03,S006,Excavator,Road,Sunny,Sun,1,3
2025-08-03,S006,Bulldozer,Road,Sunny,Sun,1,0
2025-08-03,S006,Crane,Road,Sunny,Sun,1,1
2025-08-03,S006,Grader,Road,Sunny,Sun,1,1
2025-08-03,S006,Loader,Road,Sunny,Sun,1,1
2025-08-03,S006,Compactor,Road,Sunny,Sun,1,2
2025-08-04,S001,Excavator,Road,Rain,Mon,0,3
2025-08-04,S001,Bulldozer,Road,Rain,Mon,0,1
2025-08-04,S001,Crane,Road,Rain,Mon,0,0
2025-08-04,S001,Grader,Road,Rain,Mon,0,3
2025-08-04,S001,Loader,Road,Rain,Mon,0,2
2025-08-04,S001,Compactor,Road,Rain,Mon,0,2
2025-08-04,S002,Excavator,Mining,Sunny,Mon,0,4
2025-08-04,S002,Bulldozer,Mining,Sunny,Mon,0,6
2025-08-04,S002,Crane,Mining,Sunny,Mon,0,2
2025-08-04,S002,Grader,Mining,Sunny,Mon,0,1
2025-08-04,S002,Loader,Mining,Sunny,Mon,0,5
2025-08-04,S002,Compactor,Mining,Sunny,Mon,0,1
2025-08-04,S003,Excavator,Building,Sunny,Mon,0,3
2025-08-04,S003,Bulldozer,Building,Sunny,Mon,0,1
2025-08-04,S003,Crane,Building,Sunny,Mon,0,5
2025-08-04,S003,Grader,Building,Sunny,Mon,0,1
2025-08-04,S003,Loader,Building,Sunny,Mon,0,3
2025-08-04,S003,Compactor,Building,Sunny,Mon,0,3
2025-08-04,S004,Excavator,Highway,Cloudy,Mon,0,4
2025-08-04,S004,Bulldozer,Highway,Cloudy,Mon,0,2
2025-08-04,S004,Crane,Highway,Cloudy,Mon,0,1
2025-08-04,S004,Grader,Highway,Cloudy,Mon,0,4
2025-08-04,S004,Loader,Highway,Cloudy,Mon,0,2
2025-08-04,S004,Compactor,Highway,Cloudy,Mon,0,4
2025-08-04,S005,Excavator,Mining,Cloudy,Mon,0,2
2025-08-04,S005,Bulldozer,Mining,Cloudy,Mon,0,6
2025-08-04,S005,Crane,Mining,Cloudy,Mon,0,2
2025-08-04,S005,Grader,Mining,Cloudy,Mon,0,2
2025-08-04,S005,Loader,Mining,Cloudy,Mon,0,5
2025-08-04,S005,Compactor,Mining,Cloudy,Mon,0,1
2025-08-04,S006,Excavator,Road,Cloudy,Mon,0,4
2025-08-04,S006,Bulldozer,Road,Cloudy,Mon,0,1
2025-08-04,S006,Crane,Road,Cloudy,Mon,0,2
2025-08-04,S006,Grader,Road,Cloudy,Mon,0,4
2025-08-04,S006,Loader,Road,Cloudy,Mon,0,3
2025-08-04,S006,Compactor,Road,Cloudy,Mon,0,3
2025-08-05,S001,Excavator,Road,Sunny,Tue,0,5
2025-08-05,S001,Bulldozer,Road,Sunny,Tue,0,2
2025-08-05,S001,Crane,Road,Sunny,Tue,0,1
2025-08-05,S001,Grader,Road,Sunny,Tue,0,4
2025-08-05,S001,Loader,Road,Sunny,Tue,0,4
2025-08-05,S001,Compactor,Road,Sunny,Tue,0,4
2025-08-05,S002,Excavator,Mining,Cloudy,Tue,0,3
2025-08-05,S002,Bulldozer,Mining,Cloudy,Tue,0,4
2025-08-05,S002,Crane,Mining,Cloudy,Tue,0,2
2025-08-05,S002,Grader,Mining,Cloudy,Tue,0,1
2025-08-05,S002,Loader,Mining,Cloudy,Tue,0,4
2025-08-05,S002,Compactor,Mining,Cloudy,Tue,0,1
2025-08-05,S003,Excavator,Building,Rain,Tue,0,1
2025-08-05,S003,Bulldozer,Building,Rain,Tue,0,1
2025-08-05,S003,Crane,Building,Rain,Tue,0,2
2025-08-05,S003,Grader,Building,Rain,Tue,0,1
2025-08-05,S003,Loader,Building,Rain,Tue,0,1
2025-08-05,S003,Compactor,Building,Rain,Tue,0,1
2025-08-05,S004,Excavator,Highway,Cloudy,Tue,0,4
2025-08-05,S004,Bulldozer,Highway,Cloudy,Tue,0,2
2025-08-05,S004,Crane,Highway,Cloudy,Tue,0,2
2025-08-05,S004,Grader,Highway,Cloudy,Tue,0,4
2025-08-05,S004,Loader,Highway,Cloudy,Tue,0,3
2025-08-05,S004,Compactor,Highway,Cloudy,Tue,0,5
2025-08-05,S005,Excavator,Mining,Cloudy,Tue,0,2
2025-08-05,S005,Bulldozer,Mining,Cloudy,Tue,0,6
2025-08-05,S005,Crane,Mining,Cloudy,Tue,0,1
2025-08-05,S005,Grader,Mining,Cloudy,Tue,0,1
2025-08-05,S005,Loader,Mining,Cloudy,Tue,0,5
2025-08-05,S005,Compactor,Mining,Cloudy,Tue,0,1
2025-08-05,S006,Excavator,Road,Sunny,Tue,0,5
2025-08-05,S006,Bulldozer,Road,Sunny,Tue,0,2
2025-08-05,S006,Crane,Road,Sunny,Tue,0,1
2025-08-05,S006,Grader,Road,Sunny,Tue,0,5
2025-08-05,S006,Loader,Road,Sunny,Tue,0,2
2025-08-05,S006,Compactor,Road,Sunny,Tue,0,5
2025-08-06,S001,Excavator,Road,Cloudy,Wed,0,4
2025-08-06,S001,Bulldozer,Road,Cloudy,Wed,0,2
2025-08-06,S001,Crane,Road,Cloudy,Wed,0,0
2025-08-06,S001,Grader,Road,Cloudy,Wed,0,4
2025-08-06,S001,Loader,Road,Cloudy,Wed,0,3
2025-08-06,S001,Compactor,Road,Cloudy,Wed,0,3
2025-08-06,S002,Excavator,Mining,Sunny,Wed,0,2
2025-08-06,S002,Bulldozer,Mining,Sunny,Wed,0,6
2025-08-06,S002,Crane,Mining,Sunny,Wed,0,3
2025-08-06,S002,Grader,Mining,Sunny,Wed,0,1
2025-08-06,S002,Loader,Mining,Sunny,Wed,0,5
2025-08-06,S002,Compactor,Mining,Sunny,Wed,0,1
2025-08-06,S003,Excavator,Building,Sunny,Wed,0,1
2025-08-06,S003,Bulldozer,Building,Sunny,Wed,0,1
2025-08-06,S003,Crane,Building,Sunny,Wed,0,5
2025-08-06,S003,Grader,Building,Sunny,Wed,0,0
2025-08-06,S003,Loader,Building,Sunny,Wed,0,2
2025-08-06,S003,Compactor,Building,Sunny,Wed,0,2
2025-08-06,S004,Excavator,Highway,Sunny,Wed,0,5
2025-08-06,S004,Bulldozer,Highway,Sunny,Wed,0,3
2025-08-06,S004,Crane,Highway,Sunny,Wed,0,1
2025-08-06,S004,Grader,Highway,Sunny,Wed,0,5
2025-08-06,S004,Loader,Highway,Sunny,Wed,0,3
2025-08-06,S004,Compactor,Highway,Sunny,Wed,0,4
2025-08-06,S005,Excavator,Mining,Cloudy,Wed,0,3
2025-08-06,S005,Bulldozer,Mining,Cloudy,Wed,0,5
2025-08-06,S005,Crane,Mining,Cloudy,Wed,0,2
2025-08-06,S005,Grader,Mining,Cloudy,Wed,0,1
2025-08-06,S005,Loader,Mining,Cloudy,Wed,0,5
2025-08-06,S005,Compactor,Mining,Cloudy,Wed,0,0
2025-08-06,S006,Excavator,Road,Cloudy,Wed,0,4
2025-08-06,S006,Bulldozer,Road,Cloudy,Wed,0,2
2025-08-06,S006,Crane,Road,Cloudy,Wed,0,2
2025-08-06,S006,Grader,Road,Cloudy,Wed,0,4
2025-08-06,S006,Loader,Road,Cloudy,Wed,0,3
2025-08-06,S006,Compactor,Road,Cloudy,Wed,0,2
2025-08-07,S001,Excavator,Road,Rain,Thu,0,2
2025-08-07,S001,Bulldozer,Road,Rain,Thu,0,1
2025-08-07,S001,Crane,Road,Rain,Thu,0,1
2025-08-07,S001,Grader,Road,Rain,Thu,0,1
2025-08-07,S001,Loader,Road,Rain,Thu,0,2
2025-08-07,S001,Compactor,Road,Rain,Thu,0,2
2025-08-07,S002,Excavator,Mining,Sunny,Thu,0,2
2025-08-07,S002,Bulldozer,Mining,Sunny,Thu,0,5
2025-08-07,S002,Crane,Mining,Sunny,Thu,0,2
2025-08-07,S002,Grader,Mining,Sunny,Thu,0,1
2025-08-07,S002,Loader,Mining,Sunny,Thu,0,6
2025-08-07,S002,Compactor,Mining,Sunny,Thu,0,0
2025-08-07,S003,Excavator,Building,Sunny,Thu,0,2
2025-08-07,S003,Bulldozer,Building,Sunny,Thu,0,1
2025-08-07,S003,Crane,Building,Sunny,Thu,0,5
2025-08-07,S003,Grader,Building,Sunny,Thu,0,1
2025-08-07,S003,Loader,Building,Sunny,Thu,0,1
2025-08-07,S003,Compactor,Building,Sunny,Thu,0,1
2025-08-07,S004,Excavator,Highway,Sunny,Thu,0,5
2025-08-07,S004,Bulldozer,Highway,Sunny,Thu,0,2
2025-08-07,S004,Crane,Highway,Sunny,Thu,0,0
2025-08-07,S004,Grader,Highway,Sunny,Thu,0,5
2025-08-07,S004,Loader,Highway,Sunny,Thu,0,2
2025-08-07,S004,Compactor,Highway,Sunny,Thu,0,6
2025-08-07,S005,Excavator,Mining,Rain,Thu,0,1
2025-08-07,S005,Bulldozer,Mining,Rain,Thu,0,3
2025-08-07,S005,Crane,Mining,Rain,Thu,0,0
2025-08-07,S005,Grader,Mining,Rain,Thu,0,0
2025-08-07,S005,Loader,Mining,Rain,Thu,0,2
2025-08-07,S005,Compactor,Mining,Rain,Thu,0,1
2025-08-07,S006,Excavator,Road,Cloudy,Thu,0,5
2025-08-07,S006,Bulldozer,Road,Cloudy,Thu,0,2
2025-08-07,S006,Crane,Road,Cloudy,Thu,0,1
2025-08-07,S006,Grader,Road,Cloudy,Thu,0,3
2025-08-07,S006,Loader,Road,Cloudy,Thu,0,3
2025-08-07,S006,Compactor,Road,Cloudy,Thu,0,3
2025-08-08,S001,Excavator,Road,Sunny,Fri,0,6
2025-08-08,S001,Bulldozer,Road,Sunny,Fri,0,2
2025-08-08,S001,Crane,Road,Sunny,Fri,0,1
2025-08-08,S001,Grader,Road,Sunny,Fri,0,4
2025-08-08,S001,Loader,Road,Sunny,Fri,0,4
2025-08-08,S001,Compactor,Road,Sunny,Fri,0,4
2025-08-08,S002,Excavator,Mining,Sunny,Fri,0,3
2025-08-08,S002,Bulldozer,Mining,Sunny,Fri,0,5
2025-08-08,S002,Crane,Mining,Sunny,Fri,0,2
2025-08-08,S002,Grader,Mining,Sunny,Fri,0,2
2025-08-08,S002,Loader,Mining,Sunny,Fri,0,4
2025-08-08,S002,Compactor,Mining,Sunny,Fri,0,1
2025-08-08,S003,Excavator,Building,Sunny,Fri,0,2
2025-08-08,S003,Bulldozer,Building,Sunny,Fri,0,2
2025-08-08,S003,Crane,Building,Sunny,Fri,0,4
2025-08-08,S003,Grader,Building,Sunny,Fri,0,1
2025-08-08,S003,Loader,Building,Sunny,Fri,0,1
2025-08-08,S003,Compactor,Building,Sunny,Fri,0,2
2025-08-08,S004,Excavator,Highway,Rain,Fri,0,2
2025-08-08,S004,Bulldozer,Highway,Rain,Fri,0,1
2025-08-08,S004,Crane,Highway,Rain,Fri,0,0
2025-08-08,S004,Grader,Highway,Rain,Fri,0,2
2025-08-08,S004,Loader,Highway,Rain,Fri,0,2
2025-08-08,S004,Compactor,Highway,Rain,Fri,0,3
2025-08-08,S005,Excavator,Mining,Cloudy,Fri,0,2
2025-08-08,S005,Bulldozer,Mining,Cloudy,Fri,0,5
2025-08-08,S005,Crane,Mining,Cloudy,Fri,0,1
2025-08-08,S005,Grader,Mining,Cloudy,Fri,0,1
2025-08-08,S005,Loader,Mining,Cloudy,Fri,0,5
2025-08-08,S005,Compactor,Mining,Cloudy,Fri,0,0
2025-08-08,S006,Excavator,Road,Sunny,Fri,0,4
2025-08-08,S006,Bulldozer,Road,Sunny,Fri,0,3
2025-08-08,S006,Crane,Road,Sunny,Fri,0,1
2025-08-08,S006,Grader,Road,Sunny,Fri,0,4
2025-08-08,S006,Loader,Road,Sunny,Fri,0,2
2025-08-08,S006,Compactor,Road,Sunny,Fri,0,4
2025-08-09,S001,Excavator,Road,Sunny,Sat,1,3
2025-08-09,S001,Bulldozer,Road,Sunny,Sat,1,1
2025-08-09,S001,Crane,Road,Sunny,Sat,1,1
2025-08-09,S001,Grader,Road,Sunny,Sat,1,1
2025-08-09,S001,Loader,Road,Sunny,Sat,1,1
2025-08-09,S001,Compactor,Road,Sunny,Sat,1,2
2025-08-09,S002,Excavator,Mining,Sunny,Sat,1,2
2025-08-09,S002,Bulldozer,Mining,Sunny,Sat,1,3
2025-08-09,S002,Crane,Mining,Sunny,Sat,1,1
2025-08-09,S002,Grader,Mining,Sunny,Sat,1,0
2025-08-09,S002,Loader,Mining,Sunny,Sat,1,1
2025-08-09,S002,Compactor,Mining,Sunny,Sat,1,1
2025-08-09,S003,Excavator,Building,Cloudy,Sat,1,0
2025-08-09,S003,Bulldozer,Building,Cloudy,Sat,1,0
2025-08-09,S003,Crane,Building,Cloudy,Sat,1,2
2025-08-09,S003,Grader,Building,Cloudy,Sat,1,0
2025-08-09,S003,Loader,Building,Cloudy,Sat,1,1
2025-08-09,S003,Compactor,Building,Cloudy,Sat,1,1
2025-08-09,S004,Excavator,Highway,Cloudy,Sat,1,2
2025-08-09,S004,Bulldozer,Highway,Cloudy,Sat,1,1
2025-08-09,S004,Crane,Highway,Cloudy,Sat,1,0
2025-08-09,S004,Grader,Highway,Cloudy,Sat,1,2
2025-08-09,S004,Loader,Highway,Cloudy,Sat,1,1
2025-08-09,S004,Compactor,Highway,Cloudy,Sat,1,2
2025-08-09,S005,Excavator,Mining,Rain,Sat,1,1
2025-08-09,S005,Bulldozer,Mining,Rain,Sat,1,1
2025-08-09,S005,Crane,Mining,Rain,Sat,1,0
2025-08-09,S005,Grader,Mining,Rain,Sat,1,0
2025-08-09,S005,Loader,Mining,Rain,Sat,1,1
2025-08-09,S005,Compactor,Mining,Rain,Sat,1,0
2025-08-09,S006,Excavator,Road,Cloudy,Sat,1,2
2025-08-09,S006,Bulldozer,Road,Cloudy,Sat,1,0
2025-08-09,S006,Crane,Road,Cloudy,Sat,1,1
2025-08-09,S006,Grader,Road,Cloudy,Sat,1,1
2025-08-09,S006,Loader,Road,Cloudy,Sat,1,2
2025-08-09,S006,Compactor,Road,Cloudy,Sat,1,2
2025-08-10,S001,Excavator,Road,Rain,Sun,1,2
2025-08-10,S001,Bulldozer,Road,Rain,Sun,1,0
2025-08-10,S001,Crane,Road,Rain,Sun,1,0
2025-08-10,S001,Grader,Road,Rain,Sun,1,0
2025-08-10,S001,Loader,Road,Rain,Sun,1,1
2025-08-10,S001,Compactor,Road,Rain,Sun,1,0
2025-08-10,S002,Excavator,Mining,Sunny,Sun,1,0
2025-08-10,S002,Bulldozer,Mining,Sunny,Sun,1,2
2025-08-10,S002,Crane,Mining,Sunny,Sun,1,1
2025-08-10,S002,Grader,Mining,Sunny,Sun,1,0
2025-08-10,S002,Loader,Mining,Sunny,Sun,1,2
2025-08-10,S002,Compactor,Mining,Sunny,Sun,1,0
2025-08-10,S003,Excavator,Building,Sunny,Sun,1,0
2025-08-10,S003,Bulldozer,Building,Sunny,Sun,1,0
2025-08-10,S003,Crane,Building,Sunny,Sun,1,1
2025-08-10,S003,Grader,Building,Sunny,Sun,1,0
2025-08-10,S003,Loader,Building,Sunny,Sun,1,1
2025-08-10,S003,Compactor,Building,Sunny,Sun,1,0
2025-08-10,S004,Excavator,Highway,Sunny,Sun,1,1
2025-08-10,S004,Bulldozer,Highway,Sunny,Sun,1,2
2025-08-10,S004,Crane,Highway,Sunny,Sun,1,1
2025-08-10,S004,Grader,Highway,Sunny,Sun,1,2
2025-08-10,S004,Loader,Highway,Sunny,Sun,1,0
2025-08-10,S004,Compactor,Highway,Sunny,Sun,1,3
2025-08-10,S005,Excavator,Mining,Sunny,Sun,1,1
2025-08-10,S005,Bulldozer,Mining,Sunny,Sun,1,3
2025-08-10,S005,Crane,Mining,Sunny,Sun,1,1
2025-08-10,S005,Grader,Mining,Sunny,Sun,1,1
2025-08-10,S005,Loader,Mining,Sunny,Sun,1,1
2025-08-10,S005,Compactor,Mining,Sunny,Sun,1,1
2025-08-10,S006,Excavator,Road,Cloudy,Sun,1,2
2025-08-10,S006,Bulldozer,Road,Cloudy,Sun,1,1
2025-08-10,S006,Crane,Road,Cloudy,Sun,1,0
2025-08-10,S006,Grader,Road,Cloudy,Sun,1,1
2025-08-10,S006,Loader,Road,Cloudy,Sun,1,2
2025-08-10,S006,Compactor,Road,Cloudy,Sun,1,1
2025-08-11,S001,Excavator,Road,Sunny,Mon,0,4
2025-08-11,S001,Bulldozer,Road,Sunny,Mon,0,1
2025-08-11,S001,Crane,Road,Sunny,Mon,0,0
2025-08-11,S001,Grader,Road,Sunny,Mon,0,5
2025-08-11,S001,Loader,Road,Sunny,Mon,0,3
2025-08-11,S001,Compactor,Road,Sunny,Mon,0,4
2025-08-11,S002,Excavator,Mining,Cloudy,Mon,0,3
2025-08-11,S002,Bulldozer,Mining,Cloudy,Mon,0,5
2025-08-11,S002,Crane,Mining,Cloudy,Mon,0,1
2025-08-11,S002,Grader,Mining,Cloudy,Mon,0,1
2025-08-11,S002,Loader,Mining,Cloudy,Mon,0,4
2025-08-11,S002,Compactor,Mining,Cloudy,Mon,0,2
2025-08-11,S003,Excavator,Building,Sunny,Mon,0,3
2025-08-11,S003,Bulldozer,Building,Sunny,Mon,0,1
2025-08-11,S003,Crane,Building,Sunny,Mon,0,4
2025-08-11,S003,Grader,Building,Sunny,Mon,0,2
2025-08-11,S003,Loader,Building,Sunny,Mon,0,1
2025-08-11,S003,Compactor,Building,Sunny,Mon,0,3
2025-08-11,S004,Excavator,Highway,Sunny,Mon,0,5
2025-08-11,S004,Bulldozer,Highway,Sunny,Mon,0,4
2025-08-11,S004,Crane,Highway,Sunny,Mon,0,1
2025-08-11,S004,Grader,Highway,Sunny,Mon,0,6
2025-08-11,S004,Loader,Highway,Sunny,Mon,0,3
2025-08-11,S004,Compactor,Highway,Sunny,Mon,0,6
2025-08-11,S005,Excavator,Mining,Cloudy,Mon,0,2
2025-08-11,S005,Bulldozer,Mining,Cloudy,Mon,0,5
2025-08-11,S005,Crane,Mining,Cloudy,Mon,0,2
2025-08-11,S005,Grader,Mining,Cloudy,Mon,0,1
2025-08-11,S005,Loader,Mining,Cloudy,Mon,0,3
2025-08-11,S005,Compactor,Mining,Cloudy,Mon,0,1
2025-08-11,S006,Excavator,Road,Cloudy,Mon,0,4
2025-08-11,S006,Bulldozer,Road,Cloudy,Mon,0,1
2025-08-11,S006,Crane,Road,Cloudy,Mon,0,0
2025-08-11,S006,Grader,Road,Cloudy,Mon,0,3
2025-08-11,S006,Loader,Road,Cloudy,Mon,0,2
2025-08-11,S006,Compactor,Road,Cloudy,Mon,0,4
2025-08-12,S001,Excavator,Road,Sunny,Tue,0,6
2025-08-12,S001,Bulldozer,Road,Sunny,Tue,0,2
2025-08-12,S001,Crane,Road,Sunny,Tue,0,1
2025-08-12,S001,Grader,Road,Sunny,Tue,0,3
2025-08-12,S001,Loader,Road,Sunny,Tue,0,3
2025-08-12,S001,Compactor,Road,Sunny,Tue,0,4
2025-08-12,S002,Excavator,Mining,Cloudy,Tue,0,3
2025-08-12,S002,Bulldozer,Mining,Cloudy,Tue,0,5
2025-08-12,S002,Crane,Mining,Cloudy,Tue,0,1
2025-08-12,S002,Grader,Mining,Cloudy,Tue,0,1
2025-08-12,S002,Loader,Mining,Cloudy,Tue,0,5
2025-08-12,S002,Compactor,Mining,Cloudy,Tue,0,1
2025-08-12,S003,Excavator,Building,Cloudy,Tue,0,2
2025-08-12,S003,Bulldozer,Building,Cloudy,Tue,0,1
2025-08-12,S003,Crane,Building,Cloudy,Tue,0,5
2025-08-12,S003,Grader,Building,Cloudy,Tue,0,0
2025-08-12,S003,Loader,Building,Cloudy,Tue,0,3
2025-08-12,S003,Compactor,Building,Cloudy,Tue,0,2
2025-08-12,S004,Excavator,Highway,Sunny,Tue,0,4
2025-08-12,S004,Bulldozer,Highway,Sunny,Tue,0,3
2025-08-12,S004,Crane,Highway,Sunny,Tue,0,1
2025-08-12,S004,Grader,Highway,Sunny,Tue,0,6
2025-08-12,S004,Loader,Highway,Sunny,Tue,0,3
2025-08-12,S004,Compactor,Highway,Sunny,Tue,0,5
2025-08-12,S005,Excavator,Mining,Sunny,Tue,0,4
2025-08-12,S005,Bulldozer,Mining,Sunny,Tue,0,6
2025-08-12,S005,Crane,Mining,Sunny,Tue,0,3
2025-08-12,S005,Grader,Mining,Sunny,Tue,0,1
2025-08-12,S005,Loader,Mining,Sunny,Tue,0,5
2025-08-12,S005,Compactor,Mining,Sunny,Tue,0,2
2025-08-12,S006,Excavator,Road,Cloudy,Tue,0,5
2025-08-12,S006,Bulldozer,Road,Cloudy,Tue,0,2
2025-08-12,S006,Crane,Road,Cloudy,Tue,0,0
2025-08-12,S006,Grader,Road,Cloudy,Tue,0,3
2025-08-12,S006,Loader,Road,Cloudy,Tue,0,3
2025-08-12,S006,Compactor,Road,Cloudy,Tue,0,3
2025-08-13,S001,Excavator,Road,Rain,Wed,0,2
2025-08-13,S001,Bulldozer,Road,Rain,Wed,0,1
2025-08-13,S001,Crane,Road,Rain,Wed,0,1
2025-08-13,S001,Grader,Road,Rain,Wed,0,3
2025-08-13,S001,Loader,Road,Rain,Wed,0,2
2025-08-13,S001,Compactor,Road,Rain,Wed,0,2
2025-08-13,S002,Excavator,Mining,Sunny,Wed,0,4
2025-08-13,S002,Bulldozer,Mining,Sunny,Wed,0,7
2025-08-13,S002,Crane,Mining,Sunny,Wed,0,2
2025-08-13,S002,Grader,Mining,Sunny,Wed,0,0
2025-08-13,S002,Loader,Mining,Sunny,Wed,0,6
2025-08-13,S002,Compactor,Mining,Sunny,Wed,0,0
2025-08-13,S003,Excavator,Building,Sunny,Wed,0,2
2025-08-13,S003,Bulldozer,Building,Sunny,Wed,0,0
2025-08-13,S003,Crane,Building,Sunny,Wed,0,6
2025-08-13,S003,Grader,Building,Sunny,Wed,0,1
2025-08-13,S003,Loader,Building,Sunny,Wed,0,1
2025-08-13,S003,Compactor,Building,Sunny,Wed,0,3
2025-08-13,S004,Excavator,Highway,Cloudy,Wed,0,5
2025-08-13,S004,Bulldozer,Highway,Cloudy,Wed,0,4
2025-08-13,S004,Crane,Highway,Cloudy,Wed,0,1
2025-08-13,S004,Grader,Highway,Cloudy,Wed,0,4
2025-08-13,S004,Loader,Highway,Cloudy,Wed,0,3
2025-08-13,S004,Compactor,Highway,Cloudy,Wed,0,5
2025-08-13,S005,Excavator,Mining,Rain,Wed,0,1
2025-08-13,S005,Bulldozer,Mining,Rain,Wed,0,3
2025-08-13,S005,Crane,Mining,Rain,Wed,0,1
2025-08-13,S005,Grader,Mining,Rain,Wed,0,0
2025-08-13,S005,Loader,Mining,Rain,Wed,0,2
2025-08-13,S005,Compactor,Mining,Rain,Wed,0,0
2025-08-13,S006,Excavator,Road,Sunny,Wed,0,5
2025-08-13,S006,Bulldozer,Road,Sunny,Wed,0,1
2025-08-13,S006,Crane,Road,Sunny,Wed,0,1
2025-08-13,S006,Grader,Road,Sunny,Wed,0,3
2025-08-13,S006,Loader,Road,Sunny,Wed,0,4
2025-08-13,S006,Compactor,Road,Sunny,Wed,0,3
2025-08-14,S001,Excavator,Road,Rain,Thu,0,3
2025-08-14,S001,Bulldozer,Road,Rain,Thu,0,0
2025-08-14,S001,Crane,Road,Rain,Thu,0,1
2025-08-14,S001,Grader,Road,Rain,Thu,0,2
2025-08-14,S001,Loader,Road,Rain,Thu,0,2
2025-08-14,S001,Compactor,Road,Rain,Thu,0,1
2025-08-14,S002,Excavator,Mining,Sunny,Thu,0,4
2025-08-14,S002,Bulldozer,Mining,Sunny,Thu,0,6
2025-08-14,S002,Crane,Mining,Sunny,Thu,0,1
2025-08-14,S002,Grader,Mining,Sunny,Thu,0,1
2025-08-14,S002,Loader,Mining,Sunny,Thu,0,6
2025-08-14,S002,Compactor,Mining,Sunny,Thu,0,0
2025-08-14,S003,Excavator,Building,Sunny,Thu,0,2
2025-08-14,S003,Bulldozer,Building,Sunny,Thu,0,1
2025-08-14,S003,Crane,Building,Sunny,Thu,0,4
2025-08-14,S003,Grader,Building,Sunny,Thu,0,0
2025-08-14,S003,Loader,Building,Sunny,Thu,0,3
2025-08-14,S003,Compactor,Building,Sunny,Thu,0,2
2025-08-14,S004,Excavator,Highway,Sunny,Thu,0,5
2025-08-14,S004,Bulldozer,Highway,Sunny,Thu,0,2
2025-08-14,S004,Crane,Highway,Sunny,Thu,0,0
2025-08-14,S004,Grader,Highway,Sunny,Thu,0,6
2025-08-14,S004,Loader,Highway,Sunny,Thu,0,4
2025-08-14,S004,Compactor,Highway,Sunny,Thu,0,4
2025-08-14,S005,Excavator,Mining,Sunny,Thu,0,2
2025-08-14,S005,Bulldozer,Mining,Sunny,Thu,0,6
2025-08-14,S005,Crane,Mining,Sunny,Thu,0,2
2025-08-14,S005,Grader,Mining,Sunny,Thu,0,2
2025-08-14,S005,Loader,Mining,Sunny,Thu,0,5
2025-08-14,S005,Compactor,Mining,Sunny,Thu,0,2
2025-08-14,S006,Excavator,Road,Cloudy,Thu,0,4
2025-08-14,S006,Bulldozer,Road,Cloudy,Thu,0,1
2025-08-14,S006,Crane,Road,Cloudy,Thu,0,0
2025-08-14,S006,Grader,Road,Cloudy,Thu,0,4
2025-08-14,S006,Loader,Road,Cloudy,Thu,0,2
2025-08-14,S006,Compactor,Road,Cloudy,Thu,0,4
2025-08-15,S001,Excavator,Road,Sunny,Fri,0,4
2025-08-15,S001,Bulldozer,Road,Sunny,Fri,0,3
2025-08-15,S001,Crane,Road,Sunny,Fri,0,1
2025-08-15,S001,Grader,Road,Sunny,Fri,0,4
2025-08-15,S001,Loader,Road,Sunny,Fri,0,3
2025-08-15,S001,Compactor,Road,Sunny,Fri,0,3
2025-08-15,S002,Excavator,Mining,Sunny,Fri,0,3
2025-08-15,S002,Bulldozer,Mining,Sunny,Fri,0,6
2025-08-15,S002,Crane,Mining,Sunny,Fri,0,3
2025-08-15,S002,Grader,Mining,Sunny,Fri,0,1
2025-08-15,S002,Loader,Mining,Sunny,Fri,0,4
2025-08-15,S002,Compactor,Mining,Sunny,Fri,0,1
2025-08-15,S003,Excavator,Building,Cloudy,Fri,0,1
2025-08-15,S003,Bulldozer,Building,Cloudy,Fri,0,1
2025-08-15,S003,Crane,Building,Cloudy,Fri,0,4
2025-08-15,S003,Grader,Building,Cloudy,Fri,0,2
2025-08-15,S003,Loader,Building,Cloudy,Fri,0,1
2025-08-15,S003,Compactor,Building,Cloudy,Fri,0,2
2025-08-15,S004,Excavator,Highway,Sunny,Fri,0,5
2025-08-15,S004,Bulldozer,Highway,Sunny,Fri,0,4
2025-08-15,S004,Crane,Highway,Sunny,Fri,0,0
2025-08-15,S004,Grader,Highway,Sunny,Fri,0,5
2025-08-15,S004,Loader,Highway,Sunny,Fri,0,3
2025-08-15,S004,Compactor,Highway,Sunny,Fri,0,6
2025-08-15,S005,Excavator,Mining,Rain,Fri,0,1
2025-08-15,S005,Bulldozer,Mining,Rain,Fri,0,2
2025-08-15,S005,Crane,Mining,Rain,Fri,0,2
2025-08-15,S005,Grader,Mining,Rain,Fri,0,1
2025-08-15,S005,Loader,Mining,Rain,Fri,0,3
2025-08-15,S005,Compactor,Mining,Rain,Fri,0,1
2025-08-15,S006,Excavator,Road,Cloudy,Fri,0,4
2025-08-15,S006,Bulldozer,Road,Cloudy,Fri,0,2
2025-08-15,S006,Crane,Road,Cloudy,Fri,0,1
2025-08-15,S006,Grader,Road,Cloudy,Fri,0,3
2025-08-15,S006,Loader,Road,Cloudy,Fri,0,3
2025-08-15,S006,Compactor,Road,Cloudy,Fri,0,3
2025-08-16,S001,Excavator,Road,Cloudy,Sat,1,2
2025-08-16,S001,Bulldozer,Road,Cloudy,Sat,1,2
2025-08-16,S001,Crane,Road,Cloudy,Sat,1,1
2025-08-16,S001,Grader,Road,Cloudy,Sat,1,2
2025-08-16,S001,Loader,Road,Cloudy,Sat,1,1
2025-08-16,S001,Compactor,Road,Cloudy,Sat,1,1
2025-08-16,S002,Excavator,Mining,Sunny,Sat,1,2
2025-08-16,S002,Bulldozer,Mining,Sunny,Sat,1,2
2025-08-16,S002,Crane,Mining,Sunny,Sat,1,2
2025-08-16,S002,Grader,Mining,Sunny,Sat,1,0
2025-08-16,S002,Loader,Mining,Sunny,Sat,1,2
2025-08-16,S002,Compactor,Mining,Sunny,Sat,1,0
2025-08-16,S003,Excavator,Building,Sunny,Sat,1,0
2025-08-16,S003,Bulldozer,Building,Sunny,Sat,1,0
2025-08-16,S003,Crane,Building,Sunny,Sat,1,2
2025-08-16,S003,Grader,Building,Sunny,Sat,1,1
2025-08-16,S003,Loader,Building,Sunny,Sat,1,1
2025-08-16,S003,Compactor,Building,Sunny,Sat,1,1
2025-08-16,S004,Excavator,Highway,Sunny,Sat,1,2
2025-08-16,S004,Bulldozer,Highway,Sunny,Sat,1,0
2025-08-16,S004,Crane,Highway,Sunny,Sat,1,0
2025-08-16,S004,Grader,Highway,Sunny,Sat,1,1
2025-08-16,S004,Loader,Highway,Sunny,Sat,1,1
2025-08-16,S004,Compactor,Highway,Sunny,Sat,1,3
2025-08-16,S005,Excavator,Mining,Sunny,Sat,1,1
2025-08-16,S005,Bulldozer,Mining,Sunny,Sat,1,2
2025-08-16,S005,Crane,Mining,Sunny,Sat,1,1
2025-08-16,S005,Grader,Mining,Sunny,Sat,1,1
2025-08-16,S005,Loader,Mining,Sunny,Sat,1,3
2025-08-16,S005,Compactor,Mining,Sunny,Sat,1,1
2025-08-16,S006,Excavator,Road,Cloudy,Sat,1,1
2025-08-16,S006,Bulldozer,Road,Cloudy,Sat,1,2
2025-08-16,S006,Crane,Road,Cloudy,Sat,1,1
2025-08-16,S006,Grader,Road,Cloudy,Sat,1,1
2025-08-16,S006,Loader,Road,Cloudy,Sat,1,1
2025-08-16,S006,Compactor,Road,Cloudy,Sat,1,1
2025-08-17,S001,Excavator,Road,Cloudy,Sun,1,1
2025-08-17,S001,Bulldozer,Road,Cloudy,Sun,1,1
2025-08-17,S001,Crane,Road,Cloudy,Sun,1,1
2025-08-17,S001,Grader,Road,Cloudy,Sun,1,2
2025-08-17,S001,Loader,Road,Cloudy,Sun,1,1
2025-08-17,S001,Compactor,Road,Cloudy,Sun,1,1
2025-08-17,S002,Excavator,Mining,Sunny,Sun,1,2
2025-08-17,S002,Bulldozer,Mining,Sunny,Sun,1,2
2025-08-17,S002,Crane,Mining,Sunny,Sun,1,1
2025-08-17,S002,Grader,Mining,Sunny,Sun,1,1
2025-08-17,S002,Loader,Mining,Sunny,Sun,1,1
2025-08-17,S002,Compactor,Mining,Sunny,Sun,1,0
2025-08-17,S003,Excavator,Building,Cloudy,Sun,1,0
2025-08-17,S003,Bulldozer,Building,Cloudy,Sun,1,1
2025-08-17,S003,Crane,Building,Cloudy,Sun,1,2
2025-08-17,S003,Grader,Building,Cloudy,Sun,1,0
2025-08-17,S003,Loader,Building,Cloudy,Sun,1,0
2025-08-17,S003,Compactor,Building,Cloudy,Sun,1,1
2025-08-17,S004,Excavator,Highway,Sunny,Sun,1,1
2025-08-17,S004,Bulldozer,Highway,Sunny,Sun,1,0
2025-08-17,S004,Crane,Highway,Sunny,Sun,1,0
2025-08-17,S004,Grader,Highway,Sunny,Sun,1,3
2025-08-17,S004,Loader,Highway,Sunny,Sun,1,2
2025-08-17,S004,Compactor,Highway,Sunny,Sun,1,2
2025-08-17,S005,Excavator,Mining,Sunny,Sun,1,1
2025-08-17,S005,Bulldozer,Mining,Sunny,Sun,1,3
2025-08-17,S005,Crane,Mining,Sunny,Sun,1,0
2025-08-17,S005,Grader,Mining,Sunny,Sun,1,0
2025-08-17,S005,Loader,Mining,Sunny,Sun,1,2
2025-08-17,S005,Compactor,Mining,Sunny,Sun,1,0
2025-08-17,S006,Excavator,Road,Sunny,Sun,1,2
2025-08-17,S006,Bulldozer,Road,Sunny,Sun,1,1
2025-08-17,S006,Crane,Road,Sunny,Sun,1,0
2025-08-17,S006,Grader,Road,Sunny,Sun,1,1
2025-08-17,S006,Loader,Road,Sunny,Sun,1,1
2025-08-17,S006,Compactor,Road,Sunny,Sun,1,1
2025-08-18,S001,Excavator,Road,Sunny,Mon,0,5
2025-08-18,S001,Bulldozer,Road,Sunny,Mon,0,2
2025-08-18,S001,Crane,Road,Sunny,Mon,0,0
2025-08-18,S001,Grader,Road,Sunny,Mon,0,5
2025-08-18,S001,Loader,Road,Sunny,Mon,0,2
2025-08-18,S001,Compactor,Road,Sunny,Mon,0,5
2025-08-18,S002,Excavator,Mining,Sunny,Mon,0,3
2025-08-18,S002,Bulldozer,Mining,Sunny,Mon,0,6
2025-08-18,S002,Crane,Mining,Sunny,Mon,0,2
2025-08-18,S002,Grader,Mining,Sunny,Mon,0,1
2025-08-18,S002,Loader,Mining,Sunny,Mon,0,6
2025-08-18,S002,Compactor,Mining,Sunny,Mon,0,1
2025-08-18,S003,Excavator,Building,Sunny,Mon,0,1
2025-08-18,S003,Bulldozer,Building,Sunny,Mon,0,2
2025-08-18,S003,Crane,Building,Sunny,Mon,0,5
2025-08-18,S003,Grader,Building,Sunny,Mon,0,2
2025-08-18,S003,Loader,Building,Sunny,Mon,0,2
2025-08-18,S003,Compactor,Building,Sunny,Mon,0,2
2025-08-18,S004,Excavator,Highway,Rain,Mon,0,3
2025-08-18,S004,Bulldozer,Highway,Rain,Mon,0,2
2025-08-18,S004,Crane,Highway,Rain,Mon,0,0
2025-08-18,S004,Grader,Highway,Rain,Mon,0,2
2025-08-18,S004,Loader,Highway,Rain,Mon,0,2
2025-08-18,S004,Compactor,Highway,Rain,Mon,0,3
2025-08-18,S005,Excavator,Mining,Sunny,Mon,0,4
2025-08-18,S005,Bulldozer,Mining,Sunny,Mon,0,5
2025-08-18,S005,Crane,Mining,Sunny,Mon,0,2
2025-08-18,S005,Grader,Mining,Sunny,Mon,0,1
2025-08-18,S005,Loader,Mining,Sunny,Mon,0,5
2025-08-18,S005,Compactor,Mining,Sunny,Mon,0,1
2025-08-18,S006,Excavator,Road,Sunny,Mon,0,5
2025-08-18,S006,Bulldozer,Road,Sunny,Mon,0,2
2025-08-18,S006,Crane,Road,Sunny,Mon,0,1
2025-08-18,S006,Grader,Road,Sunny,Mon,0,5
2025-08-18,S006,Loader,Road,Sunny,Mon,0,3
2025-08-18,S006,Compactor,Road,Sunny,Mon,0,3
2025-08-19,S001,Excavator,Road,Cloudy,Tue,0,4
2025-08-19,S001,Bulldozer,Road,Cloudy,Tue,0,2
2025-08-19,S001,Crane,Road,Cloudy,Tue,0,1
2025-08-19,S001,Grader,Road,Cloudy,Tue,0,3
2025-08-19,S001,Loader,Road,Cloudy,Tue,0,2
2025-08-19,S001,Compactor,Road,Cloudy,Tue,0,3
2025-08-19,S002,Excavator,Mining,Rain,Tue,0,1
2025-08-19,S002,Bulldozer,Mining,Rain,Tue,0,4
2025-08-19,S002,Crane,Mining,Rain,Tue,0,2
2025-08-19,S002,Grader,Mining,Rain,Tue,0,1
2025-08-19,S002,Loader,Mining,Rain,Tue,0,3
2025-08-19,S002,Compactor,Mining,Rain,Tue,0,0
2025-08-19,S003,Excavator,Building,Sunny,Tue,0,2
2025-08-19,S003,Bulldozer,Building,Sunny,Tue,0,0
2025-08-19,S003,Crane,Building,Sunny,Tue,0,6
2025-08-19,S003,Grader,Building,Sunny,Tue,0,0
2025-08-19,S003,Loader,Building,Sunny,Tue,0,2
2025-08-19,S003,Compactor,Building,Sunny,Tue,0,2
2025-08-19,S004,Excavator,Highway,Sunny,Tue,0,5
2025-08-19,S004,Bulldozer,Highway,Sunny,Tue,0,3
2025-08-19,S004,Crane,Highway,Sunny,Tue,0,0
2025-08-19,S004,Grader,Highway,Sunny,Tue,0,5
2025-08-19,S004,Loader,Highway,Sunny,Tue,0,3
2025-08-19,S004,Compactor,Highway,Sunny,Tue,0,4
2025-08-19,S005,Excavator,Mining,Cloudy,Tue,0,2
2025-08-19,S005,Bulldozer,Mining,Cloudy,Tue,0,5
2025-08-19,S005,Crane,Mining,Cloudy,Tue,0,1
2025-08-19,S005,Grader,Mining,Cloudy,Tue,0,1
2025-08-19,S005,Loader,Mining,Cloudy,Tue,0,4
2025-08-19,S005,Compactor,Mining,Cloudy,Tue,0,2
2025-08-19,S006,Excavator,Road,Sunny,Tue,0,5
2025-08-19,S006,Bulldozer,Road,Sunny,Tue,0,2
2025-08-19,S006,Crane,Road,Sunny,Tue,0,1
2025-08-19,S006,Grader,Road,Sunny,Tue,0,4
2025-08-19,S006,Loader,Road,Sunny,Tue,0,3
2025-08-19,S006,Compactor,Road,Sunny,Tue,0,5
2025-08-20,S001,Excavator,Road,Cloudy,Wed,0,4
2025-08-20,S001,Bulldozer,Road,Cloudy,Wed,0,1
2025-08-20,S001,Crane,Road,Cloudy,Wed,0,1
2025-08-20,S001,Grader,Road,Cloudy,Wed,0,4
2025-08-20,S001,Loader,Road,Cloudy,Wed,0,2
2025-08-20,S001,Compactor,Road,Cloudy,Wed,0,3
2025-08-20,S002,Excavator,Mining,Rain,Wed,0,1
2025-08-20,S002,Bulldozer,Mining,Rain,Wed,0,3
2025-08-20,S002,Crane,Mining,Rain,Wed,0,1
2025-08-20,S002,Grader,Mining,Rain,Wed,0,0
2025-08-20,S002,Loader,Mining,Rain,Wed,0,2
2025-08-20,S002,Compactor,Mining,Rain,Wed,0,1
2025-08-20,S003,Excavator,Building,Sunny,Wed,0,2
2025-08-20,S003,Bulldozer,Building,Sunny,Wed,0,1
2025-08-20,S003,Crane,Building,Sunny,Wed,0,5
2025-08-20,S003,Grader,Building,Sunny,Wed,0,1
2025-08-20,S003,Loader,Building,Sunny,Wed,0,2
2025-08-20,S003,Compactor,Building,Sunny,Wed,0,3
2025-08-20,S004,Excavator,Highway,Rain,Wed,0,3
2025-08-20,S004,Bulldozer,Highway,Rain,Wed,0,1
2025-08-20,S004,Crane,Highway,Rain,Wed,0,0
2025-08-20,S004,Grader,Highway,Rain,Wed,0,2
2025-08-20,S004,Loader,Highway,Rain,Wed,0,2
2025-08-20,S004,Compactor,Highway,Rain,Wed,0,2
2025-08-20,S005,Excavator,Mining,Rain,Wed,0,1
2025-08-20,S005,Bulldozer,Mining,Rain,Wed,0,3
2025-08-20,S005,Crane,Mining,Rain,Wed,0,1
2025-08-20,S005,Grader,Mining,Rain,Wed,0,1
2025-08-20,S005,Loader,Mining,Rain,Wed,0,2
2025-08-20,S005,Compactor,Mining,Rain,Wed,0,1
2025-08-20,S006,Excavator,Road,Sunny,Wed,0,5
2025-08-20,S006,Bulldozer,Road,Sunny,Wed,0,2
2025-08-20,S006,Crane,Road,Sunny,Wed,0,2
2025-08-20,S006,Grader,Road,Sunny,Wed,0,4
2025-08-20,S006,Loader,Road,Sunny,Wed,0,4
2025-08-20,S006,Compactor,Road,Sunny,Wed,0,4
2025-08-21,S001,Excavator,Road,Rain,Thu,0,2
2025-08-21,S001,Bulldozer,Road,Rain,Thu,0,2
2025-08-21,S001,Crane,Road,Rain,Thu,0,1
2025-08-21,S001,Grader,Road,Rain,Thu,0,2
2025-08-21,S001,Loader,Road,Rain,Thu,0,1
2025-08-21,S001,Compactor,Road,Rain,Thu,0,3
2025-08-21,S002,Excavator,Mining,Sunny,Thu,0,3
2025-08-21,S002,Bulldozer,Mining,Sunny,Thu,0,7
2025-08-21,S002,Crane,Mining,Sunny,Thu,0,3
2025-08-21,S002,Grader,Mining,Sunny,Thu,0,1
2025-08-21,S002,Loader,Mining,Sunny,Thu,0,6
2025-08-21,S002,Compactor,Mining,Sunny,Thu,0,1
2025-08-21,S003,Excavator,Building,Sunny,Thu,0,3
2025-08-21,S003,Bulldozer,Building,Sunny,Thu,0,2
2025-08-21,S003,Crane,Building,Sunny,Thu,0,5
2025-08-21,S003,Grader,Building,Sunny,Thu,0,1
2025-08-21,S003,Loader,Building,Sunny,Thu,0,2
2025-08-21,S003,Compactor,Building,Sunny,Thu,0,1
2025-08-21,S004,Excavator,Highway,Cloudy,Thu,0,5
2025-08-21,S004,Bulldozer,Highway,Cloudy,Thu,0,3
2025-08-21,S004,Crane,Highway,Cloudy,Thu,0,1
2025-08-21,S004,Grader,Highway,Cloudy,Thu,0,5
2025-08-21,S004,Loader,Highway,Cloudy,Thu,0,2
2025-08-21,S004,Compactor,Highway,Cloudy,Thu,0,4
2025-08-21,S005,Excavator,Mining,Sunny,Thu,0,3
2025-08-21,S005,Bulldozer,Mining,Sunny,Thu,0,6
2025-08-21,S005,Crane,Mining,Sunny,Thu,0,2
2025-08-21,S005,Grader,Mining,Sunny,Thu,0,2
2025-08-21,S005,Loader,Mining,Sunny,Thu,0,5
2025-08-21,S005,Compactor,Mining,Sunny,Thu,0,0
2025-08-21,S006,Excavator,Road,Sunny,Thu,0,6
2025-08-21,S006,Bulldozer,Road,Sunny,Thu,0,2
2025-08-21,S006,Crane,Road,Sunny,Thu,0,1
2025-08-21,S006,Grader,Road,Sunny,Thu,0,3
2025-08-21,S006,Loader,Road,Sunny,Thu,0,2
2025-08-21,S006,Compactor,Road,Sunny,Thu,0,3
2025-08-22,S001,Excavator,Road,Cloudy,Fri,0,3
2025-08-22,S001,Bulldozer,Road,Cloudy,Fri,0,1
2025-08-22,S001,Crane,Road,Cloudy,Fri,0,1
2025-08-22,S001,Grader,Road,Cloudy,Fri,0,4
2025-08-22,S001,Loader,Road,Cloudy,Fri,0,2
2025-08-22,S001,Compactor,Road,Cloudy,Fri,0,4
2025-08-22,S002,Excavator,Mining,Rain,Fri,0,2
2025-08-22,S002,Bulldozer,Mining,Rain,Fri,0,2
2025-08-22,S002,Crane,Mining,Rain,Fri,0,1
2025-08-22,S002,Grader,Mining,Rain,Fri,0,0
2025-08-22,S002,Loader,Mining,Rain,Fri,0,2
2025-08-22,S002,Compactor,Mining,Rain,Fri,0,0
2025-08-22,S003,Excavator,Building,Sunny,Fri,0,3
2025-08-22,S003,Bulldozer,Building,Sunny,Fri,0,1
2025-08-22,S003,Crane,Building,Sunny,Fri,0,5
2025-08-22,S003,Grader,Building,Sunny,Fri,0,2
2025-08-22,S003,Loader,Building,Sunny,Fri,0,3
2025-08-22,S003,Compactor,Building,Sunny,Fri,0,1
2025-08-22,S004,Excavator,Highway,Sunny,Fri,0,6
2025-08-22,S004,Bulldozer,Highway,Sunny,Fri,0,3
2025-08-22,S004,Crane,Highway,Sunny,Fri,0,1
2025-08-22,S004,Grader,Highway,Sunny,Fri,0,5
2025-08-22,S004,Loader,Highway,Sunny,Fri,0,4
2025-08-22,S004,Compactor,Highway,Sunny,Fri,0,5
2025-08-22,S005,Excavator,Mining,Sunny,Fri,0,3
2025-08-22,S005,Bulldozer,Mining,Sunny,Fri,0,6
2025-08-22,S005,Crane,Mining,Sunny,Fri,0,1
2025-08-22,S005,Grader,Mining,Sunny,Fri,0,1
2025-08-22,S005,Loader,Mining,Sunny,Fri,0,6
2025-08-22,S005,Compactor,Mining,Sunny,Fri,0,1
2025-08-22,S006,Excavator,Road,Sunny,Fri,0,5
2025-08-22,S006,Bulldozer,Road,Sunny,Fri,0,3
2025-08-22,S006,Crane,Road,Sunny,Fri,0,0
2025-08-22,S006,Grader,Road,Sunny,Fri,0,4
2025-08-22,S006,Loader,Road,Sunny,Fri,0,3
2025-08-22,S006,Compactor,Road,Sunny,Fri,0,4
2025-08-23,S001,Excavator,Road,Sunny,Sat,1,1
2025-08-23,S001,Bulldozer,Road,Sunny,Sat,1,1
2025-08-23,S001,Crane,Road,Sunny,Sat,1,0
2025-08-23,S001,Grader,Road,Sunny,Sat,1,2
2025-08-23,S001,Loader,Road,Sunny,Sat,1,1
2025-08-23,S001,Compactor,Road,Sunny,Sat,1,2
2025-08-23,S002,Excavator,Mining,Sunny,Sat,1,2
2025-08-23,S002,Bulldozer,Mining,Sunny,Sat,1,3
2025-08-23,S002,Crane,Mining,Sunny,Sat,1,2
2025-08-23,S002,Grader,Mining,Sunny,Sat,1,0
2025-08-23,S002,Loader,Mining,Sunny,Sat,1,2
2025-08-23,S002,Compactor,Mining,Sunny,Sat,1,0
2025-08-23,S003,Excavator,Building,Rain,Sat,1,1
2025-08-23,S003,Bulldozer,Building,Rain,Sat,1,0
2025-08-23,S003,Crane,Building,Rain,Sat,1,2
2025-08-23,S003,Grader,Building,Rain,Sat,1,0
2025-08-23,S003,Loader,Building,Rain,Sat,1,0
2025-08-23,S003,Compactor,Building,Rain,Sat,1,1
2025-08-23,S004,Excavator,Highway,Sunny,Sat,1,3
2025-08-23,S004,Bulldozer,Highway,Sunny,Sat,1,1
2025-08-23,S004,Crane,Highway,Sunny,Sat,1,1
2025-08-23,S004,Grader,Highway,Sunny,Sat,1,1
2025-08-23,S004,Loader,Highway,Sunny,Sat,1,0
2025-08-23,S004,Compactor,Highway,Sunny,Sat,1,2
2025-08-23,S005,Excavator,Mining,Sunny,Sat,1,1
2025-08-23,S005,Bulldozer,Mining,Sunny,Sat,1,2
2025-08-23,S005,Crane,Mining,Sunny,Sat,1,1
2025-08-23,S005,Grader,Mining,Sunny,Sat,1,1
2025-08-23,S005,Loader,Mining,Sunny,Sat,1,2
2025-08-23,S005,Compactor,Mining,Sunny,Sat,1,0
2025-08-23,S006,Excavator,Road,Sunny,Sat,1,2
2025-08-23,S006,Bulldozer,Road,Sunny,Sat,1,0
2025-08-23,S006,Crane,Road,Sunny,Sat,1,1
2025-08-23,S006,Grader,Road,Sunny,Sat,1,2
2025-08-23,S006,Loader,Road,Sunny,Sat,1,2
2025-08-23,S006,Compactor,Road,Sunny,Sat,1,2
2025-08-24,S001,Excavator,Road,Rain,Sun,1,2
2025-08-24,S001,Bulldozer,Road,Rain,Sun,1,0
2025-08-24,S001,Crane,Road,Rain,Sun,1,0
2025-08-24,S001,Grader,Road,Rain,Sun,1,0
2025-08-24,S001,Loader,Road,Rain,Sun,1,1
2025-08-24,S001,Compactor,Road,Rain,Sun,1,1
2025-08-24,S002,Excavator,Mining,Rain,Sun,1,1
2025-08-24,S002,Bulldozer,Mining,Rain,Sun,1,1
2025-08-24,S002,Crane,Mining,Rain,Sun,1,1
2025-08-24,S002,Grader,Mining,Rain,Sun,1,0
2025-08-24,S002,Loader,Mining,Rain,Sun,1,0
2025-08-24,S002,Compactor,Mining,Rain,Sun,1,1
2025-08-24,S003,Excavator,Building,Cloudy,Sun,1,1
2025-08-24,S003,Bulldozer,Building,Cloudy,Sun,1,1
2025-08-24,S003,Crane,Building,Cloudy,Sun,1,2
2025-08-24,S003,Grader,Building,Cloudy,Sun,1,0
2025-08-24,S003,Loader,Building,Cloudy,Sun,1,1
2025-08-24,S003,Compactor,Building,Cloudy,Sun,1,1
2025-08-24,S004,Excavator,Highway,Sunny,Sun,1,3
2025-08-24,S004,Bulldozer,Highway,Sunny,Sun,1,1
2025-08-24,S004,Crane,Highway,Sunny,Sun,1,1
2025-08-24,S004,Grader,Highway,Sunny,Sun,1,1
2025-08-24,S004,Loader,Highway,Sunny,Sun,1,1
2025-08-24,S004,Compactor,Highway,Sunny,Sun,1,3
2025-08-24,S005,Excavator,Mining,Sunny,Sun,1,2
2025-08-24,S005,Bulldozer,Mining,Sunny,Sun,1,2
2025-08-24,S005,Crane,Mining,Sunny,Sun,1,1
2025-08-24,S005,Grader,Mining,Sunny,Sun,1,0
2025-08-24,S005,Loader,Mining,Sunny,Sun,1,1
2025-08-24,S005,Compactor,Mining,Sunny,Sun,1,1
2025-08-24,S006,Excavator,Road,Cloudy,Sun,1,3
2025-08-24,S006,Bulldozer,Road,Cloudy,Sun,1,0
2025-08-24,S006,Crane,Road,Cloudy,Sun,1,0
2025-08-24,S006,Grader,Road,Cloudy,Sun,1,1
2025-08-24,S006,Loader,Road,Cloudy,Sun,1,2
2025-08-24,S006,Compactor,Road,Cloudy,Sun,1,1
2025-08-25,S001,Excavator,Road,Cloudy,Mon,0,5
2025-08-25,S001,Bulldozer,Road,Cloudy,Mon,0,2
2025-08-25,S001,Crane,Road,Cloudy,Mon,0,0
2025-08-25,S001,Grader,Road,Cloudy,Mon,0,3
2025-08-25,S001,Loader,Road,Cloudy,Mon,0,2
2025-08-25,S001,Compactor,Road,Cloudy,Mon,0,3
2025-08-25,S002,Excavator,Mining,Cloudy,Mon,0,2
2025-08-25,S002,Bulldozer,Mining,Cloudy,Mon,0,4
2025-08-25,S002,Crane,Mining,Cloudy,Mon,0,2
2025-08-25,S002,Grader,Mining,Cloudy,Mon,0,2
2025-08-25,S002,Loader,Mining,Cloudy,Mon,0,5
2025-08-25,S002,Compactor,Mining,Cloudy,Mon,0,0
2025-08-25,S003,Excavator,Building,Sunny,Mon,0,1
2025-08-25,S003,Bulldozer,Building,Sunny,Mon,0,2
2025-08-25,S003,Crane,Building,Sunny,Mon,0,5
2025-08-25,S003,Grader,Building,Sunny,Mon,0,1
2025-08-25,S003,Loader,Building,Sunny,Mon,0,3
2025-08-25,S003,Compactor,Building,Sunny,Mon,0,2
2025-08-25,S004,Excavator,Highway,Sunny,Mon,0,6
2025-08-25,S004,Bulldozer,Highway,Sunny,Mon,0,3
2025-08-25,S004,Crane,Highway,Sunny,Mon,0,1
2025-08-25,S004,Grader,Highway,Sunny,Mon,0,5
2025-08-25,S004,Loader,Highway,Sunny,Mon,0,3
2025-08-25,S004,Compactor,Highway,Sunny,Mon,0,5
2025-08-25,S005,Excavator,Mining,Sunny,Mon,0,4
2025-08-25,S005,Bulldozer,Mining,Sunny,Mon,0,6
2025-08-25,S005,Crane,Mining,Sunny,Mon,0,2
2025-08-25,S005,Grader,Mining,Sunny,Mon,0,1
2025-08-25,S005,Loader,Mining,Sunny,Mon,0,5
2025-08-25,S005,Compactor,Mining,Sunny,Mon,0,1
2025-08-25,S006,Excavator,Road,Sunny,Mon,0,5
2025-08-25,S006,Bulldozer,Road,Sunny,Mon,0,2
2025-08-25,S006,Crane,Road,Sunny,Mon,0,0
2025-08-25,S006,Grader,Road,Sunny,Mon,0,5
2025-08-25,S006,Loader,Road,Sunny,Mon,0,3
2025-08-25,S006,Compactor,Road,Sunny,Mon,0,4
2025-08-26,S001,Excavator,Road,Rain,Tue,0,2
2025-08-26,S001,Bulldozer,Road,Rain,Tue,0,0
2025-08-26,S001,Crane,Road,Rain,Tue,0,1
2025-08-26,S001,Grader,Road,Rain,Tue,0,1
2025-08-26,S001,Loader,Road,Rain,Tue,0,2
2025-08-26,S001,Compactor,Road,Rain,Tue,0,2
2025-08-26,S002,Excavator,Mining,Cloudy,Tue,0,3
2025-08-26,S002,Bulldozer,Mining,Cloudy,Tue,0,5
2025-08-26,S002,Crane,Mining,Cloudy,Tue,0,1
2025-08-26,S002,Grader,Mining,Cloudy,Tue,0,1
2025-08-26,S002,Loader,Mining,Cloudy,Tue,0,5
2025-08-26,S002,Compactor,Mining,Cloudy,Tue,0,1
2025-08-26,S003,Excavator,Building,Rain,Tue,0,2
2025-08-26,S003,Bulldozer,Building,Rain,Tue,0,1
2025-08-26,S003,Crane,Building,Rain,Tue,0,3
2025-08-26,S003,Grader,Building,Rain,Tue,0,1
2025-08-26,S003,Loader,Building,Rain,Tue,0,1
2025-08-26,S003,Compactor,Building,Rain,Tue,0,1
2025-08-26,S004,Excavator,Highway,Sunny,Tue,0,6
2025-08-26,S004,Bulldozer,Highway,Sunny,Tue,0,4
2025-08-26,S004,Crane,Highway,Sunny,Tue,0,1
2025-08-26,S004,Grader,Highway,Sunny,Tue,0,5
2025-08-26,S004,Loader,Highway,Sunny,Tue,0,2
2025-08-26,S004,Compactor,Highway,Sunny,Tue,0,5
2025-08-26,S005,Excavator,Mining,Cloudy,Tue,0,2
2025-08-26,S005,Bulldozer,Mining,Cloudy,Tue,0,6
2025-08-26,S005,Crane,Mining,Cloudy,Tue,0,1
2025-08-26,S005,Grader,Mining,Cloudy,Tue,0,1
2025-08-26,S005,Loader,Mining,Cloudy,Tue,0,4
2025-08-26,S005,Compactor,Mining,Cloudy,Tue,0,1
2025-08-26,S006,Excavator,Road,Cloudy,Tue,0,3
2025-08-26,S006,Bulldozer,Road,Cloudy,Tue,0,2
2025-08-26,S006,Crane,Road,Cloudy,Tue,0,1
2025-08-26,S006,Grader,Road,Cloudy,Tue,0,3
2025-08-26,S006,Loader,Road,Cloudy,Tue,0,2
2025-08-26,S006,Compactor,Road,Cloudy,Tue,0,4
2025-08-27,S001,Excavator,Road,Rain,Wed,0,2
2025-08-27,S001,Bulldozer,Road,Rain,Wed,0,0
2025-08-27,S001,Crane,Road,Rain,Wed,0,0
2025-08-27,S001,Grader,Road,Rain,Wed,0,2
2025-08-27,S001,Loader,Road,Rain,Wed,0,1
2025-08-27,S001,Compactor,Road,Rain,Wed,0,3
2025-08-27,S002,Excavator,Mining,Rain,Wed,0,1
2025-08-27,S002,Bulldozer,Mining,Rain,Wed,0,3
2025-08-27,S002,Crane,Mining,Rain,Wed,0,0
2025-08-27,S002,Grader,Mining,Rain,Wed,0,1
2025-08-27,S002,Loader,Mining,Rain,Wed,0,3
2025-08-27,S002,Compactor,Mining,Rain,Wed,0,0
2025-08-27,S003,Excavator,Building,Rain,Wed,0,0
2025-08-27,S003,Bulldozer,Building,Rain,Wed,0,1
2025-08-27,S003,Crane,Building,Rain,Wed,0,3
2025-08-27,S003,Grader,Building,Rain,Wed,0,1
2025-08-27,S003,Loader,Building,Rain,Wed,0,1
2025-08-27,S003,Compactor,Building,Rain,Wed,0,0
2025-08-27,S004,Excavator,Highway,Rain,Wed,0,3
2025-08-27,S004,Bulldozer,Highway,Rain,Wed,0,1
2025-08-27,S004,Crane,Highway,Rain,Wed,0,1
2025-08-27,S004,Grader,Highway,Rain,Wed,0,3
2025-08-27,S004,Loader,Highway,Rain,Wed,0,2
2025-08-27,S004,Compactor,Highway,Rain,Wed,0,2
2025-08-27,S005,Excavator,Mining,Cloudy,Wed,0,3
2025-08-27,S005,Bulldozer,Mining,Cloudy,Wed,0,5
2025-08-27,S005,Crane,Mining,Cloudy,Wed,0,3
2025-08-27,S005,Grader,Mining,Cloudy,Wed,0,2
2025-08-27,S005,Loader,Mining,Cloudy,Wed,0,4
2025-08-27,S005,Compactor,Mining,Cloudy,Wed,0,0
2025-08-27,S006,Excavator,Road,Sunny,Wed,0,5
2025-08-27,S006,Bulldozer,Road,Sunny,Wed,0,1
2025-08-27,S006,Crane,Road,Sunny,Wed,0,0
2025-08-27,S006,Grader,Road,Sunny,Wed,0,4
2025-08-27,S006,Loader,Road,Sunny,Wed,0,2
2025-08-27,S006,Compactor,Road,Sunny,Wed,0,4
2025-08-28,S001,Excavator,Road,Sunny,Thu,0,5
2025-08-28,S001,Bulldozer,Road,Sunny,Thu,0,2
2025-08-28,S001,Crane,Road,Sunny,Thu,0,1
2025-08-28,S001,Grader,Road,Sunny,Thu,0,3
2025-08-28,S001,Loader,Road,Sunny,Thu,0,2
2025-08-28,S001,Compactor,Road,Sunny,Thu,0,5
2025-08-28,S002,Excavator,Mining,Sunny,Thu,0,3
2025-08-28,S002,Bulldozer,Mining,Sunny,Thu,0,7
2025-08-28,S002,Crane,Mining,Sunny,Thu,0,2
2025-08-28,S002,Grader,Mining,Sunny,Thu,0,1
2025-08-28,S002,Loader,Mining,Sunny,Thu,0,4
2025-08-28,S002,Compactor,Mining,Sunny,Thu,0,1
2025-08-28,S003,Excavator,Building,Cloudy,Thu,0,2
2025-08-28,S003,Bulldozer,Building,Cloudy,Thu,0,1
2025-08-28,S003,Crane,Building,Cloudy,Thu,0,5
2025-08-28,S003,Grader,Building,Cloudy,Thu,0,0
2025-08-28,S003,Loader,Building,Cloudy,Thu,0,1
2025-08-28,S003,Compactor,Building,Cloudy,Thu,0,1
2025-08-28,S004,Excavator,Highway,Rain,Thu,0,3
2025-08-28,S004,Bulldozer,Highway,Rain,Thu,0,1
2025-08-28,S004,Crane,Highway,Rain,Thu,0,1
2025-08-28,S004,Grader,Highway,Rain,Thu,0,2
2025-08-28,S004,Loader,Highway,Rain,Thu,0,2
2025-08-28,S004,Compactor,Highway,Rain,Thu,0,2
2025-08-28,S005,Excavator,Mining,Sunny,Thu,0,4
2025-08-28,S005,Bulldozer,Mining,Sunny,Thu,0,5
2025-08-28,S005,Crane,Mining,Sunny,Thu,0,3
2025-08-28,S005,Grader,Mining,Sunny,Thu,0,2
2025-08-28,S005,Loader,Mining,Sunny,Thu,0,5
2025-08-28,S005,Compactor,Mining,Sunny,Thu,0,1
2025-08-28,S006,Excavator,Road,Sunny,Thu,0,4
2025-08-28,S006,Bulldozer,Road,Sunny,Thu,0,2
2025-08-28,S006,Crane,Road,Sunny,Thu,0,1
2025-08-28,S006,Grader,Road,Sunny,Thu,0,4
2025-08-28,S006,Loader,Road,Sunny,Thu,0,3
2025-08-28,S006,Compactor,Road,Sunny,Thu,0,4
2025-08-29,S001,Excavator,Road,Sunny,Fri,0,6
2025-08-29,S001,Bulldozer,Road,Sunny,Fri,0,2
2025-08-29,S001,Crane,Road,Sunny,Fri,0,0
2025-08-29,S001,Grader,Road,Sunny,Fri,0,5
2025-08-29,S001,Loader,Road,Sunny,Fri,0,2
2025-08-29,S001,Compactor,Road,Sunny,Fri,0,3
2025-08-29,S002,Excavator,Mining,Sunny,Fri,0,3
2025-08-29,S002,Bulldozer,Mining,Sunny,Fri,0,7
2025-08-29,S002,Crane,Mining,Sunny,Fri,0,1
2025-08-29,S002,Grader,Mining,Sunny,Fri,0,2
2025-08-29,S002,Loader,Mining,Sunny,Fri,0,5
2025-08-29,S002,Compactor,Mining,Sunny,Fri,0,2
2025-08-29,S003,Excavator,Building,Sunny,Fri,0,2
2025-08-29,S003,Bulldozer,Building,Sunny,Fri,0,0
2025-08-29,S003,Crane,Building,Sunny,Fri,0,5
2025-08-29,S003,Grader,Building,Sunny,Fri,0,2
2025-08-29,S003,Loader,Building,Sunny,Fri,0,2
2025-08-29,S003,Compactor,Building,Sunny,Fri,0,3
2025-08-29,S004,Excavator,Highway,Cloudy,Fri,0,5
2025-08-29,S004,Bulldozer,Highway,Cloudy,Fri,0,2
2025-08-29,S004,Crane,Highway,Cloudy,Fri,0,1
2025-08-29,S004,Grader,Highway,Cloudy,Fri,0,5
2025-08-29,S004,Loader,Highway,Cloudy,Fri,0,2
2025-08-29,S004,Compactor,Highway,Cloudy,Fri,0,4
2025-08-29,S005,Excavator,Mining,Sunny,Fri,0,3
2025-08-29,S005,Bulldozer,Mining,Sunny,Fri,0,6
2025-08-29,S005,Crane,Mining,Sunny,Fri,0,1
2025-08-29,S005,Grader,Mining,Sunny,Fri,0,1
2025-08-29,S005,Loader,Mining,Sunny,Fri,0,5
2025-08-29,S005,Compactor,Mining,Sunny,Fri,0,0
2025-08-29,S006,Excavator,Road,Cloudy,Fri,0,5
2025-08-29,S006,Bulldozer,Road,Cloudy,Fri,0,2
2025-08-29,S006,Crane,Road,Cloudy,Fri,0,0
2025-08-29,S006,Grader,Road,Cloudy,Fri,0,4
2025-08-29,S006,Loader,Road,Cloudy,Fri,0,2
2025-08-29,S006,Compactor,Road,Cloudy,Fri,0,3
2025-08-30,S001,Excavator,Road,Rain,Sat,1,1
2025-08-30,S001,Bulldozer,Road,Rain,Sat,1,0
2025-08-30,S001,Crane,Road,Rain,Sat,1,0
2025-08-30,S001,Grader,Road,Rain,Sat,1,1
2025-08-30,S001,Loader,Road,Rain,Sat,1,1
2025-08-30,S001,Compactor,Road,Rain,Sat,1,1
2025-08-30,S002,Excavator,Mining,Sunny,Sat,1,1
2025-08-30,S002,Bulldozer,Mining,Sunny,Sat,1,2
2025-08-30,S002,Crane,Mining,Sunny,Sat,1,1
2025-08-30,S002,Grader,Mining,Sunny,Sat,1,0
2025-08-30,S002,Loader,Mining,Sunny,Sat,1,2
2025-08-30,S002,Compactor,Mining,Sunny,Sat,1,0
2025-08-30,S003,Excavator,Building,Sunny,Sat,1,0
2025-08-30,S003,Bulldozer,Building,Sunny,Sat,1,0
2025-08-30,S003,Crane,Building,Sunny,Sat,1,1
2025-08-30,S003,Grader,Building,Sunny,Sat,1,0
2025-08-30,S003,Loader,Building,Sunny,Sat,1,1
2025-08-30,S003,Compactor,Building,Sunny,Sat,1,1
2025-08-30,S004,Excavator,Highway,Cloudy,Sat,1,2
2025-08-30,S004,Bulldozer,Highway,Cloudy,Sat,1,2
2025-08-30,S004,Crane,Highway,Cloudy,Sat,1,0
2025-08-30,S004,Grader,Highway,Cloudy,Sat,1,2
2025-08-30,S004,Loader,Highway,Cloudy,Sat,1,2
2025-08-30,S004,Compactor,Highway,Cloudy,Sat,1,2
2025-08-30,S005,Excavator,Mining,Cloudy,Sat,1,1
2025-08-30,S005,Bulldozer,Mining,Cloudy,Sat,1,2
2025-08-30,S005,Crane,Mining,Cloudy,Sat,1,0
2025-08-30,S005,Grader,Mining,Cloudy,Sat,1,0
2025-08-30,S005,Loader,Mining,Cloudy,Sat,1,2
2025-08-30,S005,Compactor,Mining,Cloudy,Sat,1,1
2025-08-30,S006,Excavator,Road,Cloudy,Sat,1,2
2025-08-30,S006,Bulldozer,Road,Cloudy,Sat,1,2
2025-08-30,S006,Crane,Road,Cloudy,Sat,1,0
2025-08-30,S006,Grader,Road,Cloudy,Sat,1,0
2025-08-30,S006,Loader,Road,Cloudy,Sat,1,1
2025-08-30,S006,Compactor,Road,Cloudy,Sat,1,1
2025-08-31,S001,Excavator,Road,Cloudy,Sun,1,1
2025-08-31,S001,Bulldozer,Road,Cloudy,Sun,1,0
2025-08-31,S001,Crane,Road,Cloudy,Sun,1,1
2025-08-31,S001,Grader,Road,Cloudy,Sun,1,1
2025-08-31,S001,Loader,Road,Cloudy,Sun,1,2
2025-08-31,S001,Compactor,Road,Cloudy,Sun,1,1
2025-08-31,S002,Excavator,Mining,Sunny,Sun,1,1
2025-08-31,S002,Bulldozer,Mining,Sunny,Sun,1,3
2025-08-31,S002,Crane,Mining,Sunny,Sun,1,0
2025-08-31,S002,Grader,Mining,Sunny,Sun,1,1
2025-08-31,S002,Loader,Mining,Sunny,Sun,1,1
2025-08-31,S002,Compactor,Mining,Sunny,Sun,1,0
2025-08-31,S003,Excavator,Building,Sunny,Sun,1,1
2025-08-31,S003,Bulldozer,Building,Sunny,Sun,1,1
2025-08-31,S003,Crane,Building,Sunny,Sun,1,3
2025-08-31,S003,Grader,Building,Sunny,Sun,1,0
2025-08-31,S003,Loader,Building,Sunny,Sun,1,0
2025-08-31,S003,Compactor,Building,Sunny,Sun,1,1
2025-08-31,S004,Excavator,Highway,Sunny,Sun,1,2
2025-08-31,S004,Bulldozer,Highway,Sunny,Sun,1,1
2025-08-31,S004,Crane,Highway,Sunny,Sun,1,1
2025-08-31,S004,Grader,Highway,Sunny,Sun,1,2
2025-08-31,S004,Loader,Highway,Sunny,Sun,1,2
2025-08-31,S004,Compactor,Highway,Sunny,Sun,1,2
2025-08-31,S005,Excavator,Mining,Sunny,Sun,1,2
2025-08-31,S005,Bulldozer,Mining,Sunny,Sun,1,2
2025-08-31,S005,Crane,Mining,Sunny,Sun,1,0
2025-08-31,S005,Grader,Mining,Sunny,Sun,1,0
2025-08-31,S005,Loader,Mining,Sunny,Sun,1,2
2025-08-31,S005,Compactor,Mining,Sunny,Sun,1,1
2025-08-31,S006,Excavator,Road,Sunny,Sun,1,1
2025-08-31,S006,Bulldozer,Road,Sunny,Sun,1,1
2025-08-31,S006,Crane,Road,Sunny,Sun,1,0
2025-08-31,S006,Grader,Road,Sunny,Sun,1,2
2025-08-31,S006,Loader,Road,Sunny,Sun,1,2
2025-08-31,S006,Compactor,Road,Sunny,Sun,1,1
2025-09-01,S001,Excavator,Road,Sunny,Mon,0,6
2025-09-01,S001,Bulldozer,Road,Sunny,Mon,0,3
2025-09-01,S001,Crane,Road,Sunny,Mon,0,0
2025-09-01,S001,Grader,Road,Sunny,Mon,0,3
2025-09-01,S001,Loader,Road,Sunny,Mon,0,3
2025-09-01,S001,Compactor,Road,Sunny,Mon,0,5
2025-09-01,S002,Excavator,Mining,Sunny,Mon,0,4
2025-09-01,S002,Bulldozer,Mining,Sunny,Mon,0,5
2025-09-01,S002,Crane,Mining,Sunny,Mon,0,3
2025-09-01,S002,Grader,Mining,Sunny,Mon,0,0
2025-09-01,S002,Loader,Mining,Sunny,Mon,0,5
2025-09-01,S002,Compactor,Mining,Sunny,Mon,0,2
2025-09-01,S003,Excavator,Building,Rain,Mon,0,2
2025-09-01,S003,Bulldozer,Building,Rain,Mon,0,0
2025-09-01,S003,Crane,Building,Rain,Mon,0,3
2025-09-01,S003,Grader,Building,Rain,Mon,0,1
2025-09-01,S003,Loader,Building,Rain,Mon,0,1
2025-09-01,S003,Compactor,Building,Rain,Mon,0,2
2025-09-01,S004,Excavator,Highway,Cloudy,Mon,0,4
2025-09-01,S004,Bulldozer,Highway,Cloudy,Mon,0,2
2025-09-01,S004,Crane,Highway,Cloudy,Mon,0,1
2025-09-01,S004,Grader,Highway,Cloudy,Mon,0,4
2025-09-01,S004,Loader,Highway,Cloudy,Mon,0,3
2025-09-01,S004,Compactor,Highway,Cloudy,Mon,0,4
2025-09-01,S005,Excavator,Mining,Sunny,Mon,0,2
2025-09-01,S005,Bulldozer,Mining,Sunny,Mon,0,6
2025-09-01,S005,Crane,Mining,Sunny,Mon,0,3
2025-09-01,S005,Grader,Mining,Sunny,Mon,0,1
2025-09-01,S005,Loader,Mining,Sunny,Mon,0,6
2025-09-01,S005,Compactor,Mining,Sunny,Mon,0,2
2025-09-01,S006,Excavator,Road,Sunny,Mon,0,5
2025-09-01,S006,Bulldozer,Road,Sunny,Mon,0,1
2025-09-01,S006,Crane,Road,Sunny,Mon,0,0
2025-09-01,S006,Grader,Road,Sunny,Mon,0,5
2025-09-01,S006,Loader,Road,Sunny,Mon,0,4
2025-09-01,S006,Compactor,Road,Sunny,Mon,0,5
2025-09-02,S001,Excavator,Road,Sunny,Tue,0,6
2025-09-02,S001,Bulldozer,Road,Sunny,Tue,0,2
2025-09-02,S001,Crane,Road,Sunny,Tue,0,1
2025-09-02,S001,Grader,Road,Sunny,Tue,0,5
2025-09-02,S001,Loader,Road,Sunny,Tue,0,4
2025-09-02,S001,Compactor,Road,Sunny,Tue,0,4
2025-09-02,S002,Excavator,Mining,Sunny,Tue,0,2
2025-09-02,S002,Bulldozer,Mining,Sunny,Tue,0,5
2025-09-02,S002,Crane,Mining,Sunny,Tue,0,2
2025-09-02,S002,Grader,Mining,Sunny,Tue,0,0
2025-09-02,S002,Loader,Mining,Sunny,Tue,0,5
2025-09-02,S002,Compactor,Mining,Sunny,Tue,0,1
2025-09-02,S003,Excavator,Building,Sunny,Tue,0,3
2025-09-02,S003,Bulldozer,Building,Sunny,Tue,0,1
2025-09-02,S003,Crane,Building,Sunny,Tue,0,4
2025-09-02,S003,Grader,Building,Sunny,Tue,0,0
2025-09-02,S003,Loader,Building,Sunny,Tue,0,2
2025-09-02,S003,Compactor,Building,Sunny,Tue,0,1
2025-09-02,S004,Excavator,Highway,Sunny,Tue,0,4
2025-09-02,S004,Bulldozer,Highway,Sunny,Tue,0,3
2025-09-02,S004,Crane,Highway,Sunny,Tue,0,1
2025-09-02,S004,Grader,Highway,Sunny,Tue,0,5
2025-09-02,S004,Loader,Highway,Sunny,Tue,0,2
2025-09-02,S004,Compactor,Highway,Sunny,Tue,0,6
2025-09-02,S005,Excavator,Mining,Cloudy,Tue,0,3
2025-09-02,S005,Bulldozer,Mining,Cloudy,Tue,0,6
2025-09-02,S005,Crane,Mining,Cloudy,Tue,0,3
2025-09-02,S005,Grader,Mining,Cloudy,Tue,0,1
2025-09-02,S005,Loader,Mining,Cloudy,Tue,0,4
2025-09-02,S005,Compactor,Mining,Cloudy,Tue,0,1
2025-09-02,S006,Excavator,Road,Cloudy,Tue,0,4
2025-09-02,S006,Bulldozer,Road,Cloudy,Tue,0,1
2025-09-02,S006,Crane,Road,Cloudy,Tue,0,1
2025-09-02,S006,Grader,Road,Cloudy,Tue,0,3
2025-09-02,S006,Loader,Road,Cloudy,Tue,0,4
2025-09-02,S006,Compactor,Road,Cloudy,Tue,0,3
2025-09-03,S001,Excavator,Road,Sunny,Wed,0,5
2025-09-03,S001,Bulldozer,Road,Sunny,Wed,0,3
2025-09-03,S001,Crane,Road,Sunny,Wed,0,0
2025-09-03,S001,Grader,Road,Sunny,Wed,0,4
2025-09-03,S001,Loader,Road,Sunny,Wed,0,3
2025-09-03,S001,Compactor,Road,Sunny,Wed,0,5
2025-09-03,S002,Excavator,Mining,Sunny,Wed,0,3
2025-09-03,S002,Bulldozer,Mining,Sunny,Wed,0,7
2025-09-03,S002,Crane,Mining,Sunny,Wed,0,3
2025-09-03,S002,Grader,Mining,Sunny,Wed,0,1
2025-09-03,S002,Loader,Mining,Sunny,Wed,0,5
2025-09-03,S002,Compactor,Mining,Sunny,Wed,0,1
2025-09-03,S003,Excavator,Building,Rain,Wed,0,1
2025-09-03,S003,Bulldozer,Building,Rain,Wed,0,1
2025-09-03,S003,Crane,Building,Rain,Wed,0,2
2025-09-03,S003,Grader,Building,Rain,Wed,0,1
2025-09-03,S003,Loader,Building,Rain,Wed,0,1
2025-09-03,S003,Compactor,Building,Rain,Wed,0,0
2025-09-03,S004,Excavator,Highway,Sunny,Wed,0,5
2025-09-03,S004,Bulldozer,Highway,Sunny,Wed,0,2
2025-09-03,S004,Crane,Highway,Sunny,Wed,0,1
2025-09-03,S004,Grader,Highway,Sunny,Wed,0,5
2025-09-03,S004,Loader,Highway,Sunny,Wed,0,3
2025-09-03,S004,Compactor,Highway,Sunny,Wed,0,5
2025-09-03,S005,Excavator,Mining,Cloudy,Wed,0,3
2025-09-03,S005,Bulldozer,Mining,Cloudy,Wed,0,5
2025-09-03,S005,Crane,Mining,Cloudy,Wed,0,2
2025-09-03,S005,Grader,Mining,Cloudy,Wed,0,1
2025-09-03,S005,Loader,Mining,Cloudy,Wed,0,5
2025-09-03,S005,Compactor,Mining,Cloudy,Wed,0,1
2025-09-03,S006,Excavator,Road,Sunny,Wed,0,5
2025-09-03,S006,Bulldozer,Road,Sunny,Wed,0,1
2025-09-03,S006,Crane,Road,Sunny,Wed,0,0
2025-09-03,S006,Grader,Road,Sunny,Wed,0,3
2025-09-03,S006,Loader,Road,Sunny,Wed,0,3
2025-09-03,S006,Compactor,Road,Sunny,Wed,0,3
2025-09-04,S001,Excavator,Road,Sunny,Thu,0,5
2025-09-04,S001,Bulldozer,Road,Sunny,Thu,0,1
2025-09-04,S001,Crane,Road,Sunny,Thu,0,2
2025-09-04,S001,Grader,Road,Sunny,Thu,0,4
2025-09-04,S001,Loader,Road,Sunny,Thu,0,3
2025-09-04,S001,Compactor,Road,Sunny,Thu,0,4
2025-09-04,S002,Excavator,Mining,Cloudy,Thu,0,3
2025-09-04,S002,Bulldozer,Mining,Cloudy,Thu,0,4
2025-09-04,S002,Crane,Mining,Cloudy,Thu,0,2
2025-09-04,S002,Grader,Mining,Cloudy,Thu,0,0
2025-09-04,S002,Loader,Mining,Cloudy,Thu,0,5
2025-09-04,S002,Compactor,Mining,Cloudy,Thu,0,1
2025-09-04,S003,Excavator,Building,Sunny,Thu,0,1
2025-09-04,S003,Bulldozer,Building,Sunny,Thu,0,2
2025-09-04,S003,Crane,Building,Sunny,Thu,0,4
2025-09-04,S003,Grader,Building,Sunny,Thu,0,1
2025-09-04,S003,Loader,Building,Sunny,Thu,0,3
2025-09-04,S003,Compactor,Building,Sunny,Thu,0,1
2025-09-04,S004,Excavator,Highway,Sunny,Thu,0,5
2025-09-04,S004,Bulldozer,Highway,Sunny,Thu,0,3
2025-09-04,S004,Crane,Highway,Sunny,Thu,0,2
2025-09-04,S004,Grader,Highway,Sunny,Thu,0,6
2025-09-04,S004,Loader,Highway,Sunny,Thu,0,3
2025-09-04,S004,Compactor,Highway,Sunny,Thu,0,4
2025-09-04,S005,Excavator,Mining,Sunny,Thu,0,2
2025-09-04,S005,Bulldozer,Mining,Sunny,Thu,0,6
2025-09-04,S005,Crane,Mining,Sunny,Thu,0,2
2025-09-04,S005,Grader,Mining,Sunny,Thu,0,2
2025-09-04,S005,Loader,Mining,Sunny,Thu,0,4
2025-09-04,S005,Compactor,Mining,Sunny,Thu,0,1
2025-09-04,S006,Excavator,Road,Cloudy,Thu,0,4
2025-09-04,S006,Bulldozer,Road,Cloudy,Thu,0,1
2025-09-04,S006,Crane,Road,Cloudy,Thu,0,0
2025-09-04,S006,Grader,Road,Cloudy,Thu,0,3
2025-09-04,S006,Loader,Road,Cloudy,Thu,0,2
2025-09-04,S006,Compactor,Road,Cloudy,Thu,0,4
2025-09-05,S001,Excavator,Road,Sunny,Fri,0,5
2025-09-05,S001,Bulldozer,Road,Sunny,Fri,0,3
2025-09-05,S001,Crane,Road,Sunny,Fri,0,0
2025-09-05,S001,Grader,Road,Sunny,Fri,0,4
2025-09-05,S001,Loader,Road,Sunny,Fri,0,3
2025-09-05,S001,Compactor,Road,Sunny,Fri,0,4
2025-09-05,S002,Excavator,Mining,Rain,Fri,0,2
2025-09-05,S002,Bulldozer,Mining,Rain,Fri,0,3
2025-09-05,S002,Crane,Mining,Rain,Fri,0,1
2025-09-05,S002,Grader,Mining,Rain,Fri,0,1
2025-09-05,S002,Loader,Mining,Rain,Fri,0,2
2025-09-05,S002,Compactor,Mining,Rain,Fri,0,1
2025-09-05,S003,Excavator,Building,Sunny,Fri,0,2
2025-09-05,S003,Bulldozer,Building,Sunny,Fri,0,1
2025-09-05,S003,Crane,Building,Sunny,Fri,0,5
2025-09-05,S003,Grader,Building,Sunny,Fri,0,1
2025-09-05,S003,Loader,Building,Sunny,Fri,0,2
2025-09-05,S003,Compactor,Building,Sunny,Fri,0,2
2025-09-05,S004,Excavator,Highway,Cloudy,Fri,0,4
2025-09-05,S004,Bulldozer,Highway,Cloudy,Fri,0,3
2025-09-05,S004,Crane,Highway,Cloudy,Fri,0,2
2025-09-05,S004,Grader,Highway,Cloudy,Fri,0,5
2025-09-05,S004,Loader,Highway,Cloudy,Fri,0,3
2025-09-05,S004,Compactor,Highway,Cloudy,Fri,0,4
2025-09-05,S005,Excavator,Mining,Sunny,Fri,0,3
2025-09-05,S005,Bulldozer,Mining,Sunny,Fri,0,6
2025-09-05,S005,Crane,Mining,Sunny,Fri,0,2
2025-09-05,S005,Grader,Mining,Sunny,Fri,0,1
2025-09-05,S005,Loader,Mining,Sunny,Fri,0,5
2025-09-05,S005,Compactor,Mining,Sunny,Fri,0,1
2025-09-05,S006,Excavator,Road,Sunny,Fri,0,5
2025-09-05,S006,Bulldozer,Road,Sunny,Fri,0,2
2025-09-05,S006,Crane,Road,Sunny,Fri,0,0
2025-09-05,S006,Grader,Road,Sunny,Fri,0,3
2025-09-05,S006,Loader,Road,Sunny,Fri,0,2
2025-09-05,S006,Compactor,Road,Sunny,Fri,0,4
2025-09-06,S001,Excavator,Road,Rain,Sat,1,1
2025-09-06,S001,Bulldozer,Road,Rain,Sat,1,1
2025-09-06,S001,Crane,Road,Rain,Sat,1,0
2025-09-06,S001,Grader,Road,Rain,Sat,1,0
2025-09-06,S001,Loader,Road,Rain,Sat,1,0
2025-09-06,S001,Compactor,Road,Rain,Sat,1,1
2025-09-06,S002,Excavator,Mining,Cloudy,Sat,1,1
2025-09-06,S002,Bulldozer,Mining,Cloudy,Sat,1,2
2025-09-06,S002,Crane,Mining,Cloudy,Sat,1,0
2025-09-06,S002,Grader,Mining,Cloudy,Sat,1,0
2025-09-06,S002,Loader,Mining,Cloudy,Sat,1,2
2025-09-06,S002,Compactor,Mining,Cloudy,Sat,1,1
2025-09-06,S003,Excavator,Building,Sunny,Sat,1,0
2025-09-06,S003,Bulldozer,Building,Sunny,Sat,1,0
2025-09-06,S003,Crane,Building,Sunny,Sat,1,2
2025-09-06,S003,Grader,Building,Sunny,Sat,1,1
2025-09-06,S003,Loader,Building,Sunny,Sat,1,1
2025-09-06,S003,Compactor,Building,Sunny,Sat,1,2
2025-09-06,S004,Excavator,Highway,Sunny,Sat,1,1
2025-09-06,S004,Bulldozer,Highway,Sunny,Sat,1,1
2025-09-06,S004,Crane,Highway,Sunny,Sat,1,1
2025-09-06,S004,Grader,Highway,Sunny,Sat,1,2
2025-09-06,S004,Loader,Highway,Sunny,Sat,1,0
2025-09-06,S004,Compactor,Highway,Sunny,Sat,1,2
2025-09-06,S005,Excavator,Mining,Sunny,Sat,1,1
2025-09-06,S005,Bulldozer,Mining,Sunny,Sat,1,1
2025-09-06,S005,Crane,Mining,Sunny,Sat,1,2
2025-09-06,S005,Grader,Mining,Sunny,Sat,1,0
2025-09-06,S005,Loader,Mining,Sunny,Sat,1,2
2025-09-06,S005,Compactor,Mining,Sunny,Sat,1,0
2025-09-06,S006,Excavator,Road,Sunny,Sat,1,3
2025-09-06,S006,Bulldozer,Road,Sunny,Sat,1,1
2025-09-06,S006,Crane,Road,Sunny,Sat,1,1
2025-09-06,S006,Grader,Road,Sunny,Sat,1,2
2025-09-06,S006,Loader,Road,Sunny,Sat,1,2
2025-09-06,S006,Compactor,Road,Sunny,Sat,1,1
2025-09-07,S001,Excavator,Road,Sunny,Sun,1,2
2025-09-07,S001,Bulldozer,Road,Sunny,Sun,1,1
2025-09-07,S001,Crane,Road,Sunny,Sun,1,0
2025-09-07,S001,Grader,Road,Sunny,Sun,1,1
2025-09-07,S001,Loader,Road,Sunny,Sun,1,2
2025-09-07,S001,Compactor,Road,Sunny,Sun,1,2
2025-09-07,S002,Excavator,Mining,Sunny,Sun,1,1
2025-09-07,S002,Bulldozer,Mining,Sunny,Sun,1,3
2025-09-07,S002,Crane,Mining,Sunny,Sun,1,0
2025-09-07,S002,Grader,Mining,Sunny,Sun,1,1
2025-09-07,S002,Loader,Mining,Sunny,Sun,1,1
2025-09-07,S002,Compactor,Mining,Sunny,Sun,1,1
2025-09-07,S003,Excavator,Building,Cloudy,Sun,1,2
2025-09-07,S003,Bulldozer,Building,Cloudy,Sun,1,0
2025-09-07,S003,Crane,Building,Cloudy,Sun,1,2
2025-09-07,S003,Grader,Building,Cloudy,Sun,1,0
2025-09-07,S003,Loader,Building,Cloudy,Sun,1,0
2025-09-07,S003,Compactor,Building,Cloudy,Sun,1,2
2025-09-07,S004,Excavator,Highway,Cloudy,Sun,1,3
2025-09-07,S004,Bulldozer,Highway,Cloudy,Sun,1,2
2025-09-07,S004,Crane,Highway,Cloudy,Sun,1,0
2025-09-07,S004,Grader,Highway,Cloudy,Sun,1,2
2025-09-07,S004,Loader,Highway,Cloudy,Sun,1,2
2025-09-07,S004,Compactor,Highway,Cloudy,Sun,1,2
2025-09-07,S005,Excavator,Mining,Cloudy,Sun,1,2
2025-09-07,S005,Bulldozer,Mining,Cloudy,Sun,1,2
2025-09-07,S005,Crane,Mining,Cloudy,Sun,1,0
2025-09-07,S005,Grader,Mining,Cloudy,Sun,1,1
2025-09-07,S005,Loader,Mining,Cloudy,Sun,1,1
2025-09-07,S005,Compactor,Mining,Cloudy,Sun,1,0
2025-09-07,S006,Excavator,Road,Sunny,Sun,1,1
2025-09-07,S006,Bulldozer,Road,Sunny,Sun,1,2
2025-09-07,S006,Crane,Road,Sunny,Sun,1,1
2025-09-07,S006,Grader,Road,Sunny,Sun,1,2
2025-09-07,S006,Loader,Road,Sunny,Sun,1,1
2025-09-07,S006,Compactor,Road,Sunny,Sun,1,2
2025-09-08,S001,Excavator,Road,Rain,Mon,0,2
2025-09-08,S001,Bulldozer,Road,Rain,Mon,0,1
2025-09-08,S001,Crane,Road,Rain,Mon,0,0
2025-09-08,S001,Grader,Road,Rain,Mon,0,1
2025-09-08,S001,Loader,Road,Rain,Mon,0,1
2025-09-08,S001,Compactor,Road,Rain,Mon,0,2
2025-09-08,S002,Excavator,Mining,Rain,Mon,0,1
2025-09-08,S002,Bulldozer,Mining,Rain,Mon,0,2
2025-09-08,S002,Crane,Mining,Rain,Mon,0,2
2025-09-08,S002,Grader,Mining,Rain,Mon,0,1
2025-09-08,S002,Loader,Mining,Rain,Mon,0,3
2025-09-08,S002,Compactor,Mining,Rain,Mon,0,1
2025-09-08,S003,Excavator,Building,Sunny,Mon,0,2
2025-09-08,S003,Bulldozer,Building,Sunny,Mon,0,2
2025-09-08,S003,Crane,Building,Sunny,Mon,0,6
2025-09-08,S003,Grader,Building,Sunny,Mon,0,0
2025-09-08,S003,Loader,Building,Sunny,Mon,0,2
2025-09-08,S003,Compactor,Building,Sunny,Mon,0,2
2025-09-08,S004,Excavator,Highway,Sunny,Mon,0,4
2025-09-08,S004,Bulldozer,Highway,Sunny,Mon,0,3
2025-09-08,S004,Crane,Highway,Sunny,Mon,0,1
2025-09-08,S004,Grader,Highway,Sunny,Mon,0,5
2025-09-08,S004,Loader,Highway,Sunny,Mon,0,3
2025-09-08,S004,Compactor,Highway,Sunny,Mon,0,5
2025-09-08,S005,Excavator,Mining,Sunny,Mon,0,2
2025-09-08,S005,Bulldozer,Mining,Sunny,Mon,0,6
2025-09-08,S005,Crane,Mining,Sunny,Mon,0,3
2025-09-08,S005,Grader,Mining,Sunny,Mon,0,1
2025-09-08,S005,Loader,Mining,Sunny,Mon,0,6
2025-09-08,S005,Compactor,Mining,Sunny,Mon,0,2
2025-09-08,S006,Excavator,Road,Rain,Mon,0,3
2025-09-08,S006,Bulldozer,Road,Rain,Mon,0,2
2025-09-08,S006,Crane,Road,Rain,Mon,0,0
2025-09-08,S006,Grader,Road,Rain,Mon,0,3
2025-09-08,S006,Loader,Road,Rain,Mon,0,1
2025-09-08,S006,Compactor,Road,Rain,Mon,0,3
2025-09-09,S001,Excavator,Road,Rain,Tue,0,2
2025-09-09,S001,Bulldozer,Road,Rain,Tue,0,1
2025-09-09,S001,Crane,Road,Rain,Tue,0,0
2025-09-09,S001,Grader,Road,Rain,Tue,0,2
2025-09-09,S001,Loader,Road,Rain,Tue,0,1
2025-09-09,S001,Compactor,Road,Rain,Tue,0,2
2025-09-09,S002,Excavator,Mining,Sunny,Tue,0,4
2025-09-09,S002,Bulldozer,Mining,Sunny,Tue,0,6
2025-09-09,S002,Crane,Mining,Sunny,Tue,0,2
2025-09-09,S002,Grader,Mining,Sunny,Tue,0,1
2025-09-09,S002,Loader,Mining,Sunny,Tue,0,4
2025-09-09,S002,Compactor,Mining,Sunny,Tue,0,2
2025-09-09,S003,Excavator,Building,Rain,Tue,0,2
2025-09-09,S003,Bulldozer,Building,Rain,Tue,0,1
2025-09-09,S003,Crane,Building,Rain,Tue,0,3
2025-09-09,S003,Grader,Building,Rain,Tue,0,1
2025-09-09,S003,Loader,Building,Rain,Tue,0,1
2025-09-09,S003,Compactor,Building,Rain,Tue,0,1
2025-09-09,S004,Excavator,Highway,Sunny,Tue,0,5
2025-09-09,S004,Bulldozer,Highway,Sunny,Tue,0,3
2025-09-09,S004,Crane,Highway,Sunny,Tue,0,2
2025-09-09,S004,Grader,Highway,Sunny,Tue,0,6
2025-09-09,S004,Loader,Highway,Sunny,Tue,0,4
2025-09-09,S004,Compactor,Highway,Sunny,Tue,0,5
2025-09-09,S005,Excavator,Mining,Sunny,Tue,0,3
2025-09-09,S005,Bulldozer,Mining,Sunny,Tue,0,6
2025-09-09,S005,Crane,Mining,Sunny,Tue,0,2
2025-09-09,S005,Grader,Mining,Sunny,Tue,0,2
2025-09-09,S005,Loader,Mining,Sunny,Tue,0,5
2025-09-09,S005,Compactor,Mining,Sunny,Tue,0,1
2025-09-09,S006,Excavator,Road,Sunny,Tue,0,4
2025-09-09,S006,Bulldozer,Road,Sunny,Tue,0,3
2025-09-09,S006,Crane,Road,Sunny,Tue,0,1
2025-09-09,S006,Grader,Road,Sunny,Tue,0,4
2025-09-09,S006,Loader,Road,Sunny,Tue,0,2
2025-09-09,S006,Compactor,Road,Sunny,Tue,0,4
2025-09-10,S001,Excavator,Road,Cloudy,Wed,0,4
2025-09-10,S001,Bulldozer,Road,Cloudy,Wed,0,2
2025-09-10,S001,Crane,Road,Cloudy,Wed,0,1
2025-09-10,S001,Grader,Road,Cloudy,Wed,0,4
2025-09-10,S001,Loader,Road,Cloudy,Wed,0,3
2025-09-10,S001,Compactor,Road,Cloudy,Wed,0,3
2025-09-10,S002,Excavator,Mining,Rain,Wed,0,2
2025-09-10,S002,Bulldozer,Mining,Rain,Wed,0,4
2025-09-10,S002,Crane,Mining,Rain,Wed,0,1
2025-09-10,S002,Grader,Mining,Rain,Wed,0,0
2025-09-10,S002,Loader,Mining,Rain,Wed,0,3
2025-09-10,S002,Compactor,Mining,Rain,Wed,0,1
2025-09-10,S003,Excavator,Building,Sunny,Wed,0,2
2025-09-10,S003,Bulldozer,Building,Sunny,Wed,0,0
2025-09-10,S003,Crane,Building,Sunny,Wed,0,4
2025-09-10,S003,Grader,Building,Sunny,Wed,0,2
2025-09-10,S003,Loader,Building,Sunny,Wed,0,2
2025-09-10,S003,Compactor,Building,Sunny,Wed,0,3
2025-09-10,S004,Excavator,Highway,Sunny,Wed,0,5
2025-09-10,S004,Bulldozer,Highway,Sunny,Wed,0,2
2025-09-10,S004,Crane,Highway,Sunny,Wed,0,2
2025-09-10,S004,Grader,Highway,Sunny,Wed,0,5
2025-09-10,S004,Loader,Highway,Sunny,Wed,0,3
2025-09-10,S004,Compactor,Highway,Sunny,Wed,0,5
2025-09-10,S005,Excavator,Mining,Sunny,Wed,0,2
2025-09-10,S005,Bulldozer,Mining,Sunny,Wed,0,6
2025-09-10,S005,Crane,Mining,Sunny,Wed,0,2
2025-09-10,S005,Grader,Mining,Sunny,Wed,0,0
2025-09-10,S005,Loader,Mining,Sunny,Wed,0,5
2025-09-10,S005,Compactor,Mining,Sunny,Wed,0,1
2025-09-10,S006,Excavator,Road,Cloudy,Wed,0,4
2025-09-10,S006,Bulldozer,Road,Cloudy,Wed,0,2
2025-09-10,S006,Crane,Road,Cloudy,Wed,0,2
2025-09-10,S006,Grader,Road,Cloudy,Wed,0,4
2025-09-10,S006,Loader,Road,Cloudy,Wed,0,2
2025-09-10,S006,Compactor,Road,Cloudy,Wed,0,3
2025-09-11,S001,Excavator,Road,Sunny,Thu,0,4
2025-09-11,S001,Bulldozer,Road,Sunny,Thu,0,2
2025-09-11,S001,Crane,Road,Sunny,Thu,0,1
2025-09-11,S001,Grader,Road,Sunny,Thu,0,3
2025-09-11,S001,Loader,Road,Sunny,Thu,0,3
2025-09-11,S001,Compactor,Road,Sunny,Thu,0,3
2025-09-11,S002,Excavator,Mining,Rain,Thu,0,1
2025-09-11,S002,Bulldozer,Mining,Rain,Thu,0,3
2025-09-11,S002,Crane,Mining,Rain,Thu,0,2
2025-09-11,S002,Grader,Mining,Rain,Thu,0,0
2025-09-11,S002,Loader,Mining,Rain,Thu,0,2
2025-09-11,S002,Compactor,Mining,Rain,Thu,0,0
2025-09-11,S003,Excavator,Building,Sunny,Thu,0,2
2025-09-11,S003,Bulldozer,Building,Sunny,Thu,0,2
2025-09-11,S003,Crane,Building,Sunny,Thu,0,4
2025-09-11,S003,Grader,Building,Sunny,Thu,0,2
2025-09-11,S003,Loader,Building,Sunny,Thu,0,3
2025-09-11,S003,Compactor,Building,Sunny,Thu,0,2
2025-09-11,S004,Excavator,Highway,Sunny,Thu,0,5
2025-09-11,S004,Bulldozer,Highway,Sunny,Thu,0,3
2025-09-11,S004,Crane,Highway,Sunny,Thu,0,1
2025-09-11,S004,Grader,Highway,Sunny,Thu,0,5
2025-09-11,S004,Loader,Highway,Sunny,Thu,0,3
2025-09-11,S004,Compactor,Highway,Sunny,Thu,0,5
2025-09-11,S005,Excavator,Mining,Sunny,Thu,0,2
2025-09-11,S005,Bulldozer,Mining,Sunny,Thu,0,6
2025-09-11,S005,Crane,Mining,Sunny,Thu,0,2
2025-09-11,S005,Grader,Mining,Sunny,Thu,0,0
2025-09-11,S005,Loader,Mining,Sunny,Thu,0,5
2025-09-11,S005,Compactor,Mining,Sunny,Thu,0,1
2025-09-11,S006,Excavator,Road,Sunny,Thu,0,5
2025-09-11,S006,Bulldozer,Road,Sunny,Thu,0,2
2025-09-11,S006,Crane,Road,Sunny,Thu,0,1
2025-09-11,S006,Grader,Road,Sunny,Thu,0,5
2025-09-11,S006,Loader,Road,Sunny,Thu,0,2
2025-09-11,S006,Compactor,Road,Sunny,Thu,0,3
2025-09-12,S001,Excavator,Road,Sunny,Fri,0,5
2025-09-12,S001,Bulldozer,Road,Sunny,Fri,0,2
2025-09-12,S001,Crane,Road,Sunny,Fri,0,1
2025-09-12,S001,Grader,Road,Sunny,Fri,0,4
2025-09-12,S001,Loader,Road,Sunny,Fri,0,2
2025-09-12,S001,Compactor,Road,Sunny,Fri,0,5
2025-09-12,S002,Excavator,Mining,Cloudy,Fri,0,2
2025-09-12,S002,Bulldozer,Mining,Cloudy,Fri,0,5
2025-09-12,S002,Crane,Mining,Cloudy,Fri,0,2
2025-09-12,S002,Grader,Mining,Cloudy,Fri,0,0
2025-09-12,S002,Loader,Mining,Cloudy,Fri,0,5
2025-09-12,S002,Compactor,Mining,Cloudy,Fri,0,1
2025-09-12,S003,Excavator,Building,Cloudy,Fri,0,3
2025-09-12,S003,Bulldozer,Building,Cloudy,Fri,0,2
2025-09-12,S003,Crane,Building,Cloudy,Fri,0,4
2025-09-12,S003,Grader,Building,Cloudy,Fri,0,0
2025-09-12,S003,Loader,Building,Cloudy,Fri,0,2
2025-09-12,S003,Compactor,Building,Cloudy,Fri,0,1
2025-09-12,S004,Excavator,Highway,Rain,Fri,0,2
2025-09-12,S004,Bulldozer,Highway,Rain,Fri,0,2
2025-09-12,S004,Crane,Highway,Rain,Fri,0,0
2025-09-12,S004,Grader,Highway,Rain,Fri,0,2
2025-09-12,S004,Loader,Highway,Rain,Fri,0,2
2025-09-12,S004,Compactor,Highway,Rain,Fri,0,3
2025-09-12,S005,Excavator,Mining,Sunny,Fri,0,4
2025-09-12,S005,Bulldozer,Mining,Sunny,Fri,0,7
2025-09-12,S005,Crane,Mining,Sunny,Fri,0,1
2025-09-12,S005,Grader,Mining,Sunny,Fri,0,1
2025-09-12,S005,Loader,Mining,Sunny,Fri,0,5
2025-09-12,S005,Compactor,Mining,Sunny,Fri,0,1
2025-09-12,S006,Excavator,Road,Sunny,Fri,0,4
2025-09-12,S006,Bulldozer,Road,Sunny,Fri,0,2
2025-09-12,S006,Crane,Road,Sunny,Fri,0,1
2025-09-12,S006,Grader,Road,Sunny,Fri,0,3
2025-09-12,S006,Loader,Road,Sunny,Fri,0,4
2025-09-12,S006,Compactor,Road,Sunny,Fri,0,4
2025-09-13,S001,Excavator,Road,Sunny,Sat,1,3
2025-09-13,S001,Bulldozer,Road,Sunny,Sat,1,1
2025-09-13,S001,Crane,Road,Sunny,Sat,1,0
2025-09-13,S001,Grader,Road,Sunny,Sat,1,3
2025-09-13,S001,Loader,Road,Sunny,Sat,1,2
2025-09-13,S001,Compactor,Road,Sunny,Sat,1,2
2025-09-13,S002,Excavator,Mining,Sunny,Sat,1,2
2025-09-13,S002,Bulldozer,Mining,Sunny,Sat,1,3
2025-09-13,S002,Crane,Mining,Sunny,Sat,1,0
2025-09-13,S002,Grader,Mining,Sunny,Sat,1,0
2025-09-13,S002,Loader,Mining,Sunny,Sat,1,2
2025-09-13,S002,Compactor,Mining,Sunny,Sat,1,0
2025-09-13,S003,Excavator,Building,Cloudy,Sat,1,1
2025-09-13,S003,Bulldozer,Building,Cloudy,Sat,1,1
2025-09-13,S003,Crane,Building,Cloudy,Sat,1,3
2025-09-13,S003,Grader,Building,Cloudy,Sat,1,0
2025-09-13,S003,Loader,Building,Cloudy,Sat,1,1
2025-09-13,S003,Compactor,Building,Cloudy,Sat,1,0
2025-09-13,S004,Excavator,Highway,Cloudy,Sat,1,1
2025-09-13,S004,Bulldozer,Highway,Cloudy,Sat,1,1
2025-09-13,S004,Crane,Highway,Cloudy,Sat,1,0
2025-09-13,S004,Grader,Highway,Cloudy,Sat,1,1
2025-09-13,S004,Loader,Highway,Cloudy,Sat,1,1
2025-09-13,S004,Compactor,Highway,Cloudy,Sat,1,2
2025-09-13,S005,Excavator,Mining,Sunny,Sat,1,1
2025-09-13,S005,Bulldozer,Mining,Sunny,Sat,1,3
2025-09-13,S005,Crane,Mining,Sunny,Sat,1,1
2025-09-13,S005,Grader,Mining,Sunny,Sat,1,0
2025-09-13,S005,Loader,Mining,Sunny,Sat,1,2
2025-09-13,S005,Compactor,Mining,Sunny,Sat,1,1
2025-09-13,S006,Excavator,Road,Sunny,Sat,1,2
2025-09-13,S006,Bulldozer,Road,Sunny,Sat,1,1
2025-09-13,S006,Crane,Road,Sunny,Sat,1,1
2025-09-13,S006,Grader,Road,Sunny,Sat,1,2
2025-09-13,S006,Loader,Road,Sunny,Sat,1,1
2025-09-13,S006,Compactor,Road,Sunny,Sat,1,2
2025-09-14,S001,Excavator,Road,Sunny,Sun,1,1
2025-09-14,S001,Bulldozer,Road,Sunny,Sun,1,1
2025-09-14,S001,Crane,Road,Sunny,Sun,1,1
2025-09-14,S001,Grader,Road,Sunny,Sun,1,1
2025-09-14,S001,Loader,Road,Sunny,Sun,1,0
2025-09-14,S001,Compactor,Road,Sunny,Sun,1,2
2025-09-14,S002,Excavator,Mining,Sunny,Sun,1,0
2025-09-14,S002,Bulldozer,Mining,Sunny,Sun,1,2
2025-09-14,S002,Crane,Mining,Sunny,Sun,1,0
2025-09-14,S002,Grader,Mining,Sunny,Sun,1,0
2025-09-14,S002,Loader,Mining,Sunny,Sun,1,2
2025-09-14,S002,Compactor,Mining,Sunny,Sun,1,1
2025-09-14,S003,Excavator,Building,Sunny,Sun,1,1
2025-09-14,S003,Bulldozer,Building,Sunny,Sun,1,0
2025-09-14,S003,Crane,Building,Sunny,Sun,1,2
2025-09-14,S003,Grader,Building,Sunny,Sun,1,0
2025-09-14,S003,Loader,Building,Sunny,Sun,1,1
2025-09-14,S003,Compactor,Building,Sunny,Sun,1,0
2025-09-14,S004,Excavator,Highway,Cloudy,Sun,1,1
2025-09-14,S004,Bulldozer,Highway,Cloudy,Sun,1,1
2025-09-14,S004,Crane,Highway,Cloudy,Sun,1,0
2025-09-14,S004,Grader,Highway,Cloudy,Sun,1,2
2025-09-14,S004,Loader,Highway,Cloudy,Sun,1,1
2025-09-14,S004,Compactor,Highway,Cloudy,Sun,1,2
2025-09-14,S005,Excavator,Mining,Cloudy,Sun,1,2
2025-09-14,S005,Bulldozer,Mining,Cloudy,Sun,1,3
2025-09-14,S005,Crane,Mining,Cloudy,Sun,1,1
2025-09-14,S005,Grader,Mining,Cloudy,Sun,1,0
2025-09-14,S005,Loader,Mining,Cloudy,Sun,1,1
2025-09-14,S005,Compactor,Mining,Cloudy,Sun,1,0
2025-09-14,S006,Excavator,Road,Sunny,Sun,1,3
2025-09-14,S006,Bulldozer,Road,Sunny,Sun,1,0
2025-09-14,S006,Crane,Road,Sunny,Sun,1,1
2025-09-14,S006,Grader,Road,Sunny,Sun,1,1
2025-09-14,S006,Loader,Road,Sunny,Sun,1,1
2025-09-14,S006,Compactor,Road,Sunny,Sun,1,1
2025-09-15,S001,Excavator,Road,Rain,Mon,0,2
2025-09-15,S001,Bulldozer,Road,Rain,Mon,0,1
2025-09-15,S001,Crane,Road,Rain,Mon,0,0
2025-09-15,S001,Grader,Road,Rain,Mon,0,1
2025-09-15,S001,Loader,Road,Rain,Mon,0,1
2025-09-15,S001,Compactor,Road,Rain,Mon,0,3
2025-09-15,S002,Excavator,Mining,Sunny,Mon,0,3
2025-09-15,S002,Bulldozer,Mining,Sunny,Mon,0,6
2025-09-15,S002,Crane,Mining,Sunny,Mon,0,1
2025-09-15,S002,Grader,Mining,Sunny,Mon,0,2
2025-09-15,S002,Loader,Mining,Sunny,Mon,0,4
2025-09-15,S002,Compactor,Mining,Sunny,Mon,0,2
2025-09-15,S003,Excavator,Building,Sunny,Mon,0,2
2025-09-15,S003,Bulldozer,Building,Sunny,Mon,0,1
2025-09-15,S003,Crane,Building,Sunny,Mon,0,4
2025-09-15,S003,Grader,Building,Sunny,Mon,0,1
2025-09-15,S003,Loader,Building,Sunny,Mon,0,2
2025-09-15,S003,Compactor,Building,Sunny,Mon,0,3
2025-09-15,S004,Excavator,Highway,Rain,Mon,0,3
2025-09-15,S004,Bulldozer,Highway,Rain,Mon,0,1
2025-09-15,S004,Crane,Highway,Rain,Mon,0,0
2025-09-15,S004,Grader,Highway,Rain,Mon,0,3
2025-09-15,S004,Loader,Highway,Rain,Mon,0,1
2025-09-15,S004,Compactor,Highway,Rain,Mon,0,3
2025-09-15,S005,Excavator,Mining,Sunny,Mon,0,3
2025-09-15,S005,Bulldozer,Mining,Sunny,Mon,0,6
2025-09-15,S005,Crane,Mining,Sunny,Mon,0,1
2025-09-15,S005,Grader,Mining,Sunny,Mon,0,2
2025-09-15,S005,Loader,Mining,Sunny,Mon,0,5
2025-09-15,S005,Compactor,Mining,Sunny,Mon,0,1
2025-09-15,S006,Excavator,Road,Rain,Mon,0,3
2025-09-15,S006,Bulldozer,Road,Rain,Mon,0,2
2025-09-15,S006,Crane,Road,Rain,Mon,0,0
2025-09-15,S006,Grader,Road,Rain,Mon,0,2
2025-09-15,S006,Loader,Road,Rain,Mon,0,1
2025-09-15,S006,Compactor,Road,Rain,Mon,0,2
2025-09-16,S001,Excavator,Road,Sunny,Tue,0,6
2025-09-16,S001,Bulldozer,Road,Sunny,Tue,0,1
2025-09-16,S001,Crane,Road,Sunny,Tue,0,1
2025-09-16,S001,Grader,Road,Sunny,Tue,0,5
2025-09-16,S001,Loader,Road,Sunny,Tue,0,3
2025-09-16,S001,Compactor,Road,Sunny,Tue,0,4
2025-09-16,S002,Excavator,Mining,Sunny,Tue,0,3
2025-09-16,S002,Bulldozer,Mining,Sunny,Tue,0,5
2025-09-16,S002,Crane,Mining,Sunny,Tue,0,2
2025-09-16,S002,Grader,Mining,Sunny,Tue,0,0
2025-09-16,S002,Loader,Mining,Sunny,Tue,0,6
2025-09-16,S002,Compactor,Mining,Sunny,Tue,0,0
2025-09-16,S003,Excavator,Building,Cloudy,Tue,0,2
2025-09-16,S003,Bulldozer,Building,Cloudy,Tue,0,0
2025-09-16,S003,Crane,Building,Cloudy,Tue,0,4
2025-09-16,S003,Grader,Building,Cloudy,Tue,0,2
2025-09-16,S003,Loader,Building,Cloudy,Tue,0,2
2025-09-16,S003,Compactor,Building,Cloudy,Tue,0,1
2025-09-16,S004,Excavator,Highway,Cloudy,Tue,0,4
2025-09-16,S004,Bulldozer,Highway,Cloudy,Tue,0,2
2025-09-16,S004,Crane,Highway,Cloudy,Tue,0,1
2025-09-16,S004,Grader,Highway,Cloudy,Tue,0,4
2025-09-16,S004,Loader,Highway,Cloudy,Tue,0,2
2025-09-16,S004,Compactor,Highway,Cloudy,Tue,0,5
2025-09-16,S005,Excavator,Mining,Rain,Tue,0,1
2025-09-16,S005,Bulldozer,Mining,Rain,Tue,0,3
2025-09-16,S005,Crane,Mining,Rain,Tue,0,1
2025-09-16,S005,Grader,Mining,Rain,Tue,0,0
2025-09-16,S005,Loader,Mining,Rain,Tue,0,2
2025-09-16,S005,Compactor,Mining,Rain,Tue,0,1
2025-09-16,S006,Excavator,Road,Cloudy,Tue,0,3
2025-09-16,S006,Bulldozer,Road,Cloudy,Tue,0,1
2025-09-16,S006,Crane,Road,Cloudy,Tue,0,1
2025-09-16,S006,Grader,Road,Cloudy,Tue,0,4
2025-09-16,S006,Loader,Road,Cloudy,Tue,0,4
2025-09-16,S006,Compactor,Road,Cloudy,Tue,0,2
2025-09-17,S001,Excavator,Road,Rain,Wed,0,2
2025-09-17,S001,Bulldozer,Road,Rain,Wed,0,0
2025-09-17,S001,Crane,Road,Rain,Wed,0,0
2025-09-17,S001,Grader,Road,Rain,Wed,0,2
2025-09-17,S001,Loader,Road,Rain,Wed,0,2
2025-09-17,S001,Compactor,Road,Rain,Wed,0,3
2025-09-17,S002,Excavator,Mining,Sunny,Wed,0,4
2025-09-17,S002,Bulldozer,Mining,Sunny,Wed,0,6
2025-09-17,S002,Crane,Mining,Sunny,Wed,0,1
2025-09-17,S002,Grader,Mining,Sunny,Wed,0,2
2025-09-17,S002,Loader,Mining,Sunny,Wed,0,5
2025-09-17,S002,Compactor,Mining,Sunny,Wed,0,2
2025-09-17,S003,Excavator,Building,Sunny,Wed,0,3
2025-09-17,S003,Bulldozer,Building,Sunny,Wed,0,1
2025-09-17,S003,Crane,Building,Sunny,Wed,0,5
2025-09-17,S003,Grader,Building,Sunny,Wed,0,0
2025-09-17,S003,Loader,Building,Sunny,Wed,0,2
2025-09-17,S003,Compactor,Building,Sunny,Wed,0,3
2025-09-17,S004,Excavator,Highway,Sunny,Wed,0,6
2025-09-17,S004,Bulldozer,Highway,Sunny,Wed,0,3
2025-09-17,S004,Crane,Highway,Sunny,Wed,0,2
2025-09-17,S004,Grader,Highway,Sunny,Wed,0,4
2025-09-17,S004,Loader,Highway,Sunny,Wed,0,3
2025-09-17,S004,Compactor,Highway,Sunny,Wed,0,5
2025-09-17,S005,Excavator,Mining,Cloudy,Wed,0,2
2025-09-17,S005,Bulldozer,Mining,Cloudy,Wed,0,5
2025-09-17,S005,Crane,Mining,Cloudy,Wed,0,2
2025-09-17,S005,Grader,Mining,Cloudy,Wed,0,0
2025-09-17,S005,Loader,Mining,Cloudy,Wed,0,4
2025-09-17,S005,Compactor,Mining,Cloudy,Wed,0,2
2025-09-17,S006,Excavator,Road,Rain,Wed,0,2
2025-09-17,S006,Bulldozer,Road,Rain,Wed,0,0
2025-09-17,S006,Crane,Road,Rain,Wed,0,1
2025-09-17,S006,Grader,Road,Rain,Wed,0,2
2025-09-17,S006,Loader,Road,Rain,Wed,0,1
2025-09-17,S006,Compactor,Road,Rain,Wed,0,2
2025-09-18,S001,Excavator,Road,Sunny,Thu,0,6
2025-09-18,S001,Bulldozer,Road,Sunny,Thu,0,3
2025-09-18,S001,Crane,Road,Sunny,Thu,0,2
2025-09-18,S001,Grader,Road,Sunny,Thu,0,4
2025-09-18,S001,Loader,Road,Sunny,Thu,0,2
2025-09-18,S001,Compactor,Road,Sunny,Thu,0,4
2025-09-18,S002,Excavator,Mining,Cloudy,Thu,0,2
2025-09-18,S002,Bulldozer,Mining,Cloudy,Thu,0,5
2025-09-18,S002,Crane,Mining,Cloudy,Thu,0,1
2025-09-18,S002,Grader,Mining,Cloudy,Thu,0,0
2025-09-18,S002,Loader,Mining,Cloudy,Thu,0,4
2025-09-18,S002,Compactor,Mining,Cloudy,Thu,0,1
2025-09-18,S003,Excavator,Building,Sunny,Thu,0,3
2025-09-18,S003,Bulldozer,Building,Sunny,Thu,0,1
2025-09-18,S003,Crane,Building,Sunny,Thu,0,4
2025-09-18,S003,Grader,Building,Sunny,Thu,0,0
2025-09-18,S003,Loader,Building,Sunny,Thu,0,2
2025-09-18,S003,Compactor,Building,Sunny,Thu,0,2
2025-09-18,S004,Excavator,Highway,Sunny,Thu,0,4
2025-09-18,S004,Bulldozer,Highway,Sunny,Thu,0,3
2025-09-18,S004,Crane,Highway,Sunny,Thu,0,1
2025-09-18,S004,Grader,Highway,Sunny,Thu,0,4
2025-09-18,S004,Loader,Highway,Sunny,Thu,0,3
2025-09-18,S004,Compactor,Highway,Sunny,Thu,0,6
2025-09-18,S005,Excavator,Mining,Sunny,Thu,0,2
2025-09-18,S005,Bulldozer,Mining,Sunny,Thu,0,6
2025-09-18,S005,Crane,Mining,Sunny,Thu,0,1
2025-09-18,S005,Grader,Mining,Sunny,Thu,0,0
2025-09-18,S005,Loader,Mining,Sunny,Thu,0,4
2025-09-18,S005,Compactor,Mining,Sunny,Thu,0,1
2025-09-18,S006,Excavator,Road,Sunny,Thu,0,5
2025-09-18,S006,Bulldozer,Road,Sunny,Thu,0,1
2025-09-18,S006,Crane,Road,Sunny,Thu,0,2
2025-09-18,S006,Grader,Road,Sunny,Thu,0,3
2025-09-18,S006,Loader,Road,Sunny,Thu,0,3
2025-09-18,S006,Compactor,Road,Sunny,Thu,0,5
2025-09-19,S001,Excavator,Road,Sunny,Fri,0,5
2025-09-19,S001,Bulldozer,Road,Sunny,Fri,0,2
2025-09-19,S001,Crane,Road,Sunny,Fri,0,2
2025-09-19,S001,Grader,Road,Sunny,Fri,0,4
2025-09-19,S001,Loader,Road,Sunny,Fri,0,2
2025-09-19,S001,Compactor,Road,Sunny,Fri,0,4
2025-09-19,S002,Excavator,Mining,Sunny,Fri,0,3
2025-09-19,S002,Bulldozer,Mining,Sunny,Fri,0,5
2025-09-19,S002,Crane,Mining,Sunny,Fri,0,2
2025-09-19,S002,Grader,Mining,Sunny,Fri,0,1
2025-09-19,S002,Loader,Mining,Sunny,Fri,0,5
2025-09-19,S002,Compactor,Mining,Sunny,Fri,0,1
2025-09-19,S003,Excavator,Building,Sunny,Fri,0,2
2025-09-19,S003,Bulldozer,Building,Sunny,Fri,0,2
2025-09-19,S003,Crane,Building,Sunny,Fri,0,5
2025-09-19,S003,Grader,Building,Sunny,Fri,0,1
2025-09-19,S003,Loader,Building,Sunny,Fri,0,3
2025-09-19,S003,Compactor,Building,Sunny,Fri,0,2
2025-09-19,S004,Excavator,Highway,Cloudy,Fri,0,5
2025-09-19,S004,Bulldozer,Highway,Cloudy,Fri,0,3
2025-09-19,S004,Crane,Highway,Cloudy,Fri,0,1
2025-09-19,S004,Grader,Highway,Cloudy,Fri,0,4
2025-09-19,S004,Loader,Highway,Cloudy,Fri,0,2
2025-09-19,S004,Compactor,Highway,Cloudy,Fri,0,5
2025-09-19,S005,Excavator,Mining,Sunny,Fri,0,4
2025-09-19,S005,Bulldozer,Mining,Sunny,Fri,0,7
2025-09-19,S005,Crane,Mining,Sunny,Fri,0,2
2025-09-19,S005,Grader,Mining,Sunny,Fri,0,0
2025-09-19,S005,Loader,Mining,Sunny,Fri,0,5
2025-09-19,S005,Compactor,Mining,Sunny,Fri,0,0
2025-09-19,S006,Excavator,Road,Sunny,Fri,0,5
2025-09-19,S006,Bulldozer,Road,Sunny,Fri,0,2
2025-09-19,S006,Crane,Road,Sunny,Fri,0,1
2025-09-19,S006,Grader,Road,Sunny,Fri,0,4
2025-09-19,S006,Loader,Road,Sunny,Fri,0,3
2025-09-19,S006,Compactor,Road,Sunny,Fri,0,3
2025-09-20,S001,Excavator,Road,Cloudy,Sat,1,2
2025-09-20,S001,Bulldozer,Road,Cloudy,Sat,1,1
2025-09-20,S001,Crane,Road,Cloudy,Sat,1,1
2025-09-20,S001,Grader,Road,Cloudy,Sat,1,2
2025-09-20,S001,Loader,Road,Cloudy,Sat,1,2
2025-09-20,S001,Compactor,Road,Cloudy,Sat,1,2
2025-09-20,S002,Excavator,Mining,Rain,Sat,1,0
2025-09-20,S002,Bulldozer,Mining,Rain,Sat,1,0
2025-09-20,S002,Crane,Mining,Rain,Sat,1,1
2025-09-20,S002,Grader,Mining,Rain,Sat,1,1
2025-09-20,S002,Loader,Mining,Rain,Sat,1,1
2025-09-20,S002,Compactor,Mining,Rain,Sat,1,0
2025-09-20,S003,Excavator,Building,Sunny,Sat,1,1
2025-09-20,S003,Bulldozer,Building,Sunny,Sat,1,1
2025-09-20,S003,Crane,Building,Sunny,Sat,1,1
2025-09-20,S003,Grader,Building,Sunny,Sat,1,0
2025-09-20,S003,Loader,Building,Sunny,Sat,1,0
2025-09-20,S003,Compactor,Building,Sunny,Sat,1,1
2025-09-20,S004,Excavator,Highway,Sunny,Sat,1,3
2025-09-20,S004,Bulldozer,Highway,Sunny,Sat,1,1
2025-09-20,S004,Crane,Highway,Sunny,Sat,1,0
2025-09-20,S004,Grader,Highway,Sunny,Sat,1,2
2025-09-20,S004,Loader,Highway,Sunny,Sat,1,0
2025-09-20,S004,Compactor,Highway,Sunny,Sat,1,3
2025-09-20,S005,Excavator,Mining,Sunny,Sat,1,1
2025-09-20,S005,Bulldozer,Mining,Sunny,Sat,1,2
2025-09-20,S005,Crane,Mining,Sunny,Sat,1,0
2025-09-20,S005,Grader,Mining,Sunny,Sat,1,0
2025-09-20,S005,Loader,Mining,Sunny,Sat,1,3
2025-09-20,S005,Compactor,Mining,Sunny,Sat,1,1
2025-09-20,S006,Excavator,Road,Sunny,Sat,1,3
2025-09-20,S006,Bulldozer,Road,Sunny,Sat,1,2
2025-09-20,S006,Crane,Road,Sunny,Sat,1,1
2025-09-20,S006,Grader,Road,Sunny,Sat,1,2
2025-09-20,S006,Loader,Road,Sunny,Sat,1,1
2025-09-20,S006,Compactor,Road,Sunny,Sat,1,2
2025-09-21,S001,Excavator,Road,Rain,Sun,1,1
2025-09-21,S001,Bulldozer,Road,Rain,Sun,1,1
2025-09-21,S001,Crane,Road,Rain,Sun,1,0
2025-09-21,S001,Grader,Road,Rain,Sun,1,2
2025-09-21,S001,Loader,Road,Rain,Sun,1,1
2025-09-21,S001,Compactor,Road,Rain,Sun,1,1
2025-09-21,S002,Excavator,Mining,Cloudy,Sun,1,1
2025-09-21,S002,Bulldozer,Mining,Cloudy,Sun,1,2
2025-09-21,S002,Crane,Mining,Cloudy,Sun,1,1
2025-09-21,S002,Grader,Mining,Cloudy,Sun,1,1
2025-09-21,S002,Loader,Mining,Cloudy,Sun,1,1
2025-09-21,S002,Compactor,Mining,Cloudy,Sun,1,1
2025-09-21,S003,Excavator,Building,Rain,Sun,1,1
2025-09-21,S003,Bulldozer,Building,Rain,Sun,1,0
2025-09-21,S003,Crane,Building,Rain,Sun,1,1
2025-09-21,S003,Grader,Building,Rain,Sun,1,1
2025-09-21,S003,Loader,Building,Rain,Sun,1,1
2025-09-21,S003,Compactor,Building,Rain,Sun,1,1
2025-09-21,S004,Excavator,Highway,Cloudy,Sun,1,2
2025-09-21,S004,Bulldozer,Highway,Cloudy,Sun,1,1
2025-09-21,S004,Crane,Highway,Cloudy,Sun,1,0
2025-09-21,S004,Grader,Highway,Cloudy,Sun,1,2
2025-09-21,S004,Loader,Highway,Cloudy,Sun,1,2
2025-09-21,S004,Compactor,Highway,Cloudy,Sun,1,3
2025-09-21,S005,Excavator,Mining,Sunny,Sun,1,1
2025-09-21,S005,Bulldozer,Mining,Sunny,Sun,1,2
2025-09-21,S005,Crane,Mining,Sunny,Sun,1,1
2025-09-21,S005,Grader,Mining,Sunny,Sun,1,0
2025-09-21,S005,Loader,Mining,Sunny,Sun,1,3
2025-09-21,S005,Compactor,Mining,Sunny,Sun,1,0
2025-09-21,S006,Excavator,Road,Sunny,Sun,1,3
2025-09-21,S006,Bulldozer,Road,Sunny,Sun,1,0
2025-09-21,S006,Crane,Road,Sunny,Sun,1,1
2025-09-21,S006,Grader,Road,Sunny,Sun,1,1
2025-09-21,S006,Loader,Road,Sunny,Sun,1,2
2025-09-21,S006,Compactor,Road,Sunny,Sun,1,1
2025-09-22,S001,Excavator,Road,Rain,Mon,0,2
2025-09-22,S001,Bulldozer,Road,Rain,Mon,0,2
2025-09-22,S001,Crane,Road,Rain,Mon,0,0
2025-09-22,S001,Grader,Road,Rain,Mon,0,2
2025-09-22,S001,Loader,Road,Rain,Mon,0,1
2025-09-22,S001,Compactor,Road,Rain,Mon,0,3
2025-09-22,S002,Excavator,Mining,Rain,Mon,0,2
2025-09-22,S002,Bulldozer,Mining,Rain,Mon,0,3
2025-09-22,S002,Crane,Mining,Rain,Mon,0,0
2025-09-22,S002,Grader,Mining,Rain,Mon,0,1
2025-09-22,S002,Loader,Mining,Rain,Mon,0,2
2025-09-22,S002,Compactor,Mining,Rain,Mon,0,0
2025-09-22,S003,Excavator,Building,Cloudy,Mon,0,2
2025-09-22,S003,Bulldozer,Building,Cloudy,Mon,0,1
2025-09-22,S003,Crane,Building,Cloudy,Mon,0,3
2025-09-22,S003,Grader,Building,Cloudy,Mon,0,1
2025-09-22,S003,Loader,Building,Cloudy,Mon,0,1
2025-09-22,S003,Compactor,Building,Cloudy,Mon,0,1
2025-09-22,S004,Excavator,Highway,Sunny,Mon,0,4
2025-09-22,S004,Bulldozer,Highway,Sunny,Mon,0,3
2025-09-22,S004,Crane,Highway,Sunny,Mon,0,1
2025-09-22,S004,Grader,Highway,Sunny,Mon,0,6
2025-09-22,S004,Loader,Highway,Sunny,Mon,0,3
2025-09-22,S004,Compactor,Highway,Sunny,Mon,0,6
2025-09-22,S005,Excavator,Mining,Rain,Mon,0,2
2025-09-22,S005,Bulldozer,Mining,Rain,Mon,0,3
2025-09-22,S005,Crane,Mining,Rain,Mon,0,0
2025-09-22,S005,Grader,Mining,Rain,Mon,0,1
2025-09-22,S005,Loader,Mining,Rain,Mon,0,3
2025-09-22,S005,Compactor,Mining,Rain,Mon,0,1
2025-09-22,S006,Excavator,Road,Sunny,Mon,0,4
2025-09-22,S006,Bulldozer,Road,Sunny,Mon,0,2
2025-09-22,S006,Crane,Road,Sunny,Mon,0,2
2025-09-22,S006,Grader,Road,Sunny,Mon,0,4
2025-09-22,S006,Loader,Road,Sunny,Mon,0,3
2025-09-22,S006,Compactor,Road,Sunny,Mon,0,4
2025-09-23,S001,Excavator,Road,Sunny,Tue,0,6
2025-09-23,S001,Bulldozer,Road,Sunny,Tue,0,3
2025-09-23,S001,Crane,Road,Sunny,Tue,0,1
2025-09-23,S001,Grader,Road,Sunny,Tue,0,3
2025-09-23,S001,Loader,Road,Sunny,Tue,0,4
2025-09-23,S001,Compactor,Road,Sunny,Tue,0,5
2025-09-23,S002,Excavator,Mining,Cloudy,Tue,0,2
2025-09-23,S002,Bulldozer,Mining,Cloudy,Tue,0,6
2025-09-23,S002,Crane,Mining,Cloudy,Tue,0,2
2025-09-23,S002,Grader,Mining,Cloudy,Tue,0,0
2025-09-23,S002,Loader,Mining,Cloudy,Tue,0,5
2025-09-23,S002,Compactor,Mining,Cloudy,Tue,0,1
2025-09-23,S003,Excavator,Building,Sunny,Tue,0,3
2025-09-23,S003,Bulldozer,Building,Sunny,Tue,0,1
2025-09-23,S003,Crane,Building,Sunny,Tue,0,5
2025-09-23,S003,Grader,Building,Sunny,Tue,0,0
2025-09-23,S003,Loader,Building,Sunny,Tue,0,1
2025-09-23,S003,Compactor,Building,Sunny,Tue,0,3
2025-09-23,S004,Excavator,Highway,Sunny,Tue,0,4
2025-09-23,S004,Bulldozer,Highway,Sunny,Tue,0,2
2025-09-23,S004,Crane,Highway,Sunny,Tue,0,1
2025-09-23,S004,Grader,Highway,Sunny,Tue,0,4
2025-09-23,S004,Loader,Highway,Sunny,Tue,0,4
2025-09-23,S004,Compactor,Highway,Sunny,Tue,0,5
2025-09-23,S005,Excavator,Mining,Cloudy,Tue,0,3
2025-09-23,S005,Bulldozer,Mining,Cloudy,Tue,0,6
2025-09-23,S005,Crane,Mining,Cloudy,Tue,0,1
2025-09-23,S005,Grader,Mining,Cloudy,Tue,0,1
2025-09-23,S005,Loader,Mining,Cloudy,Tue,0,5
2025-09-23,S005,Compactor,Mining,Cloudy,Tue,0,1
2025-09-23,S006,Excavator,Road,Cloudy,Tue,0,4
2025-09-23,S006,Bulldozer,Road,Cloudy,Tue,0,2
2025-09-23,S006,Crane,Road,Cloudy,Tue,0,0
2025-09-23,S006,Grader,Road,Cloudy,Tue,0,4
2025-09-23,S006,Loader,Road,Cloudy,Tue,0,2
2025-09-23,S006,Compactor,Road,Cloudy,Tue,0,3
2025-09-24,S001,Excavator,Road,Rain,Wed,0,3
2025-09-24,S001,Bulldozer,Road,Rain,Wed,0,0
2025-09-24,S001,Crane,Road,Rain,Wed,0,0
2025-09-24,S001,Grader,Road,Rain,Wed,0,1
2025-09-24,S001,Loader,Road,Rain,Wed,0,2
2025-09-24,S001,Compactor,Road,Rain,Wed,0,2
2025-09-24,S002,Excavator,Mining,Rain,Wed,0,2
2025-09-24,S002,Bulldozer,Mining,Rain,Wed,0,2
2025-09-24,S002,Crane,Mining,Rain,Wed,0,1
2025-09-24,S002,Grader,Mining,Rain,Wed,0,0
2025-09-24,S002,Loader,Mining,Rain,Wed,0,2
2025-09-24,S002,Compactor,Mining,Rain,Wed,0,1
2025-09-24,S003,Excavator,Building,Sunny,Wed,0,3
2025-09-24,S003,Bulldozer,Building,Sunny,Wed,0,0
2025-09-24,S003,Crane,Building,Sunny,Wed,0,5
2025-09-24,S003,Grader,Building,Sunny,Wed,0,1
2025-09-24,S003,Loader,Building,Sunny,Wed,0,1
2025-09-24,S003,Compactor,Building,Sunny,Wed,0,2
2025-09-24,S004,Excavator,Highway,Sunny,Wed,0,4
2025-09-24,S004,Bulldozer,Highway,Sunny,Wed,0,2
2025-09-24,S004,Crane,Highway,Sunny,Wed,0,1
2025-09-24,S004,Grader,Highway,Sunny,Wed,0,6
2025-09-24,S004,Loader,Highway,Sunny,Wed,0,3
2025-09-24,S004,Compactor,Highway,Sunny,Wed,0,6
2025-09-24,S005,Excavator,Mining,Rain,Wed,0,2
2025-09-24,S005,Bulldozer,Mining,Rain,Wed,0,4
2025-09-24,S005,Crane,Mining,Rain,Wed,0,1
2025-09-24,S005,Grader,Mining,Rain,Wed,0,1
2025-09-24,S005,Loader,Mining,Rain,Wed,0,2
2025-09-24,S005,Compactor,Mining,Rain,Wed,0,0
2025-09-24,S006,Excavator,Road,Sunny,Wed,0,4
2025-09-24,S006,Bulldozer,Road,Sunny,Wed,0,2
2025-09-24,S006,Crane,Road,Sunny,Wed,0,1
2025-09-24,S006,Grader,Road,Sunny,Wed,0,4
2025-09-24,S006,Loader,Road,Sunny,Wed,0,4
2025-09-24,S006,Compactor,Road,Sunny,Wed,0,4
2025-09-25,S001,Excavator,Road,Cloudy,Thu,0,5
2025-09-25,S001,Bulldozer,Road,Cloudy,Thu,0,1
2025-09-25,S001,Crane,Road,Cloudy,Thu,0,1
2025-09-25,S001,Grader,Road,Cloudy,Thu,0,3
2025-09-25,S001,Loader,Road,Cloudy,Thu,0,2
2025-09-25,S001,Compactor,Road,Cloudy,Thu,0,3
2025-09-25,S002,Excavator,Mining,Sunny,Thu,0,2
2025-09-25,S002,Bulldozer,Mining,Sunny,Thu,0,5
2025-09-25,S002,Crane,Mining,Sunny,Thu,0,3
2025-09-25,S002,Grader,Mining,Sunny,Thu,0,2
2025-09-25,S002,Loader,Mining,Sunny,Thu,0,6
2025-09-25,S002,Compactor,Mining,Sunny,Thu,0,0
2025-09-25,S003,Excavator,Building,Sunny,Thu,0,3
2025-09-25,S003,Bulldozer,Building,Sunny,Thu,0,1
2025-09-25,S003,Crane,Building,Sunny,Thu,0,5
2025-09-25,S003,Grader,Building,Sunny,Thu,0,1
2025-09-25,S003,Loader,Building,Sunny,Thu,0,2
2025-09-25,S003,Compactor,Building,Sunny,Thu,0,2
2025-09-25,S004,Excavator,Highway,Sunny,Thu,0,4
2025-09-25,S004,Bulldozer,Highway,Sunny,Thu,0,3
2025-09-25,S004,Crane,Highway,Sunny,Thu,0,2
2025-09-25,S004,Grader,Highway,Sunny,Thu,0,4
2025-09-25,S004,Loader,Highway,Sunny,Thu,0,2
2025-09-25,S004,Compactor,Highway,Sunny,Thu,0,5
2025-09-25,S005,Excavator,Mining,Sunny,Thu,0,3
2025-09-25,S005,Bulldozer,Mining,Sunny,Thu,0,6
2025-09-25,S005,Crane,Mining,Sunny,Thu,0,2
2025-09-25,S005,Grader,Mining,Sunny,Thu,0,0
2025-09-25,S005,Loader,Mining,Sunny,Thu,0,5
2025-09-25,S005,Compactor,Mining,Sunny,Thu,0,2
2025-09-25,S006,Excavator,Road,Sunny,Thu,0,5
2025-09-25,S006,Bulldozer,Road,Sunny,Thu,0,3
2025-09-25,S006,Crane,Road,Sunny,Thu,0,1
2025-09-25,S006,Grader,Road,Sunny,Thu,0,4
2025-09-25,S006,Loader,Road,Sunny,Thu,0,4
2025-09-25,S006,Compactor,Road,Sunny,Thu,0,5
2025-09-26,S001,Excavator,Road,Cloudy,Fri,0,4
2025-09-26,S001,Bulldozer,Road,Cloudy,Fri,0,2
2025-09-26,S001,Crane,Road,Cloudy,Fri,0,1
2025-09-26,S001,Grader,Road,Cloudy,Fri,0,4
2025-09-26,S001,Loader,Road,Cloudy,Fri,0,3
2025-09-26,S001,Compactor,Road,Cloudy,Fri,0,4
2025-09-26,S002,Excavator,Mining,Sunny,Fri,0,4
2025-09-26,S002,Bulldozer,Mining,Sunny,Fri,0,6
2025-09-26,S002,Crane,Mining,Sunny,Fri,0,1
2025-09-26,S002,Grader,Mining,Sunny,Fri,0,0
2025-09-26,S002,Loader,Mining,Sunny,Fri,0,4
2025-09-26,S002,Compactor,Mining,Sunny,Fri,0,0
2025-09-26,S003,Excavator,Building,Cloudy,Fri,0,2
2025-09-26,S003,Bulldozer,Building,Cloudy,Fri,0,1
2025-09-26,S003,Crane,Building,Cloudy,Fri,0,4
2025-09-26,S003,Grader,Building,Cloudy,Fri,0,1
2025-09-26,S003,Loader,Building,Cloudy,Fri,0,1
2025-09-26,S003,Compactor,Building,Cloudy,Fri,0,2
2025-09-26,S004,Excavator,Highway,Sunny,Fri,0,5
2025-09-26,S004,Bulldozer,Highway,Sunny,Fri,0,3
2025-09-26,S004,Crane,Highway,Sunny,Fri,0,2
2025-09-26,S004,Grader,Highway,Sunny,Fri,0,6
2025-09-26,S004,Loader,Highway,Sunny,Fri,0,3
2025-09-26,S004,Compactor,Highway,Sunny,Fri,0,5
2025-09-26,S005,Excavator,Mining,Cloudy,Fri,0,2
2025-09-26,S005,Bulldozer,Mining,Cloudy,Fri,0,5
2025-09-26,S005,Crane,Mining,Cloudy,Fri,0,2
2025-09-26,S005,Grader,Mining,Cloudy,Fri,0,0
2025-09-26,S005,Loader,Mining,Cloudy,Fri,0,4
2025-09-26,S005,Compactor,Mining,Cloudy,Fri,0,1
2025-09-26,S006,Excavator,Road,Sunny,Fri,0,5
2025-09-26,S006,Bulldozer,Road,Sunny,Fri,0,2
2025-09-26,S006,Crane,Road,Sunny,Fri,0,0
2025-09-26,S006,Grader,Road,Sunny,Fri,0,5
2025-09-26,S006,Loader,Road,Sunny,Fri,0,4
2025-09-26,S006,Compactor,Road,Sunny,Fri,0,4
2025-09-27,S001,Excavator,Road,Rain,Sat,1,0
2025-09-27,S001,Bulldozer,Road,Rain,Sat,1,0
2025-09-27,S001,Crane,Road,Rain,Sat,1,1
2025-09-27,S001,Grader,Road,Rain,Sat,1,1
2025-09-27,S001,Loader,Road,Rain,Sat,1,1
2025-09-27,S001,Compactor,Road,Rain,Sat,1,1
2025-09-27,S002,Excavator,Mining,Sunny,Sat,1,0
2025-09-27,S002,Bulldozer,Mining,Sunny,Sat,1,3
2025-09-27,S002,Crane,Mining,Sunny,Sat,1,0
2025-09-27,S002,Grader,Mining,Sunny,Sat,1,0
2025-09-27,S002,Loader,Mining,Sunny,Sat,1,2
2025-09-27,S002,Compactor,Mining,Sunny,Sat,1,1
2025-09-27,S003,Excavator,Building,Rain,Sat,1,1
2025-09-27,S003,Bulldozer,Building,Rain,Sat,1,1
2025-09-27,S003,Crane,Building,Rain,Sat,1,1
2025-09-27,S003,Grader,Building,Rain,Sat,1,0
2025-09-27,S003,Loader,Building,Rain,Sat,1,0
2025-09-27,S003,Compactor,Building,Rain,Sat,1,0
2025-09-27,S004,Excavator,Highway,Sunny,Sat,1,3
2025-09-27,S004,Bulldozer,Highway,Sunny,Sat,1,1
2025-09-27,S004,Crane,Highway,Sunny,Sat,1,0
2025-09-27,S004,Grader,Highway,Sunny,Sat,1,1
2025-09-27,S004,Loader,Highway,Sunny,Sat,1,2
2025-09-27,S004,Compactor,Highway,Sunny,Sat,1,1
2025-09-27,S005,Excavator,Mining,Cloudy,Sat,1,0
2025-09-27,S005,Bulldozer,Mining,Cloudy,Sat,1,2
2025-09-27,S005,Crane,Mining,Cloudy,Sat,1,0
2025-09-27,S005,Grader,Mining,Cloudy,Sat,1,0
2025-09-27,S005,Loader,Mining,Cloudy,Sat,1,1
2025-09-27,S005,Compactor,Mining,Cloudy,Sat,1,0
2025-09-27,S006,Excavator,Road,Rain,Sat,1,0
2025-09-27,S006,Bulldozer,Road,Rain,Sat,1,0
2025-09-27,S006,Crane,Road,Rain,Sat,1,0
2025-09-27,S006,Grader,Road,Rain,Sat,1,1
2025-09-27,S006,Loader,Road,Rain,Sat,1,0
2025-09-27,S006,Compactor,Road,Rain,Sat,1,1
2025-09-28,S001,Excavator,Road,Sunny,Sun,1,1
2025-09-28,S001,Bulldozer,Road,Sunny,Sun,1,1
2025-09-28,S001,Crane,Road,Sunny,Sun,1,1
2025-09-28,S001,Grader,Road,Sunny,Sun,1,2
2025-09-28,S001,Loader,Road,Sunny,Sun,1,1
2025-09-28,S001,Compactor,Road,Sunny,Sun,1,2
2025-09-28,S002,Excavator,Mining,Sunny,Sun,1,2
2025-09-28,S002,Bulldozer,Mining,Sunny,Sun,1,2
2025-09-28,S002,Crane,Mining,Sunny,Sun,1,1
2025-09-28,S002,Grader,Mining,Sunny,Sun,1,0
2025-09-28,S002,Loader,Mining,Sunny,Sun,1,2
2025-09-28,S002,Compactor,Mining,Sunny,Sun,1,1
2025-09-28,S003,Excavator,Building,Sunny,Sun,1,1
2025-09-28,S003,Bulldozer,Building,Sunny,Sun,1,0
2025-09-28,S003,Crane,Building,Sunny,Sun,1,2
2025-09-28,S003,Grader,Building,Sunny,Sun,1,0
2025-09-28,S003,Loader,Building,Sunny,Sun,1,0
2025-09-28,S003,Compactor,Building,Sunny,Sun,1,0
2025-09-28,S004,Excavator,Highway,Sunny,Sun,1,2
2025-09-28,S004,Bulldozer,Highway,Sunny,Sun,1,1
2025-09-28,S004,Crane,Highway,Sunny,Sun,1,1
2025-09-28,S004,Grader,Highway,Sunny,Sun,1,1
2025-09-28,S004,Loader,Highway,Sunny,Sun,1,2
2025-09-28,S004,Compactor,Highway,Sunny,Sun,1,2
2025-09-28,S005,Excavator,Mining,Cloudy,Sun,1,1
2025-09-28,S005,Bulldozer,Mining,Cloudy,Sun,1,2
2025-09-28,S005,Crane,Mining,Cloudy,Sun,1,1
2025-09-28,S005,Grader,Mining,Cloudy,Sun,1,1
2025-09-28,S005,Loader,Mining,Cloudy,Sun,1,2
2025-09-28,S005,Compactor,Mining,Cloudy,Sun,1,0
2025-09-28,S006,Excavator,Road,Rain,Sun,1,2
2025-09-28,S006,Bulldozer,Road,Rain,Sun,1,1
2025-09-28,S006,Crane,Road,Rain,Sun,1,1
2025-09-28,S006,Grader,Road,Rain,Sun,1,0
2025-09-28,S006,Loader,Road,Rain,Sun,1,0
2025-09-28,S006,Compactor,Road,Rain,Sun,1,2
2025-09-29,S001,Excavator,Road,Cloudy,Mon,0,5
2025-09-29,S001,Bulldozer,Road,Cloudy,Mon,0,2
2025-09-29,S001,Crane,Road,Cloudy,Mon,0,1
2025-09-29,S001,Grader,Road,Cloudy,Mon,0,4
2025-09-29,S001,Loader,Road,Cloudy,Mon,0,2
2025-09-29,S001,Compactor,Road,Cloudy,Mon,0,3
2025-09-29,S002,Excavator,Mining,Sunny,Mon,0,3
2025-09-29,S002,Bulldozer,Mining,Sunny,Mon,0,6
2025-09-29,S002,Crane,Mining,Sunny,Mon,0,2
2025-09-29,S002,Grader,Mining,Sunny,Mon,0,1
2025-09-29,S002,Loader,Mining,Sunny,Mon,0,4
2025-09-29,S002,Compactor,Mining,Sunny,Mon,0,1
2025-09-29,S003,Excavator,Building,Sunny,Mon,0,1
2025-09-29,S003,Bulldozer,Building,Sunny,Mon,0,1
2025-09-29,S003,Crane,Building,Sunny,Mon,0,6
2025-09-29,S003,Grader,Building,Sunny,Mon,0,1
2025-09-29,S003,Loader,Building,Sunny,Mon,0,3
2025-09-29,S003,Compactor,Building,Sunny,Mon,0,3
2025-09-29,S004,Excavator,Highway,Sunny,Mon,0,4
2025-09-29,S004,Bulldozer,Highway,Sunny,Mon,0,2
2025-09-29,S004,Crane,Highway,Sunny,Mon,0,1
2025-09-29,S004,Grader,Highway,Sunny,Mon,0,6
2025-09-29,S004,Loader,Highway,Sunny,Mon,0,3
2025-09-29,S004,Compactor,Highway,Sunny,Mon,0,4
2025-09-29,S005,Excavator,Mining,Cloudy,Mon,0,3
2025-09-29,S005,Bulldozer,Mining,Cloudy,Mon,0,5
2025-09-29,S005,Crane,Mining,Cloudy,Mon,0,1
2025-09-29,S005,Grader,Mining,Cloudy,Mon,0,1
2025-09-29,S005,Loader,Mining,Cloudy,Mon,0,4
2025-09-29,S005,Compactor,Mining,Cloudy,Mon,0,1
2025-09-29,S006,Excavator,Road,Cloudy,Mon,0,3
2025-09-29,S006,Bulldozer,Road,Cloudy,Mon,0,2
2025-09-29,S006,Crane,Road,Cloudy,Mon,0,0
2025-09-29,S006,Grader,Road,Cloudy,Mon,0,3
2025-09-29,S006,Loader,Road,Cloudy,Mon,0,2
2025-09-29,S006,Compactor,Road,Cloudy,Mon,0,4
2025-09-30,S001,Excavator,Road,Sunny,Tue,0,4
2025-09-30,S001,Bulldozer,Road,Sunny,Tue,0,2
2025-09-30,S001,Crane,Road,Sunny,Tue,0,0
2025-09-30,S001,Grader,Road,Sunny,Tue,0,3
2025-09-30,S001,Loader,Road,Sunny,Tue,0,2
2025-09-30,S001,Compactor,Road,Sunny,Tue,0,4
2025-09-30,S002,Excavator,Mining,Sunny,Tue,0,2
2025-09-30,S002,Bulldozer,Mining,Sunny,Tue,0,5
2025-09-30,S002,Crane,Mining,Sunny,Tue,0,3
2025-09-30,S002,Grader,Mining,Sunny,Tue,0,1
2025-09-30,S002,Loader,Mining,Sunny,Tue,0,6
2025-09-30,S002,Compactor,Mining,Sunny,Tue,0,1
2025-09-30,S003,Excavator,Building,Cloudy,Tue,0,2
2025-09-30,S003,Bulldozer,Building,Cloudy,Tue,0,1
2025-09-30,S003,Crane,Building,Cloudy,Tue,0,3
2025-09-30,S003,Grader,Building,Cloudy,Tue,0,0
2025-09-30,S003,Loader,Building,Cloudy,Tue,0,2
2025-09-30,S003,Compactor,Building,Cloudy,Tue,0,2
2025-09-30,S004,Excavator,Highway,Sunny,Tue,0,4
2025-09-30,S004,Bulldozer,Highway,Sunny,Tue,0,3
2025-09-30,S004,Crane,Highway,Sunny,Tue,0,2
2025-09-30,S004,Grader,Highway,Sunny,Tue,0,4
2025-09-30,S004,Loader,Highway,Sunny,Tue,0,4
2025-09-30,S004,Compactor,Highway,Sunny,Tue,0,5
2025-09-30,S005,Excavator,Mining,Sunny,Tue,0,2
2025-09-30,S005,Bulldozer,Mining,Sunny,Tue,0,6
2025-09-30,S005,Crane,Mining,Sunny,Tue,0,3
2025-09-30,S005,Grader,Mining,Sunny,Tue,0,0
2025-09-30,S005,Loader,Mining,Sunny,Tue,0,4
2025-09-30,S005,Compactor,Mining,Sunny,Tue,0,0
2025-09-30,S006,Excavator,Road,Sunny,Tue,0,4
2025-09-30,S006,Bulldozer,Road,Sunny,Tue,0,2
2025-09-30,S006,Crane,Road,Sunny,Tue,0,0
2025-09-30,S006,Grader,Road,Sunny,Tue,0,4
2025-09-30,S006,Loader,Road,Sunny,Tue,0,2
2025-09-30,S006,Compactor,Road,Sunny,Tue,0,4
2025-10-01,S001,Excavator,Road,Sunny,Wed,0,4
2025-10-01,S001,Bulldozer,Road,Sunny,Wed,0,1
2025-10-01,S001,Crane,Road,Sunny,Wed,0,0
2025-10-01,S001,Grader,Road,Sunny,Wed,0,3
2025-10-01,S001,Loader,Road,Sunny,Wed,0,3
2025-10-01,S001,Compactor,Road,Sunny,Wed,0,3
2025-10-01,S002,Excavator,Mining,Sunny,Wed,0,4
2025-10-01,S002,Bulldozer,Mining,Sunny,Wed,0,6
2025-10-01,S002,Crane,Mining,Sunny,Wed,0,2
2025-10-01,S002,Grader,Mining,Sunny,Wed,0,1
2025-10-01,S002,Loader,Mining,Sunny,Wed,0,5
2025-10-01,S002,Compactor,Mining,Sunny,Wed,0,1
2025-10-01,S003,Excavator,Building,Sunny,Wed,0,1
2025-10-01,S003,Bulldozer,Building,Sunny,Wed,0,0
2025-10-01,S003,Crane,Building,Sunny,Wed,0,4
2025-10-01,S003,Grader,Building,Sunny,Wed,0,1
2025-10-01,S003,Loader,Building,Sunny,Wed,0,1
2025-10-01,S003,Compactor,Building,Sunny,Wed,0,2
2025-10-01,S004,Excavator,Highway,Sunny,Wed,0,5
2025-10-01,S004,Bulldozer,Highway,Sunny,Wed,0,3
2025-10-01,S004,Crane,Highway,Sunny,Wed,0,1
2025-10-01,S004,Grader,Highway,Sunny,Wed,0,5
2025-10-01,S004,Loader,Highway,Sunny,Wed,0,4
2025-10-01,S004,Compactor,Highway,Sunny,Wed,0,5
2025-10-01,S005,Excavator,Mining,Sunny,Wed,0,2
2025-10-01,S005,Bulldozer,Mining,Sunny,Wed,0,6
2025-10-01,S005,Crane,Mining,Sunny,Wed,0,2
2025-10-01,S005,Grader,Mining,Sunny,Wed,0,1
2025-10-01,S005,Loader,Mining,Sunny,Wed,0,4
2025-10-01,S005,Compactor,Mining,Sunny,Wed,0,0
2025-10-01,S006,Excavator,Road,Cloudy,Wed,0,4
2025-10-01,S006,Bulldozer,Road,Cloudy,Wed,0,2
2025-10-01,S006,Crane,Road,Cloudy,Wed,0,2
2025-10-01,S006,Grader,Road,Cloudy,Wed,0,3
2025-10-01,S006,Loader,Road,Cloudy,Wed,0,2
2025-10-01,S006,Compactor,Road,Cloudy,Wed,0,4
2025-10-02,S001,Excavator,Road,Sunny,Thu,0,5
2025-10-02,S001,Bulldozer,Road,Sunny,Thu,0,3
2025-10-02,S001,Crane,Road,Sunny,Thu,0,1
2025-10-02,S001,Grader,Road,Sunny,Thu,0,4
2025-10-02,S001,Loader,Road,Sunny,Thu,0,4
2025-10-02,S001,Compactor,Road,Sunny,Thu,0,5
2025-10-02,S002,Excavator,Mining,Cloudy,Thu,0,3
2025-10-02,S002,Bulldozer,Mining,Cloudy,Thu,0,5
2025-10-02,S002,Crane,Mining,Cloudy,Thu,0,1
2025-10-02,S002,Grader,Mining,Cloudy,Thu,0,0
2025-10-02,S002,Loader,Mining,Cloudy,Thu,0,5
2025-10-02,S002,Compactor,Mining,Cloudy,Thu,0,1
2025-10-02,S003,Excavator,Building,Cloudy,Thu,0,3
2025-10-02,S003,Bulldozer,Building,Cloudy,Thu,0,0
2025-10-02,S003,Crane,Building,Cloudy,Thu,0,5
2025-10-02,S003,Grader,Building,Cloudy,Thu,0,0
2025-10-02,S003,Loader,Building,Cloudy,Thu,0,1
2025-10-02,S003,Compactor,Building,Cloudy,Thu,0,1
2025-10-02,S004,Excavator,Highway,Cloudy,Thu,0,5
2025-10-02,S004,Bulldozer,Highway,Cloudy,Thu,0,2
2025-10-02,S004,Crane,Highway,Cloudy,Thu,0,1
2025-10-02,S004,Grader,Highway,Cloudy,Thu,0,5
2025-10-02,S004,Loader,Highway,Cloudy,Thu,0,3
2025-10-02,S004,Compactor,Highway,Cloudy,Thu,0,5
2025-10-02,S005,Excavator,Mining,Sunny,Thu,0,2
2025-10-02,S005,Bulldozer,Mining,Sunny,Thu,0,6
2025-10-02,S005,Crane,Mining,Sunny,Thu,0,3
2025-10-02,S005,Grader,Mining,Sunny,Thu,0,1
2025-10-02,S005,Loader,Mining,Sunny,Thu,0,6
2025-10-02,S005,Compactor,Mining,Sunny,Thu,0,0
2025-10-02,S006,Excavator,Road,Sunny,Thu,0,6
2025-10-02,S006,Bulldozer,Road,Sunny,Thu,0,2
2025-10-02,S006,Crane,Road,Sunny,Thu,0,2
2025-10-02,S006,Grader,Road,Sunny,Thu,0,5
2025-10-02,S006,Loader,Road,Sunny,Thu,0,3
2025-10-02,S006,Compactor,Road,Sunny,Thu,0,4
2025-10-03,S001,Excavator,Road,Rain,Fri,0,2
2025-10-03,S001,Bulldozer,Road,Rain,Fri,0,1
2025-10-03,S001,Crane,Road,Rain,Fri,0,1
2025-10-03,S001,Grader,Road,Rain,Fri,0,3
2025-10-03,S001,Loader,Road,Rain,Fri,0,2
2025-10-03,S001,Compactor,Road,Rain,Fri,0,2
2025-10-03,S002,Excavator,Mining,Rain,Fri,0,2
2025-10-03,S002,Bulldozer,Mining,Rain,Fri,0,4
2025-10-03,S002,Crane,Mining,Rain,Fri,0,0
2025-10-03,S002,Grader,Mining,Rain,Fri,0,0
2025-10-03,S002,Loader,Mining,Rain,Fri,0,2
2025-10-03,S002,Compactor,Mining,Rain,Fri,0,1
2025-10-03,S003,Excavator,Building,Rain,Fri,0,0
2025-10-03,S003,Bulldozer,Building,Rain,Fri,0,0
2025-10-03,S003,Crane,Building,Rain,Fri,0,2
2025-10-03,S003,Grader,Building,Rain,Fri,0,1
2025-10-03,S003,Loader,Building,Rain,Fri,0,2
2025-10-03,S003,Compactor,Building,Rain,Fri,0,1
2025-10-03,S004,Excavator,Highway,Sunny,Fri,0,5
2025-10-03,S004,Bulldozer,Highway,Sunny,Fri,0,3
2025-10-03,S004,Crane,Highway,Sunny,Fri,0,1
2025-10-03,S004,Grader,Highway,Sunny,Fri,0,5
2025-10-03,S004,Loader,Highway,Sunny,Fri,0,3
2025-10-03,S004,Compactor,Highway,Sunny,Fri,0,4
2025-10-03,S005,Excavator,Mining,Cloudy,Fri,0,2
2025-10-03,S005,Bulldozer,Mining,Cloudy,Fri,0,6
2025-10-03,S005,Crane,Mining,Cloudy,Fri,0,2
2025-10-03,S005,Grader,Mining,Cloudy,Fri,0,0
2025-10-03,S005,Loader,Mining,Cloudy,Fri,0,4
2025-10-03,S005,Compactor,Mining,Cloudy,Fri,0,1
2025-10-03,S006,Excavator,Road,Cloudy,Fri,0,5
2025-10-03,S006,Bulldozer,Road,Cloudy,Fri,0,1
2025-10-03,S006,Crane,Road,Cloudy,Fri,0,0
2025-10-03,S006,Grader,Road,Cloudy,Fri,0,3
2025-10-03,S006,Loader,Road,Cloudy,Fri,0,2
2025-10-03,S006,Compactor,Road,Cloudy,Fri,0,3
2025-10-04,S001,Excavator,Road,Rain,Sat,1,2
2025-10-04,S001,Bulldozer,Road,Rain,Sat,1,1
2025-10-04,S001,Crane,Road,Rain,Sat,1,0
2025-10-04,S001,Grader,Road,Rain,Sat,1,1
2025-10-04,S001,Loader,Road,Rain,Sat,1,0
2025-10-04,S001,Compactor,Road,Rain,Sat,1,0
2025-10-04,S002,Excavator,Mining,Sunny,Sat,1,1
2025-10-04,S002,Bulldozer,Mining,Sunny,Sat,1,2
2025-10-04,S002,Crane,Mining,Sunny,Sat,1,0
2025-10-04,S002,Grader,Mining,Sunny,Sat,1,1
2025-10-04,S002,Loader,Mining,Sunny,Sat,1,2
2025-10-04,S002,Compactor,Mining,Sunny,Sat,1,1
2025-10-04,S003,Excavator,Building,Sunny,Sat,1,0
2025-10-04,S003,Bulldozer,Building,Sunny,Sat,1,1
2025-10-04,S003,Crane,Building,Sunny,Sat,1,1
2025-10-04,S003,Grader,Building,Sunny,Sat,1,1
2025-10-04,S003,Loader,Building,Sunny,Sat,1,2
2025-10-04,S003,Compactor,Building,Sunny,Sat,1,1
2025-10-04,S004,Excavator,Highway,Sunny,Sat,1,1
2025-10-04,S004,Bulldozer,Highway,Sunny,Sat,1,2
2025-10-04,S004,Crane,Highway,Sunny,Sat,1,0
2025-10-04,S004,Grader,Highway,Sunny,Sat,1,2
2025-10-04,S004,Loader,Highway,Sunny,Sat,1,2
2025-10-04,S004,Compactor,Highway,Sunny,Sat,1,2
2025-10-04,S005,Excavator,Mining,Sunny,Sat,1,2
2025-10-04,S005,Bulldozer,Mining,Sunny,Sat,1,3
2025-10-04,S005,Crane,Mining,Sunny,Sat,1,1
2025-10-04,S005,Grader,Mining,Sunny,Sat,1,0
2025-10-04,S005,Loader,Mining,Sunny,Sat,1,2
2025-10-04,S005,Compactor,Mining,Sunny,Sat,1,1
2025-10-04,S006,Excavator,Road,Rain,Sat,1,2
2025-10-04,S006,Bulldozer,Road,Rain,Sat,1,1
2025-10-04,S006,Crane,Road,Rain,Sat,1,1
2025-10-04,S006,Grader,Road,Rain,Sat,1,0
2025-10-04,S006,Loader,Road,Rain,Sat,1,1
2025-10-04,S006,Compactor,Road,Rain,Sat,1,0
2025-10-05,S001,Excavator,Road,Sunny,Sun,1,2
2025-10-05,S001,Bulldozer,Road,Sunny,Sun,1,2
2025-10-05,S001,Crane,Road,Sunny,Sun,1,0
2025-10-05,S001,Grader,Road,Sunny,Sun,1,1
2025-10-05,S001,Loader,Road,Sunny,Sun,1,2
2025-10-05,S001,Compactor,Road,Sunny,Sun,1,3
2025-10-05,S002,Excavator,Mining,Cloudy,Sun,1,1
2025-10-05,S002,Bulldozer,Mining,Cloudy,Sun,1,3
2025-10-05,S002,Crane,Mining,Cloudy,Sun,1,0
2025-10-05,S002,Grader,Mining,Cloudy,Sun,1,0
2025-10-05,S002,Loader,Mining,Cloudy,Sun,1,1
2025-10-05,S002,Compactor,Mining,Cloudy,Sun,1,0
2025-10-05,S003,Excavator,Building,Sunny,Sun,1,2
2025-10-05,S003,Bulldozer,Building,Sunny,Sun,1,0
2025-10-05,S003,Crane,Building,Sunny,Sun,1,3
2025-10-05,S003,Grader,Building,Sunny,Sun,1,0
2025-10-05,S003,Loader,Building,Sunny,Sun,1,1
2025-10-05,S003,Compactor,Building,Sunny,Sun,1,0
2025-10-05,S004,Excavator,Highway,Sunny,Sun,1,2
2025-10-05,S004,Bulldozer,Highway,Sunny,Sun,1,2
2025-10-05,S004,Crane,Highway,Sunny,Sun,1,1
2025-10-05,S004,Grader,Highway,Sunny,Sun,1,3
2025-10-05,S004,Loader,Highway,Sunny,Sun,1,0
2025-10-05,S004,Compactor,Highway,Sunny,Sun,1,2
2025-10-05,S005,Excavator,Mining,Cloudy,Sun,1,0
2025-10-05,S005,Bulldozer,Mining,Cloudy,Sun,1,1
2025-10-05,S005,Crane,Mining,Cloudy,Sun,1,0
2025-10-05,S005,Grader,Mining,Cloudy,Sun,1,0
2025-10-05,S005,Loader,Mining,Cloudy,Sun,1,2
2025-10-05,S005,Compactor,Mining,Cloudy,Sun,1,1
2025-10-05,S006,Excavator,Road,Cloudy,Sun,1,1
2025-10-05,S006,Bulldozer,Road,Cloudy,Sun,1,1
2025-10-05,S006,Crane,Road,Cloudy,Sun,1,1
2025-10-05,S006,Grader,Road,Cloudy,Sun,1,1
2025-10-05,S006,Loader,Road,Cloudy,Sun,1,0
2025-10-05,S006,Compactor,Road,Cloudy,Sun,1,2
2025-10-06,S001,Excavator,Road,Cloudy,Mon,0,3
2025-10-06,S001,Bulldozer,Road,Cloudy,Mon,0,1
2025-10-06,S001,Crane,Road,Cloudy,Mon,0,1
2025-10-06,S001,Grader,Road,Cloudy,Mon,0,3
2025-10-06,S001,Loader,Road,Cloudy,Mon,0,2
2025-10-06,S001,Compactor,Road,Cloudy,Mon,0,3
2025-10-06,S002,Excavator,Mining,Sunny,Mon,0,3
2025-10-06,S002,Bulldozer,Mining,Sunny,Mon,0,6
2025-10-06,S002,Crane,Mining,Sunny,Mon,0,3
2025-10-06,S002,Grader,Mining,Sunny,Mon,0,0
2025-10-06,S002,Loader,Mining,Sunny,Mon,0,5
2025-10-06,S002,Compactor,Mining,Sunny,Mon,0,0
2025-10-06,S003,Excavator,Building,Sunny,Mon,0,1
2025-10-06,S003,Bulldozer,Building,Sunny,Mon,0,1
2025-10-06,S003,Crane,Building,Sunny,Mon,0,6
2025-10-06,S003,Grader,Building,Sunny,Mon,0,1
2025-10-06,S003,Loader,Building,Sunny,Mon,0,2
2025-10-06,S003,Compactor,Building,Sunny,Mon,0,2
2025-10-06,S004,Excavator,Highway,Sunny,Mon,0,5
2025-10-06,S004,Bulldozer,Highway,Sunny,Mon,0,4
2025-10-06,S004,Crane,Highway,Sunny,Mon,0,0
2025-10-06,S004,Grader,Highway,Sunny,Mon,0,6
2025-10-06,S004,Loader,Highway,Sunny,Mon,0,3
2025-10-06,S004,Compactor,Highway,Sunny,Mon,0,4
2025-10-06,S005,Excavator,Mining,Rain,Mon,0,2
2025-10-06,S005,Bulldozer,Mining,Rain,Mon,0,2
2025-10-06,S005,Crane,Mining,Rain,Mon,0,0
2025-10-06,S005,Grader,Mining,Rain,Mon,0,1
2025-10-06,S005,Loader,Mining,Rain,Mon,0,2
2025-10-06,S005,Compactor,Mining,Rain,Mon,0,1
2025-10-06,S006,Excavator,Road,Cloudy,Mon,0,3
2025-10-06,S006,Bulldozer,Road,Cloudy,Mon,0,2
2025-10-06,S006,Crane,Road,Cloudy,Mon,0,0
2025-10-06,S006,Grader,Road,Cloudy,Mon,0,3
2025-10-06,S006,Loader,Road,Cloudy,Mon,0,3
2025-10-06,S006,Compactor,Road,Cloudy,Mon,0,4
2025-10-07,S001,Excavator,Road,Sunny,Tue,0,5
2025-10-07,S001,Bulldozer,Road,Sunny,Tue,0,2
2025-10-07,S001,Crane,Road,Sunny,Tue,0,2
2025-10-07,S001,Grader,Road,Sunny,Tue,0,5
2025-10-07,S001,Loader,Road,Sunny,Tue,0,3
2025-10-07,S001,Compactor,Road,Sunny,Tue,0,3
2025-10-07,S002,Excavator,Mining,Cloudy,Tue,0,3
2025-10-07,S002,Bulldozer,Mining,Cloudy,Tue,0,6
2025-10-07,S002,Crane,Mining,Cloudy,Tue,0,1
2025-10-07,S002,Grader,Mining,Cloudy,Tue,0,1
2025-10-07,S002,Loader,Mining,Cloudy,Tue,0,3
2025-10-07,S002,Compactor,Mining,Cloudy,Tue,0,0
2025-10-07,S003,Excavator,Building,Sunny,Tue,0,2
2025-10-07,S003,Bulldozer,Building,Sunny,Tue,0,1
2025-10-07,S003,Crane,Building,Sunny,Tue,0,5
2025-10-07,S003,Grader,Building,Sunny,Tue,0,2
2025-10-07,S003,Loader,Building,Sunny,Tue,0,2
2025-10-07,S003,Compactor,Building,Sunny,Tue,0,2
2025-10-07,S004,Excavator,Highway,Sunny,Tue,0,5
2025-10-07,S004,Bulldozer,Highway,Sunny,Tue,0,3
2025-10-07,S004,Crane,Highway,Sunny,Tue,0,0
2025-10-07,S004,Grader,Highway,Sunny,Tue,0,5
2025-10-07,S004,Loader,Highway,Sunny,Tue,0,3
2025-10-07,S004,Compactor,Highway,Sunny,Tue,0,6
2025-10-07,S005,Excavator,Mining,Rain,Tue,0,1
2025-10-07,S005,Bulldozer,Mining,Rain,Tue,0,3
2025-10-07,S005,Crane,Mining,Rain,Tue,0,0
2025-10-07,S005,Grader,Mining,Rain,Tue,0,0
2025-10-07,S005,Loader,Mining,Rain,Tue,0,3
2025-10-07,S005,Compactor,Mining,Rain,Tue,0,1
2025-10-07,S006,Excavator,Road,Sunny,Tue,0,5
2025-10-07,S006,Bulldozer,Road,Sunny,Tue,0,2
2025-10-07,S006,Crane,Road,Sunny,Tue,0,1
2025-10-07,S006,Grader,Road,Sunny,Tue,0,4
2025-10-07,S006,Loader,Road,Sunny,Tue,0,3
2025-10-07,S006,Compactor,Road,Sunny,Tue,0,5
2025-10-08,S001,Excavator,Road,Cloudy,Wed,0,4
2025-10-08,S001,Bulldozer,Road,Cloudy,Wed,0,2
2025-10-08,S001,Crane,Road,Cloudy,Wed,0,0
2025-10-08,S001,Grader,Road,Cloudy,Wed,0,4
2025-10-08,S001,Loader,Road,Cloudy,Wed,0,2
2025-10-08,S001,Compactor,Road,Cloudy,Wed,0,3
2025-10-08,S002,Excavator,Mining,Sunny,Wed,0,3
2025-10-08,S002,Bulldozer,Mining,Sunny,Wed,0,6
2025-10-08,S002,Crane,Mining,Sunny,Wed,0,1
2025-10-08,S002,Grader,Mining,Sunny,Wed,0,0
2025-10-08,S002,Loader,Mining,Sunny,Wed,0,5
2025-10-08,S002,Compactor,Mining,Sunny,Wed,0,1
2025-10-08,S003,Excavator,Building,Sunny,Wed,0,1
2025-10-08,S003,Bulldozer,Building,Sunny,Wed,0,1
2025-10-08,S003,Crane,Building,Sunny,Wed,0,5
2025-10-08,S003,Grader,Building,Sunny,Wed,0,0
2025-10-08,S003,Loader,Building,Sunny,Wed,0,2
2025-10-08,S003,Compactor,Building,Sunny,Wed,0,1
2025-10-08,S004,Excavator,Highway,Sunny,Wed,0,5
2025-10-08,S004,Bulldozer,Highway,Sunny,Wed,0,2
2025-10-08,S004,Crane,Highway,Sunny,Wed,0,1
2025-10-08,S004,Grader,Highway,Sunny,Wed,0,5
2025-10-08,S004,Loader,Highway,Sunny,Wed,0,4
2025-10-08,S004,Compactor,Highway,Sunny,Wed,0,5
2025-10-08,S005,Excavator,Mining,Cloudy,Wed,0,3
2025-10-08,S005,Bulldozer,Mining,Cloudy,Wed,0,5
2025-10-08,S005,Crane,Mining,Cloudy,Wed,0,2
2025-10-08,S005,Grader,Mining,Cloudy,Wed,0,1
2025-10-08,S005,Loader,Mining,Cloudy,Wed,0,4
2025-10-08,S005,Compactor,Mining,Cloudy,Wed,0,2
2025-10-08,S006,Excavator,Road,Sunny,Wed,0,6
2025-10-08,S006,Bulldozer,Road,Sunny,Wed,0,2
2025-10-08,S006,Crane,Road,Sunny,Wed,0,1
2025-10-08,S006,Grader,Road,Sunny,Wed,0,5
2025-10-08,S006,Loader,Road,Sunny,Wed,0,2
2025-10-08,S006,Compactor,Road,Sunny,Wed,0,4
2025-10-09,S001,Excavator,Road,Sunny,Thu,0,4
2025-10-09,S001,Bulldozer,Road,Sunny,Thu,0,3
2025-10-09,S001,Crane,Road,Sunny,Thu,0,0
2025-10-09,S001,Grader,Road,Sunny,Thu,0,4
2025-10-09,S001,Loader,Road,Sunny,Thu,0,2
2025-10-09,S001,Compactor,Road,Sunny,Thu,0,5
2025-10-09,S002,Excavator,Mining,Sunny,Thu,0,4
2025-10-09,S002,Bulldozer,Mining,Sunny,Thu,0,6
2025-10-09,S002,Crane,Mining,Sunny,Thu,0,2
2025-10-09,S002,Grader,Mining,Sunny,Thu,0,0
2025-10-09,S002,Loader,Mining,Sunny,Thu,0,5
2025-10-09,S002,Compactor,Mining,Sunny,Thu,0,1
2025-10-09,S003,Excavator,Building,Sunny,Thu,0,2
2025-10-09,S003,Bulldozer,Building,Sunny,Thu,0,1
2025-10-09,S003,Crane,Building,Sunny,Thu,0,6
2025-10-09,S003,Grader,Building,Sunny,Thu,0,0
2025-10-09,S003,Loader,Building,Sunny,Thu,0,1
2025-10-09,S003,Compactor,Building,Sunny,Thu,0,2
2025-10-09,S004,Excavator,Highway,Cloudy,Thu,0,5
2025-10-09,S004,Bulldozer,Highway,Cloudy,Thu,0,2
2025-10-09,S004,Crane,Highway,Cloudy,Thu,0,2
2025-10-09,S004,Grader,Highway,Cloudy,Thu,0,4
2025-10-09,S004,Loader,Highway,Cloudy,Thu,0,3
2025-10-09,S004,Compactor,Highway,Cloudy,Thu,0,5
2025-10-09,S005,Excavator,Mining,Rain,Thu,0,2
2025-10-09,S005,Bulldozer,Mining,Rain,Thu,0,4
2025-10-09,S005,Crane,Mining,Rain,Thu,0,1
2025-10-09,S005,Grader,Mining,Rain,Thu,0,1
2025-10-09,S005,Loader,Mining,Rain,Thu,0,2
2025-10-09,S005,Compactor,Mining,Rain,Thu,0,1
2025-10-09,S006,Excavator,Road,Sunny,Thu,0,5
2025-10-09,S006,Bulldozer,Road,Sunny,Thu,0,2
2025-10-09,S006,Crane,Road,Sunny,Thu,0,2
2025-10-09,S006,Grader,Road,Sunny,Thu,0,4
2025-10-09,S006,Loader,Road,Sunny,Thu,0,3
2025-10-09,S006,Compactor,Road,Sunny,Thu,0,5
2025-10-10,S001,Excavator,Road,Sunny,Fri,0,5
2025-10-10,S001,Bulldozer,Road,Sunny,Fri,0,2
2025-10-10,S001,Crane,Road,Sunny,Fri,0,0
2025-10-10,S001,Grader,Road,Sunny,Fri,0,4
2025-10-10,S001,Loader,Road,Sunny,Fri,0,2
2025-10-10,S001,Compactor,Road,Sunny,Fri,0,5
2025-10-10,S002,Excavator,Mining,Sunny,Fri,0,3
2025-10-10,S002,Bulldozer,Mining,Sunny,Fri,0,6
2025-10-10,S002,Crane,Mining,Sunny,Fri,0,1
2025-10-10,S002,Grader,Mining,Sunny,Fri,0,2
2025-10-10,S002,Loader,Mining,Sunny,Fri,0,5
2025-10-10,S002,Compactor,Mining,Sunny,Fri,0,1
2025-10-10,S003,Excavator,Building,Sunny,Fri,0,1
2025-10-10,S003,Bulldozer,Building,Sunny,Fri,0,1
2025-10-10,S003,Crane,Building,Sunny,Fri,0,4
2025-10-10,S003,Grader,Building,Sunny,Fri,0,0
2025-10-10,S003,Loader,Building,Sunny,Fri,0,2
2025-10-10,S003,Compactor,Building,Sunny,Fri,0,2
2025-10-10,S004,Excavator,Highway,Cloudy,Fri,0,4
2025-10-10,S004,Bulldozer,Highway,Cloudy,Fri,0,2
2025-10-10,S004,Crane,Highway,Cloudy,Fri,0,1
2025-10-10,S004,Grader,Highway,Cloudy,Fri,0,5
2025-10-10,S004,Loader,Highway,Cloudy,Fri,0,2
2025-10-10,S004,Compactor,Highway,Cloudy,Fri,0,4
2025-10-10,S005,Excavator,Mining,Sunny,Fri,0,3
2025-10-10,S005,Bulldozer,Mining,Sunny,Fri,0,6
2025-10-10,S005,Crane,Mining,Sunny,Fri,0,3
2025-10-10,S005,Grader,Mining,Sunny,Fri,0,0
2025-10-10,S005,Loader,Mining,Sunny,Fri,0,5
2025-10-10,S005,Compactor,Mining,Sunny,Fri,0,1
2025-10-10,S006,Excavator,Road,Sunny,Fri,0,4
2025-10-10,S006,Bulldozer,Road,Sunny,Fri,0,3
2025-10-10,S006,Crane,Road,Sunny,Fri,0,2
2025-10-10,S006,Grader,Road,Sunny,Fri,0,4
2025-10-10,S006,Loader,Road,Sunny,Fri,0,3
2025-10-10,S006,Compactor,Road,Sunny,Fri,0,4
2025-10-11,S001,Excavator,Road,Sunny,Sat,1,3
2025-10-11,S001,Bulldozer,Road,Sunny,Sat,1,2
2025-10-11,S001,Crane,Road,Sunny,Sat,1,1
2025-10-11,S001,Grader,Road,Sunny,Sat,1,1
2025-10-11,S001,Loader,Road,Sunny,Sat,1,2
2025-10-11,S001,Compactor,Road,Sunny,Sat,1,2
2025-10-11,S002,Excavator,Mining,Sunny,Sat,1,2
2025-10-11,S002,Bulldozer,Mining,Sunny,Sat,1,2
2025-10-11,S002,Crane,Mining,Sunny,Sat,1,2
2025-10-11,S002,Grader,Mining,Sunny,Sat,1,1
2025-10-11,S002,Loader,Mining,Sunny,Sat,1,2
2025-10-11,S002,Compactor,Mining,Sunny,Sat,1,1
2025-10-11,S003,Excavator,Building,Sunny,Sat,1,0
2025-10-11,S003,Bulldozer,Building,Sunny,Sat,1,0
2025-10-11,S003,Crane,Building,Sunny,Sat,1,1
2025-10-11,S003,Grader,Building,Sunny,Sat,1,0
2025-10-11,S003,Loader,Building,Sunny,Sat,1,2
2025-10-11,S003,Compactor,Building,Sunny,Sat,1,1
2025-10-11,S004,Excavator,Highway,Sunny,Sat,1,1
2025-10-11,S004,Bulldozer,Highway,Sunny,Sat,1,1
2025-10-11,S004,Crane,Highway,Sunny,Sat,1,0
2025-10-11,S004,Grader,Highway,Sunny,Sat,1,3
2025-10-11,S004,Loader,Highway,Sunny,Sat,1,1
2025-10-11,S004,Compactor,Highway,Sunny,Sat,1,2
2025-10-11,S005,Excavator,Mining,Sunny,Sat,1,1
2025-10-11,S005,Bulldozer,Mining,Sunny,Sat,1,2
2025-10-11,S005,Crane,Mining,Sunny,Sat,1,1
2025-10-11,S005,Grader,Mining,Sunny,Sat,1,0
2025-10-11,S005,Loader,Mining,Sunny,Sat,1,1
2025-10-11,S005,Compactor,Mining,Sunny,Sat,1,0
2025-10-11,S006,Excavator,Road,Sunny,Sat,1,3
2025-10-11,S006,Bulldozer,Road,Sunny,Sat,1,1
2025-10-11,S006,Crane,Road,Sunny,Sat,1,0
2025-10-11,S006,Grader,Road,Sunny,Sat,1,1
2025-10-11,S006,Loader,Road,Sunny,Sat,1,1
2025-10-11,S006,Compactor,Road,Sunny,Sat,1,1
2025-10-12,S001,Excavator,Road,Sunny,Sun,1,2
2025-10-12,S001,Bulldozer,Road,Sunny,Sun,1,1
2025-10-12,S001,Crane,Road,Sunny,Sun,1,0
2025-10-12,S001,Grader,Road,Sunny,Sun,1,2
2025-10-12,S001,Loader,Road,Sunny,Sun,1,1
2025-10-12,S001,Compactor,Road,Sunny,Sun,1,1
2025-10-12,S002,Excavator,Mining,Sunny,Sun,1,1
2025-10-12,S002,Bulldozer,Mining,Sunny,Sun,1,3
2025-10-12,S002,Crane,Mining,Sunny,Sun,1,1
2025-10-12,S002,Grader,Mining,Sunny,Sun,1,0
2025-10-12,S002,Loader,Mining,Sunny,Sun,1,2
2025-10-12,S002,Compactor,Mining,Sunny,Sun,1,1
2025-10-12,S003,Excavator,Building,Sunny,Sun,1,1
2025-10-12,S003,Bulldozer,Building,Sunny,Sun,1,0
2025-10-12,S003,Crane,Building,Sunny,Sun,1,2
2025-10-12,S003,Grader,Building,Sunny,Sun,1,0
2025-10-12,S003,Loader,Building,Sunny,Sun,1,0
2025-10-12,S003,Compactor,Building,Sunny,Sun,1,1
2025-10-12,S004,Excavator,Highway,Cloudy,Sun,1,3
2025-10-12,S004,Bulldozer,Highway,Cloudy,Sun,1,2
2025-10-12,S004,Crane,Highway,Cloudy,Sun,1,1
2025-10-12,S004,Grader,Highway,Cloudy,Sun,1,2
2025-10-12,S004,Loader,Highway,Cloudy,Sun,1,1
2025-10-12,S004,Compactor,Highway,Cloudy,Sun,1,2
2025-10-12,S005,Excavator,Mining,Sunny,Sun,1,1
2025-10-12,S005,Bulldozer,Mining,Sunny,Sun,1,2
2025-10-12,S005,Crane,Mining,Sunny,Sun,1,1
2025-10-12,S005,Grader,Mining,Sunny,Sun,1,1
2025-10-12,S005,Loader,Mining,Sunny,Sun,1,3
2025-10-12,S005,Compactor,Mining,Sunny,Sun,1,0
2025-10-12,S006,Excavator,Road,Sunny,Sun,1,2
2025-10-12,S006,Bulldozer,Road,Sunny,Sun,1,0
2025-10-12,S006,Crane,Road,Sunny,Sun,1,1
2025-10-12,S006,Grader,Road,Sunny,Sun,1,2
2025-10-12,S006,Loader,Road,Sunny,Sun,1,1
2025-10-12,S006,Compactor,Road,Sunny,Sun,1,1
2025-10-13,S001,Excavator,Road,Sunny,Mon,0,6
2025-10-13,S001,Bulldozer,Road,Sunny,Mon,0,2
2025-10-13,S001,Crane,Road,Sunny,Mon,0,1
2025-10-13,S001,Grader,Road,Sunny,Mon,0,4
2025-10-13,S001,Loader,Road,Sunny,Mon,0,4
2025-10-13,S001,Compactor,Road,Sunny,Mon,0,5
2025-10-13,S002,Excavator,Mining,Rain,Mon,0,2
2025-10-13,S002,Bulldozer,Mining,Rain,Mon,0,4
2025-10-13,S002,Crane,Mining,Rain,Mon,0,1
2025-10-13,S002,Grader,Mining,Rain,Mon,0,1
2025-10-13,S002,Loader,Mining,Rain,Mon,0,2
2025-10-13,S002,Compactor,Mining,Rain,Mon,0,0
2025-10-13,S003,Excavator,Building,Sunny,Mon,0,1
2025-10-13,S003,Bulldozer,Building,Sunny,Mon,0,2
2025-10-13,S003,Crane,Building,Sunny,Mon,0,4
2025-10-13,S003,Grader,Building,Sunny,Mon,0,2
2025-10-13,S003,Loader,Building,Sunny,Mon,0,2
2025-10-13,S003,Compactor,Building,Sunny,Mon,0,1
2025-10-13,S004,Excavator,Highway,Sunny,Mon,0,5
2025-10-13,S004,Bulldozer,Highway,Sunny,Mon,0,4
2025-10-13,S004,Crane,Highway,Sunny,Mon,0,1
2025-10-13,S004,Grader,Highway,Sunny,Mon,0,4
2025-10-13,S004,Loader,Highway,Sunny,Mon,0,3
2025-10-13,S004,Compactor,Highway,Sunny,Mon,0,4
2025-10-13,S005,Excavator,Mining,Sunny,Mon,0,3
2025-10-13,S005,Bulldozer,Mining,Sunny,Mon,0,6
2025-10-13,S005,Crane,Mining,Sunny,Mon,0,2
2025-10-13,S005,Grader,Mining,Sunny,Mon,0,1
2025-10-13,S005,Loader,Mining,Sunny,Mon,0,6
2025-10-13,S005,Compactor,Mining,Sunny,Mon,0,1
2025-10-13,S006,Excavator,Road,Sunny,Mon,0,6
2025-10-13,S006,Bulldozer,Road,Sunny,Mon,0,1
2025-10-13,S006,Crane,Road,Sunny,Mon,0,0
2025-10-13,S006,Grader,Road,Sunny,Mon,0,3
2025-10-13,S006,Loader,Road,Sunny,Mon,0,4
2025-10-13,S006,Compactor,Road,Sunny,Mon,0,4
2025-10-14,S001,Excavator,Road,Cloudy,Tue,0,5
2025-10-14,S001,Bulldozer,Road,Cloudy,Tue,0,1
2025-10-14,S001,Crane,Road,Cloudy,Tue,0,2
2025-10-14,S001,Grader,Road,Cloudy,Tue,0,2
2025-10-14,S001,Loader,Road,Cloudy,Tue,0,3
2025-10-14,S001,Compactor,Road,Cloudy,Tue,0,4
2025-10-14,S002,Excavator,Mining,Sunny,Tue,0,4
2025-10-14,S002,Bulldozer,Mining,Sunny,Tue,0,7
2025-10-14,S002,Crane,Mining,Sunny,Tue,0,2
2025-10-14,S002,Grader,Mining,Sunny,Tue,0,1
2025-10-14,S002,Loader,Mining,Sunny,Tue,0,4
2025-10-14,S002,Compactor,Mining,Sunny,Tue,0,0
2025-10-14,S003,Excavator,Building,Sunny,Tue,0,2
2025-10-14,S003,Bulldozer,Building,Sunny,Tue,0,0
2025-10-14,S003,Crane,Building,Sunny,Tue,0,5
2025-10-14,S003,Grader,Building,Sunny,Tue,0,0
2025-10-14,S003,Loader,Building,Sunny,Tue,0,2
2025-10-14,S003,Compactor,Building,Sunny,Tue,0,2
2025-10-14,S004,Excavator,Highway,Sunny,Tue,0,5
2025-10-14,S004,Bulldozer,Highway,Sunny,Tue,0,2
2025-10-14,S004,Crane,Highway,Sunny,Tue,0,2
2025-10-14,S004,Grader,Highway,Sunny,Tue,0,4
2025-10-14,S004,Loader,Highway,Sunny,Tue,0,4
2025-10-14,S004,Compactor,Highway,Sunny,Tue,0,6
2025-10-14,S005,Excavator,Mining,Cloudy,Tue,0,2
2025-10-14,S005,Bulldozer,Mining,Cloudy,Tue,0,5
2025-10-14,S005,Crane,Mining,Cloudy,Tue,0,1
2025-10-14,S005,Grader,Mining,Cloudy,Tue,0,2
2025-10-14,S005,Loader,Mining,Cloudy,Tue,0,5
2025-10-14,S005,Compactor,Mining,Cloudy,Tue,0,0
2025-10-14,S006,Excavator,Road,Sunny,Tue,0,4
2025-10-14,S006,Bulldozer,Road,Sunny,Tue,0,2
2025-10-14,S006,Crane,Road,Sunny,Tue,0,2
2025-10-14,S006,Grader,Road,Sunny,Tue,0,5
2025-10-14,S006,Loader,Road,Sunny,Tue,0,3
2025-10-14,S006,Compactor,Road,Sunny,Tue,0,5
2025-10-15,S001,Excavator,Road,Sunny,Wed,0,5
2025-10-15,S001,Bulldozer,Road,Sunny,Wed,0,2
2025-10-15,S001,Crane,Road,Sunny,Wed,0,0
2025-10-15,S001,Grader,Road,Sunny,Wed,0,5
2025-10-15,S001,Loader,Road,Sunny,Wed,0,3
2025-10-15,S001,Compactor,Road,Sunny,Wed,0,5
2025-10-15,S002,Excavator,Mining,Rain,Wed,0,2
2025-10-15,S002,Bulldozer,Mining,Rain,Wed,0,2
2025-10-15,S002,Crane,Mining,Rain,Wed,0,1
2025-10-15,S002,Grader,Mining,Rain,Wed,0,1
2025-10-15,S002,Loader,Mining,Rain,Wed,0,3
2025-10-15,S002,Compactor,Mining,Rain,Wed,0,1
2025-10-15,S003,Excavator,Building,Sunny,Wed,0,2
2025-10-15,S003,Bulldozer,Building,Sunny,Wed,0,0
2025-10-15,S003,Crane,Building,Sunny,Wed,0,4
2025-10-15,S003,Grader,Building,Sunny,Wed,0,0
2025-10-15,S003,Loader,Building,Sunny,Wed,0,1
2025-10-15,S003,Compactor,Building,Sunny,Wed,0,1
2025-10-15,S004,Excavator,Highway,Cloudy,Wed,0,5
2025-10-15,S004,Bulldozer,Highway,Cloudy,Wed,0,3
2025-10-15,S004,Crane,Highway,Cloudy,Wed,0,2
2025-10-15,S004,Grader,Highway,Cloudy,Wed,0,4
2025-10-15,S004,Loader,Highway,Cloudy,Wed,0,3
2025-10-15,S004,Compactor,Highway,Cloudy,Wed,0,4
2025-10-15,S005,Excavator,Mining,Cloudy,Wed,0,2
2025-10-15,S005,Bulldozer,Mining,Cloudy,Wed,0,5
2025-10-15,S005,Crane,Mining,Cloudy,Wed,0,2
2025-10-15,S005,Grader,Mining,Cloudy,Wed,0,0
2025-10-15,S005,Loader,Mining,Cloudy,Wed,0,4
2025-10-15,S005,Compactor,Mining,Cloudy,Wed,0,1
2025-10-15,S006,Excavator,Road,Cloudy,Wed,0,5
2025-10-15,S006,Bulldozer,Road,Cloudy,Wed,0,2
2025-10-15,S006,Crane,Road,Cloudy,Wed,0,1
2025-10-15,S006,Grader,Road,Cloudy,Wed,0,3
2025-10-15,S006,Loader,Road,Cloudy,Wed,0,3
2025-10-15,S006,Compactor,Road,Cloudy,Wed,0,4
2025-10-16,S001,Excavator,Road,Cloudy,Thu,0,4
2025-10-16,S001,Bulldozer,Road,Cloudy,Thu,0,3
2025-10-16,S001,Crane,Road,Cloudy,Thu,0,1
2025-10-16,S001,Grader,Road,Cloudy,Thu,0,3
2025-10-16,S001,Loader,Road,Cloudy,Thu,0,2
2025-10-16,S001,Compactor,Road,Cloudy,Thu,0,3
2025-10-16,S002,Excavator,Mining,Sunny,Thu,0,2
2025-10-16,S002,Bulldozer,Mining,Sunny,Thu,0,6
2025-10-16,S002,Crane,Mining,Sunny,Thu,0,1
2025-10-16,S002,Grader,Mining,Sunny,Thu,0,1
2025-10-16,S002,Loader,Mining,Sunny,Thu,0,6
2025-10-16,S002,Compactor,Mining,Sunny,Thu,0,2
2025-10-16,S003,Excavator,Building,Sunny,Thu,0,2
2025-10-16,S003,Bulldozer,Building,Sunny,Thu,0,1
2025-10-16,S003,Crane,Building,Sunny,Thu,0,4
2025-10-16,S003,Grader,Building,Sunny,Thu,0,1
2025-10-16,S003,Loader,Building,Sunny,Thu,0,2
2025-10-16,S003,Compactor,Building,Sunny,Thu,0,2
2025-10-16,S004,Excavator,Highway,Sunny,Thu,0,4
2025-10-16,S004,Bulldozer,Highway,Sunny,Thu,0,3
2025-10-16,S004,Crane,Highway,Sunny,Thu,0,1
2025-10-16,S004,Grader,Highway,Sunny,Thu,0,4
2025-10-16,S004,Loader,Highway,Sunny,Thu,0,3
2025-10-16,S004,Compactor,Highway,Sunny,Thu,0,6
2025-10-16,S005,Excavator,Mining,Cloudy,Thu,0,3
2025-10-16,S005,Bulldozer,Mining,Cloudy,Thu,0,5
2025-10-16,S005,Crane,Mining,Cloudy,Thu,0,2
2025-10-16,S005,Grader,Mining,Cloudy,Thu,0,1
2025-10-16,S005,Loader,Mining,Cloudy,Thu,0,5
2025-10-16,S005,Compactor,Mining,Cloudy,Thu,0,1
2025-10-16,S006,Excavator,Road,Sunny,Thu,0,5
2025-10-16,S006,Bulldozer,Road,Sunny,Thu,0,2
2025-10-16,S006,Crane,Road,Sunny,Thu,0,1
2025-10-16,S006,Grader,Road,Sunny,Thu,0,4
2025-10-16,S006,Loader,Road,Sunny,Thu,0,3
2025-10-16,S006,Compactor,Road,Sunny,Thu,0,4
2025-10-17,S001,Excavator,Road,Sunny,Fri,0,5
2025-10-17,S001,Bulldozer,Road,Sunny,Fri,0,2
2025-10-17,S001,Crane,Road,Sunny,Fri,0,1
2025-10-17,S001,Grader,Road,Sunny,Fri,0,4
2025-10-17,S001,Loader,Road,Sunny,Fri,0,4
2025-10-17,S001,Compactor,Road,Sunny,Fri,0,3
2025-10-17,S002,Excavator,Mining,Rain,Fri,0,2
2025-10-17,S002,Bulldozer,Mining,Rain,Fri,0,3
2025-10-17,S002,Crane,Mining,Rain,Fri,0,1
2025-10-17,S002,Grader,Mining,Rain,Fri,0,0
2025-10-17,S002,Loader,Mining,Rain,Fri,0,2
2025-10-17,S002,Compactor,Mining,Rain,Fri,0,0
2025-10-17,S003,Excavator,Building,Sunny,Fri,0,2
2025-10-17,S003,Bulldozer,Building,Sunny,Fri,0,2
2025-10-17,S003,Crane,Building,Sunny,Fri,0,5
2025-10-17,S003,Grader,Building,Sunny,Fri,0,1
2025-10-17,S003,Loader,Building,Sunny,Fri,0,2
2025-10-17,S003,Compactor,Building,Sunny,Fri,0,3
2025-10-17,S004,Excavator,Highway,Sunny,Fri,0,6
2025-10-17,S004,Bulldozer,Highway,Sunny,Fri,0,3
2025-10-17,S004,Crane,Highway,Sunny,Fri,0,1
2025-10-17,S004,Grader,Highway,Sunny,Fri,0,5
2025-10-17,S004,Loader,Highway,Sunny,Fri,0,3
2025-10-17,S004,Compactor,Highway,Sunny,Fri,0,6
2025-10-17,S005,Excavator,Mining,Sunny,Fri,0,2
2025-10-17,S005,Bulldozer,Mining,Sunny,Fri,0,6
2025-10-17,S005,Crane,Mining,Sunny,Fri,0,1
2025-10-17,S005,Grader,Mining,Sunny,Fri,0,0
2025-10-17,S005,Loader,Mining,Sunny,Fri,0,6
2025-10-17,S005,Compactor,Mining,Sunny,Fri,0,1
2025-10-17,S006,Excavator,Road,Sunny,Fri,0,5
2025-10-17,S006,Bulldozer,Road,Sunny,Fri,0,1
2025-10-17,S006,Crane,Road,Sunny,Fri,0,1
2025-10-17,S006,Grader,Road,Sunny,Fri,0,3
2025-10-17,S006,Loader,Road,Sunny,Fri,0,4
2025-10-17,S006,Compactor,Road,Sunny,Fri,0,4
2025-10-18,S001,Excavator,Road,Sunny,Sat,1,1
2025-10-18,S001,Bulldozer,Road,Sunny,Sat,1,2
2025-10-18,S001,Crane,Road,Sunny,Sat,1,1
2025-10-18,S001,Grader,Road,Sunny,Sat,1,1
2025-10-18,S001,Loader,Road,Sunny,Sat,1,2
2025-10-18,S001,Compactor,Road,Sunny,Sat,1,2
2025-10-18,S002,Excavator,Mining,Cloudy,Sat,1,1
2025-10-18,S002,Bulldozer,Mining,Cloudy,Sat,1,2
2025-10-18,S002,Crane,Mining,Cloudy,Sat,1,0
2025-10-18,S002,Grader,Mining,Cloudy,Sat,1,0
2025-10-18,S002,Loader,Mining,Cloudy,Sat,1,1
2025-10-18,S002,Compactor,Mining,Cloudy,Sat,1,1
2025-10-18,S003,Excavator,Building,Sunny,Sat,1,2
2025-10-18,S003,Bulldozer,Building,Sunny,Sat,1,0
2025-10-18,S003,Crane,Building,Sunny,Sat,1,3
2025-10-18,S003,Grader,Building,Sunny,Sat,1,1
2025-10-18,S003,Loader,Building,Sunny,Sat,1,2
2025-10-18,S003,Compactor,Building,Sunny,Sat,1,1
2025-10-18,S004,Excavator,Highway,Sunny,Sat,1,2
2025-10-18,S004,Bulldozer,Highway,Sunny,Sat,1,1
2025-10-18,S004,Crane,Highway,Sunny,Sat,1,0
2025-10-18,S004,Grader,Highway,Sunny,Sat,1,2
2025-10-18,S004,Loader,Highway,Sunny,Sat,1,1
2025-10-18,S004,Compactor,Highway,Sunny,Sat,1,3
2025-10-18,S005,Excavator,Mining,Sunny,Sat,1,1
2025-10-18,S005,Bulldozer,Mining,Sunny,Sat,1,2
2025-10-18,S005,Crane,Mining,Sunny,Sat,1,0
2025-10-18,S005,Grader,Mining,Sunny,Sat,1,1
2025-10-18,S005,Loader,Mining,Sunny,Sat,1,1
2025-10-18,S005,Compactor,Mining,Sunny,Sat,1,1
2025-10-18,S006,Excavator,Road,Sunny,Sat,1,3
2025-10-18,S006,Bulldozer,Road,Sunny,Sat,1,0
2025-10-18,S006,Crane,Road,Sunny,Sat,1,0
2025-10-18,S006,Grader,Road,Sunny,Sat,1,1
2025-10-18,S006,Loader,Road,Sunny,Sat,1,1
2025-10-18,S006,Compactor,Road,Sunny,Sat,1,1
2025-10-19,S001,Excavator,Road,Sunny,Sun,1,3
2025-10-19,S001,Bulldozer,Road,Sunny,Sun,1,1
2025-10-19,S001,Crane,Road,Sunny,Sun,1,0
2025-10-19,S001,Grader,Road,Sunny,Sun,1,2
2025-10-19,S001,Loader,Road,Sunny,Sun,1,0
2025-10-19,S001,Compactor,Road,Sunny,Sun,1,1
2025-10-19,S002,Excavator,Mining,Cloudy,Sun,1,1
2025-10-19,S002,Bulldozer,Mining,Cloudy,Sun,1,1
2025-10-19,S002,Crane,Mining,Cloudy,Sun,1,0
2025-10-19,S002,Grader,Mining,Cloudy,Sun,1,1
2025-10-19,S002,Loader,Mining,Cloudy,Sun,1,3
2025-10-19,S002,Compactor,Mining,Cloudy,Sun,1,0
2025-10-19,S003,Excavator,Building,Rain,Sun,1,0
2025-10-19,S003,Bulldozer,Building,Rain,Sun,1,0
2025-10-19,S003,Crane,Building,Rain,Sun,1,1
2025-10-19,S003,Grader,Building,Rain,Sun,1,0
2025-10-19,S003,Loader,Building,Rain,Sun,1,0
2025-10-19,S003,Compactor,Building,Rain,Sun,1,1
2025-10-19,S004,Excavator,Highway,Sunny,Sun,1,2
2025-10-19,S004,Bulldozer,Highway,Sunny,Sun,1,2
2025-10-19,S004,Crane,Highway,Sunny,Sun,1,0
2025-10-19,S004,Grader,Highway,Sunny,Sun,1,3
2025-10-19,S004,Loader,Highway,Sunny,Sun,1,1
2025-10-19,S004,Compactor,Highway,Sunny,Sun,1,2
2025-10-19,S005,Excavator,Mining,Sunny,Sun,1,1
2025-10-19,S005,Bulldozer,Mining,Sunny,Sun,1,3
2025-10-19,S005,Crane,Mining,Sunny,Sun,1,2
2025-10-19,S005,Grader,Mining,Sunny,Sun,1,0
2025-10-19,S005,Loader,Mining,Sunny,Sun,1,3
2025-10-19,S005,Compactor,Mining,Sunny,Sun,1,0
2025-10-19,S006,Excavator,Road,Sunny,Sun,1,2
2025-10-19,S006,Bulldozer,Road,Sunny,Sun,1,0
2025-10-19,S006,Crane,Road,Sunny,Sun,1,1
2025-10-19,S006,Grader,Road,Sunny,Sun,1,2
2025-10-19,S006,Loader,Road,Sunny,Sun,1,1
2025-10-19,S006,Compactor,Road,Sunny,Sun,1,1
2025-10-20,S001,Excavator,Road,Sunny,Mon,0,5
2025-10-20,S001,Bulldozer,Road,Sunny,Mon,0,1
2025-10-20,S001,Crane,Road,Sunny,Mon,0,1
2025-10-20,S001,Grader,Road,Sunny,Mon,0,3
2025-10-20,S001,Loader,Road,Sunny,Mon,0,3
2025-10-20,S001,Compactor,Road,Sunny,Mon,0,3
2025-10-20,S002,Excavator,Mining,Sunny,Mon,0,3
2025-10-20,S002,Bulldozer,Mining,Sunny,Mon,0,6
2025-10-20,S002,Crane,Mining,Sunny,Mon,0,3
2025-10-20,S002,Grader,Mining,Sunny,Mon,0,2
2025-10-20,S002,Loader,Mining,Sunny,Mon,0,5
2025-10-20,S002,Compactor,Mining,Sunny,Mon,0,1
2025-10-20,S003,Excavator,Building,Rain,Mon,0,1
2025-10-20,S003,Bulldozer,Building,Rain,Mon,0,0
2025-10-20,S003,Crane,Building,Rain,Mon,0,3
2025-10-20,S003,Grader,Building,Rain,Mon,0,0
2025-10-20,S003,Loader,Building,Rain,Mon,0,1
2025-10-20,S003,Compactor,Building,Rain,Mon,0,2
2025-10-20,S004,Excavator,Highway,Cloudy,Mon,0,5
2025-10-20,S004,Bulldozer,Highway,Cloudy,Mon,0,3
2025-10-20,S004,Crane,Highway,Cloudy,Mon,0,0
2025-10-20,S004,Grader,Highway,Cloudy,Mon,0,3
2025-10-20,S004,Loader,Highway,Cloudy,Mon,0,2
2025-10-20,S004,Compactor,Highway,Cloudy,Mon,0,4
2025-10-20,S005,Excavator,Mining,Cloudy,Mon,0,3
2025-10-20,S005,Bulldozer,Mining,Cloudy,Mon,0,6
2025-10-20,S005,Crane,Mining,Cloudy,Mon,0,2
2025-10-20,S005,Grader,Mining,Cloudy,Mon,0,0
2025-10-20,S005,Loader,Mining,Cloudy,Mon,0,3
2025-10-20,S005,Compactor,Mining,Cloudy,Mon,0,1
2025-10-20,S006,Excavator,Road,Sunny,Mon,0,6
2025-10-20,S006,Bulldozer,Road,Sunny,Mon,0,3
2025-10-20,S006,Crane,Road,Sunny,Mon,0,1
2025-10-20,S006,Grader,Road,Sunny,Mon,0,5
2025-10-20,S006,Loader,Road,Sunny,Mon,0,3
2025-10-20,S006,Compactor,Road,Sunny,Mon,0,4
2025-10-21,S001,Excavator,Road,Sunny,Tue,0,6
2025-10-21,S001,Bulldozer,Road,Sunny,Tue,0,3
2025-10-21,S001,Crane,Road,Sunny,Tue,0,1
2025-10-21,S001,Grader,Road,Sunny,Tue,0,5
2025-10-21,S001,Loader,Road,Sunny,Tue,0,2
2025-10-21,S001,Compactor,Road,Sunny,Tue,0,5
2025-10-21,S002,Excavator,Mining,Sunny,Tue,0,3
2025-10-21,S002,Bulldozer,Mining,Sunny,Tue,0,5
2025-10-21,S002,Crane,Mining,Sunny,Tue,0,2
2025-10-21,S002,Grader,Mining,Sunny,Tue,0,2
2025-10-21,S002,Loader,Mining,Sunny,Tue,0,4
2025-10-21,S002,Compactor,Mining,Sunny,Tue,0,2
2025-10-21,S003,Excavator,Building,Cloudy,Tue,0,1
2025-10-21,S003,Bulldozer,Building,Cloudy,Tue,0,1
2025-10-21,S003,Crane,Building,Cloudy,Tue,0,4
2025-10-21,S003,Grader,Building,Cloudy,Tue,0,1
2025-10-21,S003,Loader,Building,Cloudy,Tue,0,1
2025-10-21,S003,Compactor,Building,Cloudy,Tue,0,1
2025-10-21,S004,Excavator,Highway,Cloudy,Tue,0,5
2025-10-21,S004,Bulldozer,Highway,Cloudy,Tue,0,3
2025-10-21,S004,Crane,Highway,Cloudy,Tue,0,1
2025-10-21,S004,Grader,Highway,Cloudy,Tue,0,4
2025-10-21,S004,Loader,Highway,Cloudy,Tue,0,2
2025-10-21,S004,Compactor,Highway,Cloudy,Tue,0,4
2025-10-21,S005,Excavator,Mining,Sunny,Tue,0,4
2025-10-21,S005,Bulldozer,Mining,Sunny,Tue,0,5
2025-10-21,S005,Crane,Mining,Sunny,Tue,0,2
2025-10-21,S005,Grader,Mining,Sunny,Tue,0,0
2025-10-21,S005,Loader,Mining,Sunny,Tue,0,6
2025-10-21,S005,Compactor,Mining,Sunny,Tue,0,0
2025-10-21,S006,Excavator,Road,Rain,Tue,0,3
2025-10-21,S006,Bulldozer,Road,Rain,Tue,0,0
2025-10-21,S006,Crane,Road,Rain,Tue,0,0
2025-10-21,S006,Grader,Road,Rain,Tue,0,2
2025-10-21,S006,Loader,Road,Rain,Tue,0,1
2025-10-21,S006,Compactor,Road,Rain,Tue,0,2
2025-10-22,S001,Excavator,Road,Sunny,Wed,0,5
2025-10-22,S001,Bulldozer,Road,Sunny,Wed,0,3
2025-10-22,S001,Crane,Road,Sunny,Wed,0,1
2025-10-22,S001,Grader,Road,Sunny,Wed,0,4
2025-10-22,S001,Loader,Road,Sunny,Wed,0,3
2025-10-22,S001,Compactor,Road,Sunny,Wed,0,3
2025-10-22,S002,Excavator,Mining,Rain,Wed,0,2
2025-10-22,S002,Bulldozer,Mining,Rain,Wed,0,2
2025-10-22,S002,Crane,Mining,Rain,Wed,0,1
2025-10-22,S002,Grader,Mining,Rain,Wed,0,0
2025-10-22,S002,Loader,Mining,Rain,Wed,0,3
2025-10-22,S002,Compactor,Mining,Rain,Wed,0,0
2025-10-22,S003,Excavator,Building,Cloudy,Wed,0,1
2025-10-22,S003,Bulldozer,Building,Cloudy,Wed,0,2
2025-10-22,S003,Crane,Building,Cloudy,Wed,0,4
2025-10-22,S003,Grader,Building,Cloudy,Wed,0,1
2025-10-22,S003,Loader,Building,Cloudy,Wed,0,2
2025-10-22,S003,Compactor,Building,Cloudy,Wed,0,3
2025-10-22,S004,Excavator,Highway,Cloudy,Wed,0,4
2025-10-22,S004,Bulldozer,Highway,Cloudy,Wed,0,3
2025-10-22,S004,Crane,Highway,Cloudy,Wed,0,1
2025-10-22,S004,Grader,Highway,Cloudy,Wed,0,4
2025-10-22,S004,Loader,Highway,Cloudy,Wed,0,2
2025-10-22,S004,Compactor,Highway,Cloudy,Wed,0,5
2025-10-22,S005,Excavator,Mining,Sunny,Wed,0,3
2025-10-22,S005,Bulldozer,Mining,Sunny,Wed,0,6
2025-10-22,S005,Crane,Mining,Sunny,Wed,0,3
2025-10-22,S005,Grader,Mining,Sunny,Wed,0,1
2025-10-22,S005,Loader,Mining,Sunny,Wed,0,4
2025-10-22,S005,Compactor,Mining,Sunny,Wed,0,2
2025-10-22,S006,Excavator,Road,Sunny,Wed,0,5
2025-10-22,S006,Bulldozer,Road,Sunny,Wed,0,2
2025-10-22,S006,Crane,Road,Sunny,Wed,0,0
2025-10-22,S006,Grader,Road,Sunny,Wed,0,3
2025-10-22,S006,Loader,Road,Sunny,Wed,0,4
2025-10-22,S006,Compactor,Road,Sunny,Wed,0,3
2025-10-23,S001,Excavator,Road,Cloudy,Thu,0,4
2025-10-23,S001,Bulldozer,Road,Cloudy,Thu,0,3
2025-10-23,S001,Crane,Road,Cloudy,Thu,0,0
2025-10-23,S001,Grader,Road,Cloudy,Thu,0,4
2025-10-23,S001,Loader,Road,Cloudy,Thu,0,3
2025-10-23,S001,Compactor,Road,Cloudy,Thu,0,4
2025-10-23,S002,Excavator,Mining,Cloudy,Thu,0,2
2025-10-23,S002,Bulldozer,Mining,Cloudy,Thu,0,6
2025-10-23,S002,Crane,Mining,Cloudy,Thu,0,2
2025-10-23,S002,Grader,Mining,Cloudy,Thu,0,1
2025-10-23,S002,Loader,Mining,Cloudy,Thu,0,4
2025-10-23,S002,Compactor,Mining,Cloudy,Thu,0,2
2025-10-23,S003,Excavator,Building,Rain,Thu,0,1
2025-10-23,S003,Bulldozer,Building,Rain,Thu,0,0
2025-10-23,S003,Crane,Building,Rain,Thu,0,3
2025-10-23,S003,Grader,Building,Rain,Thu,0,1
2025-10-23,S003,Loader,Building,Rain,Thu,0,2
2025-10-23,S003,Compactor,Building,Rain,Thu,0,2
2025-10-23,S004,Excavator,Highway,Rain,Thu,0,3
2025-10-23,S004,Bulldozer,Highway,Rain,Thu,0,1
2025-10-23,S004,Crane,Highway,Rain,Thu,0,1
2025-10-23,S004,Grader,Highway,Rain,Thu,0,3
2025-10-23,S004,Loader,Highway,Rain,Thu,0,1
2025-10-23,S004,Compactor,Highway,Rain,Thu,0,2
2025-10-23,S005,Excavator,Mining,Sunny,Thu,0,2
2025-10-23,S005,Bulldozer,Mining,Sunny,Thu,0,7
2025-10-23,S005,Crane,Mining,Sunny,Thu,0,3
2025-10-23,S005,Grader,Mining,Sunny,Thu,0,1
2025-10-23,S005,Loader,Mining,Sunny,Thu,0,5
2025-10-23,S005,Compactor,Mining,Sunny,Thu,0,2
2025-10-23,S006,Excavator,Road,Sunny,Thu,0,4
2025-10-23,S006,Bulldozer,Road,Sunny,Thu,0,2
2025-10-23,S006,Crane,Road,Sunny,Thu,0,1
2025-10-23,S006,Grader,Road,Sunny,Thu,0,4
2025-10-23,S006,Loader,Road,Sunny,Thu,0,4
2025-10-23,S006,Compactor,Road,Sunny,Thu,0,4
2025-10-24,S001,Excavator,Road,Sunny,Fri,0,5
2025-10-24,S001,Bulldozer,Road,Sunny,Fri,0,2
2025-10-24,S001,Crane,Road,Sunny,Fri,0,1
2025-10-24,S001,Grader,Road,Sunny,Fri,0,4
2025-10-24,S001,Loader,Road,Sunny,Fri,0,2
2025-10-24,S001,Compactor,Road,Sunny,Fri,0,5
2025-10-24,S002,Excavator,Mining,Cloudy,Fri,0,3
2025-10-24,S002,Bulldozer,Mining,Cloudy,Fri,0,4
2025-10-24,S002,Crane,Mining,Cloudy,Fri,0,1
2025-10-24,S002,Grader,Mining,Cloudy,Fri,0,1
2025-10-24,S002,Loader,Mining,Cloudy,Fri,0,5
2025-10-24,S002,Compactor,Mining,Cloudy,Fri,0,1
2025-10-24,S003,Excavator,Building,Cloudy,Fri,0,2
2025-10-24,S003,Bulldozer,Building,Cloudy,Fri,0,0
2025-10-24,S003,Crane,Building,Cloudy,Fri,0,4
2025-10-24,S003,Grader,Building,Cloudy,Fri,0,0
2025-10-24,S003,Loader,Building,Cloudy,Fri,0,1
2025-10-24,S003,Compactor,Building,Cloudy,Fri,0,2
2025-10-24,S004,Excavator,Highway,Sunny,Fri,0,5
2025-10-24,S004,Bulldozer,Highway,Sunny,Fri,0,3
2025-10-24,S004,Crane,Highway,Sunny,Fri,0,0
2025-10-24,S004,Grader,Highway,Sunny,Fri,0,5
2025-10-24,S004,Loader,Highway,Sunny,Fri,0,4
2025-10-24,S004,Compactor,Highway,Sunny,Fri,0,5
2025-10-24,S005,Excavator,Mining,Cloudy,Fri,0,3
2025-10-24,S005,Bulldozer,Mining,Cloudy,Fri,0,6
2025-10-24,S005,Crane,Mining,Cloudy,Fri,0,1
2025-10-24,S005,Grader,Mining,Cloudy,Fri,0,1
2025-10-24,S005,Loader,Mining,Cloudy,Fri,0,4
2025-10-24,S005,Compactor,Mining,Cloudy,Fri,0,1
2025-10-24,S006,Excavator,Road,Sunny,Fri,0,5
2025-10-24,S006,Bulldozer,Road,Sunny,Fri,0,2
2025-10-24,S006,Crane,Road,Sunny,Fri,0,0
2025-10-24,S006,Grader,Road,Sunny,Fri,0,4
2025-10-24,S006,Loader,Road,Sunny,Fri,0,3
2025-10-24,S006,Compactor,Road,Sunny,Fri,0,4
2025-10-25,S001,Excavator,Road,Rain,Sat,1,1
2025-10-25,S001,Bulldozer,Road,Rain,Sat,1,0
2025-10-25,S001,Crane,Road,Rain,Sat,1,1
2025-10-25,S001,Grader,Road,Rain,Sat,1,0
2025-10-25,S001,Loader,Road,Rain,Sat,1,0
2025-10-25,S001,Compactor,Road,Rain,Sat,1,2
2025-10-25,S002,Excavator,Mining,Cloudy,Sat,1,2
2025-10-25,S002,Bulldozer,Mining,Cloudy,Sat,1,3
2025-10-25,S002,Crane,Mining,Cloudy,Sat,1,1
2025-10-25,S002,Grader,Mining,Cloudy,Sat,1,0
2025-10-25,S002,Loader,Mining,Cloudy,Sat,1,2
2025-10-25,S002,Compactor,Mining,Cloudy,Sat,1,0
2025-10-25,S003,Excavator,Building,Cloudy,Sat,1,2
2025-10-25,S003,Bulldozer,Building,Cloudy,Sat,1,0
2025-10-25,S003,Crane,Building,Cloudy,Sat,1,1
2025-10-25,S003,Grader,Building,Cloudy,Sat,1,0
2025-10-25,S003,Loader,Building,Cloudy,Sat,1,1
2025-10-25,S003,Compactor,Building,Cloudy,Sat,1,1
2025-10-25,S004,Excavator,Highway,Cloudy,Sat,1,2
2025-10-25,S004,Bulldozer,Highway,Cloudy,Sat,1,0
2025-10-25,S004,Crane,Highway,Cloudy,Sat,1,0
2025-10-25,S004,Grader,Highway,Cloudy,Sat,1,1
2025-10-25,S004,Loader,Highway,Cloudy,Sat,1,1
2025-10-25,S004,Compactor,Highway,Cloudy,Sat,1,2
2025-10-25,S005,Excavator,Mining,Rain,Sat,1,1
2025-10-25,S005,Bulldozer,Mining,Rain,Sat,1,1
2025-10-25,S005,Crane,Mining,Rain,Sat,1,1
2025-10-25,S005,Grader,Mining,Rain,Sat,1,1
2025-10-25,S005,Loader,Mining,Rain,Sat,1,1
2025-10-25,S005,Compactor,Mining,Rain,Sat,1,0
2025-10-25,S006,Excavator,Road,Rain,Sat,1,1
2025-10-25,S006,Bulldozer,Road,Rain,Sat,1,0
2025-10-25,S006,Crane,Road,Rain,Sat,1,0
2025-10-25,S006,Grader,Road,Rain,Sat,1,0
2025-10-25,S006,Loader,Road,Rain,Sat,1,0
2025-10-25,S006,Compactor,Road,Rain,Sat,1,1
2025-10-26,S001,Excavator,Road,Sunny,Sun,1,2
2025-10-26,S001,Bulldozer,Road,Sunny,Sun,1,1
2025-10-26,S001,Crane,Road,Sunny,Sun,1,0
2025-10-26,S001,Grader,Road,Sunny,Sun,1,1
2025-10-26,S001,Loader,Road,Sunny,Sun,1,1
2025-10-26,S001,Compactor,Road,Sunny,Sun,1,2
2025-10-26,S002,Excavator,Mining,Rain,Sun,1,1
2025-10-26,S002,Bulldozer,Mining,Rain,Sun,1,2
2025-10-26,S002,Crane,Mining,Rain,Sun,1,0
2025-10-26,S002,Grader,Mining,Rain,Sun,1,1
2025-10-26,S002,Loader,Mining,Rain,Sun,1,1
2025-10-26,S002,Compactor,Mining,Rain,Sun,1,0
2025-10-26,S003,Excavator,Building,Sunny,Sun,1,1
2025-10-26,S003,Bulldozer,Building,Sunny,Sun,1,1
2025-10-26,S003,Crane,Building,Sunny,Sun,1,3
2025-10-26,S003,Grader,Building,Sunny,Sun,1,1
2025-10-26,S003,Loader,Building,Sunny,Sun,1,1
2025-10-26,S003,Compactor,Building,Sunny,Sun,1,1
2025-10-26,S004,Excavator,Highway,Sunny,Sun,1,2
2025-10-26,S004,Bulldozer,Highway,Sunny,Sun,1,2
2025-10-26,S004,Crane,Highway,Sunny,Sun,1,0
2025-10-26,S004,Grader,Highway,Sunny,Sun,1,2
2025-10-26,S004,Loader,Highway,Sunny,Sun,1,1
2025-10-26,S004,Compactor,Highway,Sunny,Sun,1,1
2025-10-26,S005,Excavator,Mining,Sunny,Sun,1,1
2025-10-26,S005,Bulldozer,Mining,Sunny,Sun,1,3
2025-10-26,S005,Crane,Mining,Sunny,Sun,1,1
2025-10-26,S005,Grader,Mining,Sunny,Sun,1,0
2025-10-26,S005,Loader,Mining,Sunny,Sun,1,1
2025-10-26,S005,Compactor,Mining,Sunny,Sun,1,1
2025-10-26,S006,Excavator,Road,Sunny,Sun,1,3
2025-10-26,S006,Bulldozer,Road,Sunny,Sun,1,1
2025-10-26,S006,Crane,Road,Sunny,Sun,1,1
2025-10-26,S006,Grader,Road,Sunny,Sun,1,2
2025-10-26,S006,Loader,Road,Sunny,Sun,1,0
2025-10-26,S006,Compactor,Road,Sunny,Sun,1,2
2025-10-27,S001,Excavator,Road,Rain,Mon,0,2
2025-10-27,S001,Bulldozer,Road,Rain,Mon,0,2
2025-10-27,S001,Crane,Road,Rain,Mon,0,0
2025-10-27,S001,Grader,Road,Rain,Mon,0,2
2025-10-27,S001,Loader,Road,Rain,Mon,0,2
2025-10-27,S001,Compactor,Road,Rain,Mon,0,2
2025-10-27,S002,Excavator,Mining,Sunny,Mon,0,2
2025-10-27,S002,Bulldozer,Mining,Sunny,Mon,0,7
2025-10-27,S002,Crane,Mining,Sunny,Mon,0,2
2025-10-27,S002,Grader,Mining,Sunny,Mon,0,0
2025-10-27,S002,Loader,Mining,Sunny,Mon,0,5
2025-10-27,S002,Compactor,Mining,Sunny,Mon,0,0
2025-10-27,S003,Excavator,Building,Sunny,Mon,0,2
2025-10-27,S003,Bulldozer,Building,Sunny,Mon,0,2
2025-10-27,S003,Crane,Building,Sunny,Mon,0,4
2025-10-27,S003,Grader,Building,Sunny,Mon,0,1
2025-10-27,S003,Loader,Building,Sunny,Mon,0,3
2025-10-27,S003,Compactor,Building,Sunny,Mon,0,2
2025-10-27,S004,Excavator,Highway,Sunny,Mon,0,5
2025-10-27,S004,Bulldozer,Highway,Sunny,Mon,0,2
2025-10-27,S004,Crane,Highway,Sunny,Mon,0,0
2025-10-27,S004,Grader,Highway,Sunny,Mon,0,5
2025-10-27,S004,Loader,Highway,Sunny,Mon,0,2
2025-10-27,S004,Compactor,Highway,Sunny,Mon,0,4
2025-10-27,S005,Excavator,Mining,Rain,Mon,0,2
2025-10-27,S005,Bulldozer,Mining,Rain,Mon,0,2
2025-10-27,S005,Crane,Mining,Rain,Mon,0,1
2025-10-27,S005,Grader,Mining,Rain,Mon,0,0
2025-10-27,S005,Loader,Mining,Rain,Mon,0,2
2025-10-27,S005,Compactor,Mining,Rain,Mon,0,0
2025-10-27,S006,Excavator,Road,Sunny,Mon,0,5
2025-10-27,S006,Bulldozer,Road,Sunny,Mon,0,3
2025-10-27,S006,Crane,Road,Sunny,Mon,0,0
2025-10-27,S006,Grader,Road,Sunny,Mon,0,3
2025-10-27,S006,Loader,Road,Sunny,Mon,0,2
2025-10-27,S006,Compactor,Road,Sunny,Mon,0,4
2025-10-28,S001,Excavator,Road,Sunny,Tue,0,4
2025-10-28,S001,Bulldozer,Road,Sunny,Tue,0,3
2025-10-28,S001,Crane,Road,Sunny,Tue,0,0
2025-10-28,S001,Grader,Road,Sunny,Tue,0,4
2025-10-28,S001,Loader,Road,Sunny,Tue,0,2
2025-10-28,S001,Compactor,Road,Sunny,Tue,0,4
2025-10-28,S002,Excavator,Mining,Sunny,Tue,0,2
2025-10-28,S002,Bulldozer,Mining,Sunny,Tue,0,7
2025-10-28,S002,Crane,Mining,Sunny,Tue,0,2
2025-10-28,S002,Grader,Mining,Sunny,Tue,0,1
2025-10-28,S002,Loader,Mining,Sunny,Tue,0,5
2025-10-28,S002,Compactor,Mining,Sunny,Tue,0,2
2025-10-28,S003,Excavator,Building,Sunny,Tue,0,1
2025-10-28,S003,Bulldozer,Building,Sunny,Tue,0,1
2025-10-28,S003,Crane,Building,Sunny,Tue,0,5
2025-10-28,S003,Grader,Building,Sunny,Tue,0,1
2025-10-28,S003,Loader,Building,Sunny,Tue,0,2
2025-10-28,S003,Compactor,Building,Sunny,Tue,0,3
2025-10-28,S004,Excavator,Highway,Sunny,Tue,0,5
2025-10-28,S004,Bulldozer,Highway,Sunny,Tue,0,3
2025-10-28,S004,Crane,Highway,Sunny,Tue,0,2
2025-10-28,S004,Grader,Highway,Sunny,Tue,0,6
2025-10-28,S004,Loader,Highway,Sunny,Tue,0,2
2025-10-28,S004,Compactor,Highway,Sunny,Tue,0,5
2025-10-28,S005,Excavator,Mining,Sunny,Tue,0,3
2025-10-28,S005,Bulldozer,Mining,Sunny,Tue,0,5
2025-10-28,S005,Crane,Mining,Sunny,Tue,0,3
2025-10-28,S005,Grader,Mining,Sunny,Tue,0,1
2025-10-28,S005,Loader,Mining,Sunny,Tue,0,4
2025-10-28,S005,Compactor,Mining,Sunny,Tue,0,0
2025-10-28,S006,Excavator,Road,Sunny,Tue,0,6
2025-10-28,S006,Bulldozer,Road,Sunny,Tue,0,1
2025-10-28,S006,Crane,Road,Sunny,Tue,0,1
2025-10-28,S006,Grader,Road,Sunny,Tue,0,5
2025-10-28,S006,Loader,Road,Sunny,Tue,0,4
2025-10-28,S006,Compactor,Road,Sunny,Tue,0,4
2025-10-29,S001,Excavator,Road,Sunny,Wed,0,5
2025-10-29,S001,Bulldozer,Road,Sunny,Wed,0,3
2025-10-29,S001,Crane,Road,Sunny,Wed,0,0
2025-10-29,S001,Grader,Road,Sunny,Wed,0,3
2025-10-29,S001,Loader,Road,Sunny,Wed,0,3
2025-10-29,S001,Compactor,Road,Sunny,Wed,0,4
2025-10-29,S002,Excavator,Mining,Cloudy,Wed,0,3
2025-10-29,S002,Bulldozer,Mining,Cloudy,Wed,0,5
2025-10-29,S002,Crane,Mining,Cloudy,Wed,0,2
2025-10-29,S002,Grader,Mining,Cloudy,Wed,0,0
2025-10-29,S002,Loader,Mining,Cloudy,Wed,0,3
2025-10-29,S002,Compactor,Mining,Cloudy,Wed,0,0
2025-10-29,S003,Excavator,Building,Sunny,Wed,0,2
2025-10-29,S003,Bulldozer,Building,Sunny,Wed,0,1
2025-10-29,S003,Crane,Building,Sunny,Wed,0,5
2025-10-29,S003,Grader,Building,Sunny,Wed,0,0
2025-10-29,S003,Loader,Building,Sunny,Wed,0,1
2025-10-29,S003,Compactor,Building,Sunny,Wed,0,2
2025-10-29,S004,Excavator,Highway,Sunny,Wed,0,5
2025-10-29,S004,Bulldozer,Highway,Sunny,Wed,0,4
2025-10-29,S004,Crane,Highway,Sunny,Wed,0,1
2025-10-29,S004,Grader,Highway,Sunny,Wed,0,5
2025-10-29,S004,Loader,Highway,Sunny,Wed,0,2
2025-10-29,S004,Compactor,Highway,Sunny,Wed,0,5
2025-10-29,S005,Excavator,Mining,Sunny,Wed,0,2
2025-10-29,S005,Bulldozer,Mining,Sunny,Wed,0,5
2025-10-29,S005,Crane,Mining,Sunny,Wed,0,2
2025-10-29,S005,Grader,Mining,Sunny,Wed,0,0
2025-10-29,S005,Loader,Mining,Sunny,Wed,0,6
2025-10-29,S005,Compactor,Mining,Sunny,Wed,0,1
2025-10-29,S006,Excavator,Road,Sunny,Wed,0,4
2025-10-29,S006,Bulldozer,Road,Sunny,Wed,0,2
2025-10-29,S006,Crane,Road,Sunny,Wed,0,2
2025-10-29,S006,Grader,Road,Sunny,Wed,0,4
2025-10-29,S006,Loader,Road,Sunny,Wed,0,4
2025-10-29,S006,Compactor,Road,Sunny,Wed,0,4
2025-10-30,S001,Excavator,Road,Rain,Thu,0,2
2025-10-30,S001,Bulldozer,Road,Rain,Thu,0,2
2025-10-30,S001,Crane,Road,Rain,Thu,0,0
2025-10-30,S001,Grader,Road,Rain,Thu,0,1
2025-10-30,S001,Loader,Road,Rain,Thu,0,1
2025-10-30,S001,Compactor,Road,Rain,Thu,0,3
2025-10-30,S002,Excavator,Mining,Sunny,Thu,0,2
2025-10-30,S002,Bulldozer,Mining,Sunny,Thu,0,6
2025-10-30,S002,Crane,Mining,Sunny,Thu,0,2
2025-10-30,S002,Grader,Mining,Sunny,Thu,0,1
2025-10-30,S002,Loader,Mining,Sunny,Thu,0,5
2025-10-30,S002,Compactor,Mining,Sunny,Thu,0,1
2025-10-30,S003,Excavator,Building,Sunny,Thu,0,1
2025-10-30,S003,Bulldozer,Building,Sunny,Thu,0,1
2025-10-30,S003,Crane,Building,Sunny,Thu,0,6
2025-10-30,S003,Grader,Building,Sunny,Thu,0,1
2025-10-30,S003,Loader,Building,Sunny,Thu,0,2
2025-10-30,S003,Compactor,Building,Sunny,Thu,0,2
2025-10-30,S004,Excavator,Highway,Cloudy,Thu,0,4
2025-10-30,S004,Bulldozer,Highway,Cloudy,Thu,0,2
2025-10-30,S004,Crane,Highway,Cloudy,Thu,0,1
2025-10-30,S004,Grader,Highway,Cloudy,Thu,0,5
2025-10-30,S004,Loader,Highway,Cloudy,Thu,0,2
2025-10-30,S004,Compactor,Highway,Cloudy,Thu,0,5
2025-10-30,S005,Excavator,Mining,Sunny,Thu,0,3
2025-10-30,S005,Bulldozer,Mining,Sunny,Thu,0,7
2025-10-30,S005,Crane,Mining,Sunny,Thu,0,2
2025-10-30,S005,Grader,Mining,Sunny,Thu,0,2
2025-10-30,S005,Loader,Mining,Sunny,Thu,0,5
2025-10-30,S005,Compactor,Mining,Sunny,Thu,0,2
2025-10-30,S006,Excavator,Road,Sunny,Thu,0,5
2025-10-30,S006,Bulldozer,Road,Sunny,Thu,0,1
2025-10-30,S006,Crane,Road,Sunny,Thu,0,2
2025-10-30,S006,Grader,Road,Sunny,Thu,0,5
2025-10-30,S006,Loader,Road,Sunny,Thu,0,3
2025-10-30,S006,Compactor,Road,Sunny,Thu,0,4
2025-10-31,S001,Excavator,Road,Cloudy,Fri,0,4
2025-10-31,S001,Bulldozer,Road,Cloudy,Fri,0,1
2025-10-31,S001,Crane,Road,Cloudy,Fri,0,0
2025-10-31,S001,Grader,Road,Cloudy,Fri,0,4
2025-10-31,S001,Loader,Road,Cloudy,Fri,0,3
2025-10-31,S001,Compactor,Road,Cloudy,Fri,0,3
2025-10-31,S002,Excavator,Mining,Rain,Fri,0,2
2025-10-31,S002,Bulldozer,Mining,Rain,Fri,0,3
2025-10-31,S002,Crane,Mining,Rain,Fri,0,0
2025-10-31,S002,Grader,Mining,Rain,Fri,0,1
2025-10-31,S002,Loader,Mining,Rain,Fri,0,3
2025-10-31,S002,Compactor,Mining,Rain,Fri,0,0
2025-10-31,S003,Excavator,Building,Sunny,Fri,0,2
2025-10-31,S003,Bulldozer,Building,Sunny,Fri,0,0
2025-10-31,S003,Crane,Building,Sunny,Fri,0,4
2025-10-31,S003,Grader,Building,Sunny,Fri,0,1
2025-10-31,S003,Loader,Building,Sunny,Fri,0,3
2025-10-31,S003,Compactor,Building,Sunny,Fri,0,1
2025-10-31,S004,Excavator,Highway,Rain,Fri,0,3
2025-10-31,S004,Bulldozer,Highway,Rain,Fri,0,1
2025-10-31,S004,Crane,Highway,Rain,Fri,0,0
2025-10-31,S004,Grader,Highway,Rain,Fri,0,2
2025-10-31,S004,Loader,Highway,Rain,Fri,0,2
2025-10-31,S004,Compactor,Highway,Rain,Fri,0,2
2025-10-31,S005,Excavator,Mining,Sunny,Fri,0,3
2025-10-31,S005,Bulldozer,Mining,Sunny,Fri,0,7
2025-10-31,S005,Crane,Mining,Sunny,Fri,0,3
2025-10-31,S005,Grader,Mining,Sunny,Fri,0,2
2025-10-31,S005,Loader,Mining,Sunny,Fri,0,4
2025-10-31,S005,Compactor,Mining,Sunny,Fri,0,1
2025-10-31,S006,Excavator,Road,Rain,Fri,0,3
2025-10-31,S006,Bulldozer,Road,Rain,Fri,0,1
2025-10-31,S006,Crane,Road,Rain,Fri,0,0
2025-10-31,S006,Grader,Road,Rain,Fri,0,1
2025-10-31,S006,Loader,Road,Rain,Fri,0,2
2025-10-31,S006,Compactor,Road,Rain,Fri,0,3
2025-11-01,S001,Excavator,Road,Rain,Sat,1,1
2025-11-01,S001,Bulldozer,Road,Rain,Sat,1,1
2025-11-01,S001,Crane,Road,Rain,Sat,1,0
2025-11-01,S001,Grader,Road,Rain,Sat,1,1
2025-11-01,S001,Loader,Road,Rain,Sat,1,1
2025-11-01,S001,Compactor,Road,Rain,Sat,1,1
2025-11-01,S002,Excavator,Mining,Sunny,Sat,1,1
2025-11-01,S002,Bulldozer,Mining,Sunny,Sat,1,3
2025-11-01,S002,Crane,Mining,Sunny,Sat,1,0
2025-11-01,S002,Grader,Mining,Sunny,Sat,1,0
2025-11-01,S002,Loader,Mining,Sunny,Sat,1,3
2025-11-01,S002,Compactor,Mining,Sunny,Sat,1,0
2025-11-01,S003,Excavator,Building,Sunny,Sat,1,1
2025-11-01,S003,Bulldozer,Building,Sunny,Sat,1,1
2025-11-01,S003,Crane,Building,Sunny,Sat,1,2
2025-11-01,S003,Grader,Building,Sunny,Sat,1,1
2025-11-01,S003,Loader,Building,Sunny,Sat,1,1
2025-11-01,S003,Compactor,Building,Sunny,Sat,1,1
2025-11-01,S004,Excavator,Highway,Rain,Sat,1,1
2025-11-01,S004,Bulldozer,Highway,Rain,Sat,1,0
2025-11-01,S004,Crane,Highway,Rain,Sat,1,0
2025-11-01,S004,Grader,Highway,Rain,Sat,1,0
2025-11-01,S004,Loader,Highway,Rain,Sat,1,0
2025-11-01,S004,Compactor,Highway,Rain,Sat,1,2
2025-11-01,S005,Excavator,Mining,Cloudy,Sat,1,0
2025-11-01,S005,Bulldozer,Mining,Cloudy,Sat,1,1
2025-11-01,S005,Crane,Mining,Cloudy,Sat,1,0
2025-11-01,S005,Grader,Mining,Cloudy,Sat,1,0
2025-11-01,S005,Loader,Mining,Cloudy,Sat,1,1
2025-11-01,S005,Compactor,Mining,Cloudy,Sat,1,1
2025-11-01,S006,Excavator,Road,Sunny,Sat,1,2
2025-11-01,S006,Bulldozer,Road,Sunny,Sat,1,0
2025-11-01,S006,Crane,Road,Sunny,Sat,1,1
2025-11-01,S006,Grader,Road,Sunny,Sat,1,1
2025-11-01,S006,Loader,Road,Sunny,Sat,1,1
2025-11-01,S006,Compactor,Road,Sunny,Sat,1,2
2025-11-02,S001,Excavator,Road,Sunny,Sun,1,1
2025-11-02,S001,Bulldozer,Road,Sunny,Sun,1,0
2025-11-02,S001,Crane,Road,Sunny,Sun,1,1
2025-11-02,S001,Grader,Road,Sunny,Sun,1,2
2025-11-02,S001,Loader,Road,Sunny,Sun,1,1
2025-11-02,S001,Compactor,Road,Sunny,Sun,1,2
2025-11-02,S002,Excavator,Mining,Sunny,Sun,1,1
2025-11-02,S002,Bulldozer,Mining,Sunny,Sun,1,3
2025-11-02,S002,Crane,Mining,Sunny,Sun,1,1
2025-11-02,S002,Grader,Mining,Sunny,Sun,1,0
2025-11-02,S002,Loader,Mining,Sunny,Sun,1,1
2025-11-02,S002,Compactor,Mining,Sunny,Sun,1,0
2025-11-02,S003,Excavator,Building,Cloudy,Sun,1,1
2025-11-02,S003,Bulldozer,Building,Cloudy,Sun,1,0
2025-11-02,S003,Crane,Building,Cloudy,Sun,1,1
2025-11-02,S003,Grader,Building,Cloudy,Sun,1,1
2025-11-02,S003,Loader,Building,Cloudy,Sun,1,0
2025-11-02,S003,Compactor,Building,Cloudy,Sun,1,1
2025-11-02,S004,Excavator,Highway,Cloudy,Sun,1,2
2025-11-02,S004,Bulldozer,Highway,Cloudy,Sun,1,2
2025-11-02,S004,Crane,Highway,Cloudy,Sun,1,1
2025-11-02,S004,Grader,Highway,Cloudy,Sun,1,2
2025-11-02,S004,Loader,Highway,Cloudy,Sun,1,1
2025-11-02,S004,Compactor,Highway,Cloudy,Sun,1,2
2025-11-02,S005,Excavator,Mining,Sunny,Sun,1,2
2025-11-02,S005,Bulldozer,Mining,Sunny,Sun,1,2
2025-11-02,S005,Crane,Mining,Sunny,Sun,1,2
2025-11-02,S005,Grader,Mining,Sunny,Sun,1,1
2025-11-02,S005,Loader,Mining,Sunny,Sun,1,2
2025-11-02,S005,Compactor,Mining,Sunny,Sun,1,1
2025-11-02,S006,Excavator,Road,Sunny,Sun,1,2
2025-11-02,S006,Bulldozer,Road,Sunny,Sun,1,0
2025-11-02,S006,Crane,Road,Sunny,Sun,1,0
2025-11-02,S006,Grader,Road,Sunny,Sun,1,1
2025-11-02,S006,Loader,Road,Sunny,Sun,1,2
2025-11-02,S006,Compactor,Road,Sunny,Sun,1,2
2025-11-03,S001,Excavator,Road,Rain,Mon,0,3
2025-11-03,S001,Bulldozer,Road,Rain,Mon,0,1
2025-11-03,S001,Crane,Road,Rain,Mon,0,0
2025-11-03,S001,Grader,Road,Rain,Mon,0,2
2025-11-03,S001,Loader,Road,Rain,Mon,0,2
2025-11-03,S001,Compactor,Road,Rain,Mon,0,3
2025-11-03,S002,Excavator,Mining,Sunny,Mon,0,3
2025-11-03,S002,Bulldozer,Mining,Sunny,Mon,0,6
2025-11-03,S002,Crane,Mining,Sunny,Mon,0,2
2025-11-03,S002,Grader,Mining,Sunny,Mon,0,0
2025-11-03,S002,Loader,Mining,Sunny,Mon,0,5
2025-11-03,S002,Compactor,Mining,Sunny,Mon,0,1
2025-11-03,S003,Excavator,Building,Sunny,Mon,0,3
2025-11-03,S003,Bulldozer,Building,Sunny,Mon,0,0
2025-11-03,S003,Crane,Building,Sunny,Mon,0,5
2025-11-03,S003,Grader,Building,Sunny,Mon,0,1
2025-11-03,S003,Loader,Building,Sunny,Mon,0,3
2025-11-03,S003,Compactor,Building,Sunny,Mon,0,2
2025-11-03,S004,Excavator,Highway,Sunny,Mon,0,5
2025-11-03,S004,Bulldozer,Highway,Sunny,Mon,0,3
2025-11-03,S004,Crane,Highway,Sunny,Mon,0,2
2025-11-03,S004,Grader,Highway,Sunny,Mon,0,5
2025-11-03,S004,Loader,Highway,Sunny,Mon,0,3
2025-11-03,S004,Compactor,Highway,Sunny,Mon,0,5
2025-11-03,S005,Excavator,Mining,Rain,Mon,0,1
2025-11-03,S005,Bulldozer,Mining,Rain,Mon,0,2
2025-11-03,S005,Crane,Mining,Rain,Mon,0,1
2025-11-03,S005,Grader,Mining,Rain,Mon,0,1
2025-11-03,S005,Loader,Mining,Rain,Mon,0,2
2025-11-03,S005,Compactor,Mining,Rain,Mon,0,0
2025-11-03,S006,Excavator,Road,Sunny,Mon,0,4
2025-11-03,S006,Bulldozer,Road,Sunny,Mon,0,2
2025-11-03,S006,Crane,Road,Sunny,Mon,0,1
2025-11-03,S006,Grader,Road,Sunny,Mon,0,4
2025-11-03,S006,Loader,Road,Sunny,Mon,0,4
2025-11-03,S006,Compactor,Road,Sunny,Mon,0,4
2025-11-04,S001,Excavator,Road,Sunny,Tue,0,5
2025-11-04,S001,Bulldozer,Road,Sunny,Tue,0,3
2025-11-04,S001,Crane,Road,Sunny,Tue,0,1
2025-11-04,S001,Grader,Road,Sunny,Tue,0,5
2025-11-04,S001,Loader,Road,Sunny,Tue,0,2
2025-11-04,S001,Compactor,Road,Sunny,Tue,0,3
2025-11-04,S002,Excavator,Mining,Sunny,Tue,0,2
2025-11-04,S002,Bulldozer,Mining,Sunny,Tue,0,5
2025-11-04,S002,Crane,Mining,Sunny,Tue,0,2
2025-11-04,S002,Grader,Mining,Sunny,Tue,0,1
2025-11-04,S002,Loader,Mining,Sunny,Tue,0,6
2025-11-04,S002,Compactor,Mining,Sunny,Tue,0,2
2025-11-04,S003,Excavator,Building,Sunny,Tue,0,3
2025-11-04,S003,Bulldozer,Building,Sunny,Tue,0,1
2025-11-04,S003,Crane,Building,Sunny,Tue,0,5
2025-11-04,S003,Grader,Building,Sunny,Tue,0,0
2025-11-04,S003,Loader,Building,Sunny,Tue,0,3
2025-11-04,S003,Compactor,Building,Sunny,Tue,0,1
2025-11-04,S004,Excavator,Highway,Sunny,Tue,0,5
2025-11-04,S004,Bulldozer,Highway,Sunny,Tue,0,4
2025-11-04,S004,Crane,Highway,Sunny,Tue,0,2
2025-11-04,S004,Grader,Highway,Sunny,Tue,0,6
2025-11-04,S004,Loader,Highway,Sunny,Tue,0,4
2025-11-04,S004,Compactor,Highway,Sunny,Tue,0,6
2025-11-04,S005,Excavator,Mining,Sunny,Tue,0,2
2025-11-04,S005,Bulldozer,Mining,Sunny,Tue,0,5
2025-11-04,S005,Crane,Mining,Sunny,Tue,0,1
2025-11-04,S005,Grader,Mining,Sunny,Tue,0,0
2025-11-04,S005,Loader,Mining,Sunny,Tue,0,4
2025-11-04,S005,Compactor,Mining,Sunny,Tue,0,1
2025-11-04,S006,Excavator,Road,Sunny,Tue,0,5
2025-11-04,S006,Bulldozer,Road,Sunny,Tue,0,3
2025-11-04,S006,Crane,Road,Sunny,Tue,0,0
2025-11-04,S006,Grader,Road,Sunny,Tue,0,4
2025-11-04,S006,Loader,Road,Sunny,Tue,0,4
2025-11-04,S006,Compactor,Road,Sunny,Tue,0,3
2025-11-05,S001,Excavator,Road,Rain,Wed,0,3
2025-11-05,S001,Bulldozer,Road,Rain,Wed,0,0
2025-11-05,S001,Crane,Road,Rain,Wed,0,1
2025-11-05,S001,Grader,Road,Rain,Wed,0,3
2025-11-05,S001,Loader,Road,Rain,Wed,0,1
2025-11-05,S001,Compactor,Road,Rain,Wed,0,3
2025-11-05,S002,Excavator,Mining,Sunny,Wed,0,3
2025-11-05,S002,Bulldozer,Mining,Sunny,Wed,0,5
2025-11-05,S002,Crane,Mining,Sunny,Wed,0,1
2025-11-05,S002,Grader,Mining,Sunny,Wed,0,1
2025-11-05,S002,Loader,Mining,Sunny,Wed,0,5
2025-11-05,S002,Compactor,Mining,Sunny,Wed,0,0
2025-11-05,S003,Excavator,Building,Sunny,Wed,0,2
2025-11-05,S003,Bulldozer,Building,Sunny,Wed,0,1
2025-11-05,S003,Crane,Building,Sunny,Wed,0,5
2025-11-05,S003,Grader,Building,Sunny,Wed,0,2
2025-11-05,S003,Loader,Building,Sunny,Wed,0,2
2025-11-05,S003,Compactor,Building,Sunny,Wed,0,1
2025-11-05,S004,Excavator,Highway,Rain,Wed,0,3
2025-11-05,S004,Bulldozer,Highway,Rain,Wed,0,2
2025-11-05,S004,Crane,Highway,Rain,Wed,0,1
2025-11-05,S004,Grader,Highway,Rain,Wed,0,2
2025-11-05,S004,Loader,Highway,Rain,Wed,0,2
2025-11-05,S004,Compactor,Highway,Rain,Wed,0,2
2025-11-05,S005,Excavator,Mining,Sunny,Wed,0,3
2025-11-05,S005,Bulldozer,Mining,Sunny,Wed,0,6
2025-11-05,S005,Crane,Mining,Sunny,Wed,0,2
2025-11-05,S005,Grader,Mining,Sunny,Wed,0,0
2025-11-05,S005,Loader,Mining,Sunny,Wed,0,5
2025-11-05,S005,Compactor,Mining,Sunny,Wed,0,0
2025-11-05,S006,Excavator,Road,Sunny,Wed,0,5
2025-11-05,S006,Bulldozer,Road,Sunny,Wed,0,1
2025-11-05,S006,Crane,Road,Sunny,Wed,0,1
2025-11-05,S006,Grader,Road,Sunny,Wed,0,5
2025-11-05,S006,Loader,Road,Sunny,Wed,0,3
2025-11-05,S006,Compactor,Road,Sunny,Wed,0,4
2025-11-06,S001,Excavator,Road,Sunny,Thu,0,6
2025-11-06,S001,Bulldozer,Road,Sunny,Thu,0,3
2025-11-06,S001,Crane,Road,Sunny,Thu,0,0
2025-11-06,S001,Grader,Road,Sunny,Thu,0,4
2025-11-06,S001,Loader,Road,Sunny,Thu,0,3
2025-11-06,S001,Compactor,Road,Sunny,Thu,0,4
2025-11-06,S002,Excavator,Mining,Sunny,Thu,0,4
2025-11-06,S002,Bulldozer,Mining,Sunny,Thu,0,6
2025-11-06,S002,Crane,Mining,Sunny,Thu,0,3
2025-11-06,S002,Grader,Mining,Sunny,Thu,0,2
2025-11-06,S002,Loader,Mining,Sunny,Thu,0,5
2025-11-06,S002,Compactor,Mining,Sunny,Thu,0,1
2025-11-06,S003,Excavator,Building,Sunny,Thu,0,2
2025-11-06,S003,Bulldozer,Building,Sunny,Thu,0,1
2025-11-06,S003,Crane,Building,Sunny,Thu,0,6
2025-11-06,S003,Grader,Building,Sunny,Thu,0,1
2025-11-06,S003,Loader,Building,Sunny,Thu,0,2
2025-11-06,S003,Compactor,Building,Sunny,Thu,0,3
2025-11-06,S004,Excavator,Highway,Sunny,Thu,0,6
2025-11-06,S004,Bulldozer,Highway,Sunny,Thu,0,3
2025-11-06,S004,Crane,Highway,Sunny,Thu,0,1
2025-11-06,S004,Grader,Highway,Sunny,Thu,0,5
2025-11-06,S004,Loader,Highway,Sunny,Thu,0,4
2025-11-06,S004,Compactor,Highway,Sunny,Thu,0,5
2025-11-06,S005,Excavator,Mining,Rain,Thu,0,1
2025-11-06,S005,Bulldozer,Mining,Rain,Thu,0,3
2025-11-06,S005,Crane,Mining,Rain,Thu,0,0
2025-11-06,S005,Grader,Mining,Rain,Thu,0,0
2025-11-06,S005,Loader,Mining,Rain,Thu,0,2
2025-11-06,S005,Compactor,Mining,Rain,Thu,0,1
2025-11-06,S006,Excavator,Road,Sunny,Thu,0,4
2025-11-06,S006,Bulldozer,Road,Sunny,Thu,0,2
2025-11-06,S006,Crane,Road,Sunny,Thu,0,1
2025-11-06,S006,Grader,Road,Sunny,Thu,0,5
2025-11-06,S006,Loader,Road,Sunny,Thu,0,2
2025-11-06,S006,Compactor,Road,Sunny,Thu,0,4
2025-11-07,S001,Excavator,Road,Cloudy,Fri,0,5
2025-11-07,S001,Bulldozer,Road,Cloudy,Fri,0,1
2025-11-07,S001,Crane,Road,Cloudy,Fri,0,1
2025-11-07,S001,Grader,Road,Cloudy,Fri,0,3
2025-11-07,S001,Loader,Road,Cloudy,Fri,0,2
2025-11-07,S001,Compactor,Road,Cloudy,Fri,0,3
2025-11-07,S002,Excavator,Mining,Sunny,Fri,0,4
2025-11-07,S002,Bulldozer,Mining,Sunny,Fri,0,5
2025-11-07,S002,Crane,Mining,Sunny,Fri,0,2
2025-11-07,S002,Grader,Mining,Sunny,Fri,0,1
2025-11-07,S002,Loader,Mining,Sunny,Fri,0,5
2025-11-07,S002,Compactor,Mining,Sunny,Fri,0,1
2025-11-07,S003,Excavator,Building,Sunny,Fri,0,2
2025-11-07,S003,Bulldozer,Building,Sunny,Fri,0,0
2025-11-07,S003,Crane,Building,Sunny,Fri,0,6
2025-11-07,S003,Grader,Building,Sunny,Fri,0,1
2025-11-07,S003,Loader,Building,Sunny,Fri,0,2
2025-11-07,S003,Compactor,Building,Sunny,Fri,0,1
2025-11-07,S004,Excavator,Highway,Sunny,Fri,0,4
2025-11-07,S004,Bulldozer,Highway,Sunny,Fri,0,3
2025-11-07,S004,Crane,Highway,Sunny,Fri,0,0
2025-11-07,S004,Grader,Highway,Sunny,Fri,0,4
2025-11-07,S004,Loader,Highway,Sunny,Fri,0,3
2025-11-07,S004,Compactor,Highway,Sunny,Fri,0,5
2025-11-07,S005,Excavator,Mining,Sunny,Fri,0,4
2025-11-07,S005,Bulldozer,Mining,Sunny,Fri,0,5
2025-11-07,S005,Crane,Mining,Sunny,Fri,0,2
2025-11-07,S005,Grader,Mining,Sunny,Fri,0,1
2025-11-07,S005,Loader,Mining,Sunny,Fri,0,4
2025-11-07,S005,Compactor,Mining,Sunny,Fri,0,1
2025-11-07,S006,Excavator,Road,Sunny,Fri,0,5
2025-11-07,S006,Bulldozer,Road,Sunny,Fri,0,2
2025-11-07,S006,Crane,Road,Sunny,Fri,0,1
2025-11-07,S006,Grader,Road,Sunny,Fri,0,5
2025-11-07,S006,Loader,Road,Sunny,Fri,0,3
2025-11-07,S006,Compactor,Road,Sunny,Fri,0,4
2025-11-08,S001,Excavator,Road,Sunny,Sat,1,3
2025-11-08,S001,Bulldozer,Road,Sunny,Sat,1,2
2025-11-08,S001,Crane,Road,Sunny,Sat,1,0
2025-11-08,S001,Grader,Road,Sunny,Sat,1,2
2025-11-08,S001,Loader,Road,Sunny,Sat,1,1
2025-11-08,S001,Compactor,Road,Sunny,Sat,1,2
2025-11-08,S002,Excavator,Mining,Sunny,Sat,1,1
2025-11-08,S002,Bulldozer,Mining,Sunny,Sat,1,2
2025-11-08,S002,Crane,Mining,Sunny,Sat,1,0
2025-11-08,S002,Grader,Mining,Sunny,Sat,1,1
2025-11-08,S002,Loader,Mining,Sunny,Sat,1,3
2025-11-08,S002,Compactor,Mining,Sunny,Sat,1,0
2025-11-08,S003,Excavator,Building,Cloudy,Sat,1,0
2025-11-08,S003,Bulldozer,Building,Cloudy,Sat,1,1
2025-11-08,S003,Crane,Building,Cloudy,Sat,1,1
2025-11-08,S003,Grader,Building,Cloudy,Sat,1,1
2025-11-08,S003,Loader,Building,Cloudy,Sat,1,1
2025-11-08,S003,Compactor,Building,Cloudy,Sat,1,1
2025-11-08,S004,Excavator,Highway,Cloudy,Sat,1,2
2025-11-08,S004,Bulldozer,Highway,Cloudy,Sat,1,1
2025-11-08,S004,Crane,Highway,Cloudy,Sat,1,1
2025-11-08,S004,Grader,Highway,Cloudy,Sat,1,2
2025-11-08,S004,Loader,Highway,Cloudy,Sat,1,1
2025-11-08,S004,Compactor,Highway,Cloudy,Sat,1,1
2025-11-08,S005,Excavator,Mining,Sunny,Sat,1,1
2025-11-08,S005,Bulldozer,Mining,Sunny,Sat,1,3
2025-11-08,S005,Crane,Mining,Sunny,Sat,1,1
2025-11-08,S005,Grader,Mining,Sunny,Sat,1,0
2025-11-08,S005,Loader,Mining,Sunny,Sat,1,1
2025-11-08,S005,Compactor,Mining,Sunny,Sat,1,1
2025-11-08,S006,Excavator,Road,Sunny,Sat,1,3
2025-11-08,S006,Bulldozer,Road,Sunny,Sat,1,2
2025-11-08,S006,Crane,Road,Sunny,Sat,1,0
2025-11-08,S006,Grader,Road,Sunny,Sat,1,2
2025-11-08,S006,Loader,Road,Sunny,Sat,1,2
2025-11-08,S006,Compactor,Road,Sunny,Sat,1,2
2025-11-09,S001,Excavator,Road,Cloudy,Sun,1,1
2025-11-09,S001,Bulldozer,Road,Cloudy,Sun,1,1
2025-11-09,S001,Crane,Road,Cloudy,Sun,1,1
2025-11-09,S001,Grader,Road,Cloudy,Sun,1,2
2025-11-09,S001,Loader,Road,Cloudy,Sun,1,1
2025-11-09,S001,Compactor,Road,Cloudy,Sun,1,2
2025-11-09,S002,Excavator,Mining,Sunny,Sun,1,2
2025-11-09,S002,Bulldozer,Mining,Sunny,Sun,1,3
2025-11-09,S002,Crane,Mining,Sunny,Sun,1,2
2025-11-09,S002,Grader,Mining,Sunny,Sun,1,0
2025-11-09,S002,Loader,Mining,Sunny,Sun,1,2
2025-11-09,S002,Compactor,Mining,Sunny,Sun,1,1
2025-11-09,S003,Excavator,Building,Cloudy,Sun,1,1
2025-11-09,S003,Bulldozer,Building,Cloudy,Sun,1,0
2025-11-09,S003,Crane,Building,Cloudy,Sun,1,1
2025-11-09,S003,Grader,Building,Cloudy,Sun,1,0
2025-11-09,S003,Loader,Building,Cloudy,Sun,1,1
2025-11-09,S003,Compactor,Building,Cloudy,Sun,1,0
2025-11-09,S004,Excavator,Highway,Rain,Sun,1,0
2025-11-09,S004,Bulldozer,Highway,Rain,Sun,1,0
2025-11-09,S004,Crane,Highway,Rain,Sun,1,0
2025-11-09,S004,Grader,Highway,Rain,Sun,1,1
2025-11-09,S004,Loader,Highway,Rain,Sun,1,1
2025-11-09,S004,Compactor,Highway,Rain,Sun,1,2
2025-11-09,S005,Excavator,Mining,Sunny,Sun,1,0
2025-11-09,S005,Bulldozer,Mining,Sunny,Sun,1,3
2025-11-09,S005,Crane,Mining,Sunny,Sun,1,1
2025-11-09,S005,Grader,Mining,Sunny,Sun,1,1
2025-11-09,S005,Loader,Mining,Sunny,Sun,1,2
2025-11-09,S005,Compactor,Mining,Sunny,Sun,1,0
2025-11-09,S006,Excavator,Road,Sunny,Sun,1,1
2025-11-09,S006,Bulldozer,Road,Sunny,Sun,1,1
2025-11-09,S006,Crane,Road,Sunny,Sun,1,0
2025-11-09,S006,Grader,Road,Sunny,Sun,1,2
2025-11-09,S006,Loader,Road,Sunny,Sun,1,2
2025-11-09,S006,Compactor,Road,Sunny,Sun,1,1
2025-11-10,S001,Excavator,Road,Cloudy,Mon,0,5
2025-11-10,S001,Bulldozer,Road,Cloudy,Mon,0,1
2025-11-10,S001,Crane,Road,Cloudy,Mon,0,2
2025-11-10,S001,Grader,Road,Cloudy,Mon,0,4
2025-11-10,S001,Loader,Road,Cloudy,Mon,0,3
2025-11-10,S001,Compactor,Road,Cloudy,Mon,0,3
2025-11-10,S002,Excavator,Mining,Rain,Mon,0,2
2025-11-10,S002,Bulldozer,Mining,Rain,Mon,0,3
2025-11-10,S002,Crane,Mining,Rain,Mon,0,1
2025-11-10,S002,Grader,Mining,Rain,Mon,0,0
2025-11-10,S002,Loader,Mining,Rain,Mon,0,2
2025-11-10,S002,Compactor,Mining,Rain,Mon,0,1
2025-11-10,S003,Excavator,Building,Sunny,Mon,0,2
2025-11-10,S003,Bulldozer,Building,Sunny,Mon,0,1
2025-11-10,S003,Crane,Building,Sunny,Mon,0,5
2025-11-10,S003,Grader,Building,Sunny,Mon,0,1
2025-11-10,S003,Loader,Building,Sunny,Mon,0,1
2025-11-10,S003,Compactor,Building,Sunny,Mon,0,2
2025-11-10,S004,Excavator,Highway,Sunny,Mon,0,4
2025-11-10,S004,Bulldozer,Highway,Sunny,Mon,0,3
2025-11-10,S004,Crane,Highway,Sunny,Mon,0,1
2025-11-10,S004,Grader,Highway,Sunny,Mon,0,6
2025-11-10,S004,Loader,Highway,Sunny,Mon,0,3
2025-11-10,S004,Compactor,Highway,Sunny,Mon,0,5
2025-11-10,S005,Excavator,Mining,Sunny,Mon,0,3
2025-11-10,S005,Bulldozer,Mining,Sunny,Mon,0,5
2025-11-10,S005,Crane,Mining,Sunny,Mon,0,2
2025-11-10,S005,Grader,Mining,Sunny,Mon,0,1
2025-11-10,S005,Loader,Mining,Sunny,Mon,0,6
2025-11-10,S005,Compactor,Mining,Sunny,Mon,0,1
2025-11-10,S006,Excavator,Road,Sunny,Mon,0,6
2025-11-10,S006,Bulldozer,Road,Sunny,Mon,0,3
2025-11-10,S006,Crane,Road,Sunny,Mon,0,0
2025-11-10,S006,Grader,Road,Sunny,Mon,0,4
2025-11-10,S006,Loader,Road,Sunny,Mon,0,2
2025-11-10,S006,Compactor,Road,Sunny,Mon,0,5
2025-11-11,S001,Excavator,Road,Sunny,Tue,0,6
2025-11-11,S001,Bulldozer,Road,Sunny,Tue,0,2
2025-11-11,S001,Crane,Road,Sunny,Tue,0,2
2025-11-11,S001,Grader,Road,Sunny,Tue,0,4
2025-11-11,S001,Loader,Road,Sunny,Tue,0,2
2025-11-11,S001,Compactor,Road,Sunny,Tue,0,3
2025-11-11,S002,Excavator,Mining,Sunny,Tue,0,2
2025-11-11,S002,Bulldozer,Mining,Sunny,Tue,0,6
2025-11-11,S002,Crane,Mining,Sunny,Tue,0,3
2025-11-11,S002,Grader,Mining,Sunny,Tue,0,0
2025-11-11,S002,Loader,Mining,Sunny,Tue,0,5
2025-11-11,S002,Compactor,Mining,Sunny,Tue,0,1
2025-11-11,S003,Excavator,Building,Sunny,Tue,0,1
2025-11-11,S003,Bulldozer,Building,Sunny,Tue,0,1
2025-11-11,S003,Crane,Building,Sunny,Tue,0,4
2025-11-11,S003,Grader,Building,Sunny,Tue,0,0
2025-11-11,S003,Loader,Building,Sunny,Tue,0,1
2025-11-11,S003,Compactor,Building,Sunny,Tue,0,3
2025-11-11,S004,Excavator,Highway,Cloudy,Tue,0,3
2025-11-11,S004,Bulldozer,Highway,Cloudy,Tue,0,3
2025-11-11,S004,Crane,Highway,Cloudy,Tue,0,1
2025-11-11,S004,Grader,Highway,Cloudy,Tue,0,3
2025-11-11,S004,Loader,Highway,Cloudy,Tue,0,2
2025-11-11,S004,Compactor,Highway,Cloudy,Tue,0,5
2025-11-11,S005,Excavator,Mining,Sunny,Tue,0,4
2025-11-11,S005,Bulldozer,Mining,Sunny,Tue,0,6
2025-11-11,S005,Crane,Mining,Sunny,Tue,0,2
2025-11-11,S005,Grader,Mining,Sunny,Tue,0,2
2025-11-11,S005,Loader,Mining,Sunny,Tue,0,4
2025-11-11,S005,Compactor,Mining,Sunny,Tue,0,0
2025-11-11,S006,Excavator,Road,Sunny,Tue,0,5
2025-11-11,S006,Bulldozer,Road,Sunny,Tue,0,2
2025-11-11,S006,Crane,Road,Sunny,Tue,0,1
2025-11-11,S006,Grader,Road,Sunny,Tue,0,5
2025-11-11,S006,Loader,Road,Sunny,Tue,0,3
2025-11-11,S006,Compactor,Road,Sunny,Tue,0,3
2025-11-12,S001,Excavator,Road,Sunny,Wed,0,6
2025-11-12,S001,Bulldozer,Road,Sunny,Wed,0,2
2025-11-12,S001,Crane,Road,Sunny,Wed,0,0
2025-11-12,S001,Grader,Road,Sunny,Wed,0,3
2025-11-12,S001,Loader,Road,Sunny,Wed,0,2
2025-11-12,S001,Compactor,Road,Sunny,Wed,0,4
2025-11-12,S002,Excavator,Mining,Sunny,Wed,0,3
2025-11-12,S002,Bulldozer,Mining,Sunny,Wed,0,6
2025-11-12,S002,Crane,Mining,Sunny,Wed,0,1
2025-11-12,S002,Grader,Mining,Sunny,Wed,0,0
2025-11-12,S002,Loader,Mining,Sunny,Wed,0,6
2025-11-12,S002,Compactor,Mining,Sunny,Wed,0,2
2025-11-12,S003,Excavator,Building,Cloudy,Wed,0,1
2025-11-12,S003,Bulldozer,Building,Cloudy,Wed,0,1
2025-11-12,S003,Crane,Building,Cloudy,Wed,0,3
2025-11-12,S003,Grader,Building,Cloudy,Wed,0,1
2025-11-12,S003,Loader,Building,Cloudy,Wed,0,1
2025-11-12,S003,Compactor,Building,Cloudy,Wed,0,2
2025-11-12,S004,Excavator,Highway,Cloudy,Wed,0,4
2025-11-12,S004,Bulldozer,Highway,Cloudy,Wed,0,3
2025-11-12,S004,Crane,Highway,Cloudy,Wed,0,2
2025-11-12,S004,Grader,Highway,Cloudy,Wed,0,5
2025-11-12,S004,Loader,Highway,Cloudy,Wed,0,3
2025-11-12,S004,Compactor,Highway,Cloudy,Wed,0,4
2025-11-12,S005,Excavator,Mining,Sunny,Wed,0,3
2025-11-12,S005,Bulldozer,Mining,Sunny,Wed,0,5
2025-11-12,S005,Crane,Mining,Sunny,Wed,0,2
2025-11-12,S005,Grader,Mining,Sunny,Wed,0,0
2025-11-12,S005,Loader,Mining,Sunny,Wed,0,4
2025-11-12,S005,Compactor,Mining,Sunny,Wed,0,1
2025-11-12,S006,Excavator,Road,Sunny,Wed,0,4
2025-11-12,S006,Bulldozer,Road,Sunny,Wed,0,3
2025-11-12,S006,Crane,Road,Sunny,Wed,0,1
2025-11-12,S006,Grader,Road,Sunny,Wed,0,4
2025-11-12,S006,Loader,Road,Sunny,Wed,0,3
2025-11-12,S006,Compactor,Road,Sunny,Wed,0,3
2025-11-13,S001,Excavator,Road,Cloudy,Thu,0,5
2025-11-13,S001,Bulldozer,Road,Cloudy,Thu,0,2
2025-11-13,S001,Crane,Road,Cloudy,Thu,0,0
2025-11-13,S001,Grader,Road,Cloudy,Thu,0,4
2025-11-13,S001,Loader,Road,Cloudy,Thu,0,3
2025-11-13,S001,Compactor,Road,Cloudy,Thu,0,4
2025-11-13,S002,Excavator,Mining,Sunny,Thu,0,2
2025-11-13,S002,Bulldozer,Mining,Sunny,Thu,0,5
2025-11-13,S002,Crane,Mining,Sunny,Thu,0,1
2025-11-13,S002,Grader,Mining,Sunny,Thu,0,1
2025-11-13,S002,Loader,Mining,Sunny,Thu,0,4
2025-11-13,S002,Compactor,Mining,Sunny,Thu,0,1
2025-11-13,S003,Excavator,Building,Sunny,Thu,0,2
2025-11-13,S003,Bulldozer,Building,Sunny,Thu,0,0
2025-11-13,S003,Crane,Building,Sunny,Thu,0,5
2025-11-13,S003,Grader,Building,Sunny,Thu,0,2
2025-11-13,S003,Loader,Building,Sunny,Thu,0,2
2025-11-13,S003,Compactor,Building,Sunny,Thu,0,2
2025-11-13,S004,Excavator,Highway,Rain,Thu,0,2
2025-11-13,S004,Bulldozer,Highway,Rain,Thu,0,2
2025-11-13,S004,Crane,Highway,Rain,Thu,0,1
2025-11-13,S004,Grader,Highway,Rain,Thu,0,2
2025-11-13,S004,Loader,Highway,Rain,Thu,0,1
2025-11-13,S004,Compactor,Highway,Rain,Thu,0,2
2025-11-13,S005,Excavator,Mining,Sunny,Thu,0,3
2025-11-13,S005,Bulldozer,Mining,Sunny,Thu,0,7
2025-11-13,S005,Crane,Mining,Sunny,Thu,0,2
2025-11-13,S005,Grader,Mining,Sunny,Thu,0,2
2025-11-13,S005,Loader,Mining,Sunny,Thu,0,6
2025-11-13,S005,Compactor,Mining,Sunny,Thu,0,2
2025-11-13,S006,Excavator,Road,Sunny,Thu,0,5
2025-11-13,S006,Bulldozer,Road,Sunny,Thu,0,1
2025-11-13,S006,Crane,Road,Sunny,Thu,0,1
2025-11-13,S006,Grader,Road,Sunny,Thu,0,5
2025-11-13,S006,Loader,Road,Sunny,Thu,0,4
2025-11-13,S006,Compactor,Road,Sunny,Thu,0,3
2025-11-14,S001,Excavator,Road,Sunny,Fri,0,5
2025-11-14,S001,Bulldozer,Road,Sunny,Fri,0,2
2025-11-14,S001,Crane,Road,Sunny,Fri,0,1
2025-11-14,S001,Grader,Road,Sunny,Fri,0,4
2025-11-14,S001,Loader,Road,Sunny,Fri,0,4
2025-11-14,S001,Compactor,Road,Sunny,Fri,0,4
2025-11-14,S002,Excavator,Mining,Cloudy,Fri,0,3
2025-11-14,S002,Bulldozer,Mining,Cloudy,Fri,0,6
2025-11-14,S002,Crane,Mining,Cloudy,Fri,0,2
2025-11-14,S002,Grader,Mining,Cloudy,Fri,0,1
2025-11-14,S002,Loader,Mining,Cloudy,Fri,0,5
2025-11-14,S002,Compactor,Mining,Cloudy,Fri,0,0
2025-11-14,S003,Excavator,Building,Sunny,Fri,0,3
2025-11-14,S003,Bulldozer,Building,Sunny,Fri,0,1
2025-11-14,S003,Crane,Building,Sunny,Fri,0,5
2025-11-14,S003,Grader,Building,Sunny,Fri,0,2
2025-11-14,S003,Loader,Building,Sunny,Fri,0,1
2025-11-14,S003,Compactor,Building,Sunny,Fri,0,3
2025-11-14,S004,Excavator,Highway,Rain,Fri,0,3
2025-11-14,S004,Bulldozer,Highway,Rain,Fri,0,2
2025-11-14,S004,Crane,Highway,Rain,Fri,0,1
2025-11-14,S004,Grader,Highway,Rain,Fri,0,2
2025-11-14,S004,Loader,Highway,Rain,Fri,0,1
2025-11-14,S004,Compactor,Highway,Rain,Fri,0,3
2025-11-14,S005,Excavator,Mining,Rain,Fri,0,1
2025-11-14,S005,Bulldozer,Mining,Rain,Fri,0,2
2025-11-14,S005,Crane,Mining,Rain,Fri,0,2
2025-11-14,S005,Grader,Mining,Rain,Fri,0,0
2025-11-14,S005,Loader,Mining,Rain,Fri,0,3
2025-11-14,S005,Compactor,Mining,Rain,Fri,0,0
2025-11-14,S006,Excavator,Road,Rain,Fri,0,3
2025-11-14,S006,Bulldozer,Road,Rain,Fri,0,0
2025-11-14,S006,Crane,Road,Rain,Fri,0,0
2025-11-14,S006,Grader,Road,Rain,Fri,0,1
2025-11-14,S006,Loader,Road,Rain,Fri,0,2
2025-11-14,S006,Compactor,Road,Rain,Fri,0,2
2025-11-15,S001,Excavator,Road,Sunny,Sat,1,2
2025-11-15,S001,Bulldozer,Road,Sunny,Sat,1,0
2025-11-15,S001,Crane,Road,Sunny,Sat,1,1
2025-11-15,S001,Grader,Road,Sunny,Sat,1,1
2025-11-15,S001,Loader,Road,Sunny,Sat,1,2
2025-11-15,S001,Compactor,Road,Sunny,Sat,1,1
2025-11-15,S002,Excavator,Mining,Sunny,Sat,1,2
2025-11-15,S002,Bulldozer,Mining,Sunny,Sat,1,3
2025-11-15,S002,Crane,Mining,Sunny,Sat,1,1
2025-11-15,S002,Grader,Mining,Sunny,Sat,1,1
2025-11-15,S002,Loader,Mining,Sunny,Sat,1,2
2025-11-15,S002,Compactor,Mining,Sunny,Sat,1,1
2025-11-15,S003,Excavator,Building,Sunny,Sat,1,0
2025-11-15,S003,Bulldozer,Building,Sunny,Sat,1,0
2025-11-15,S003,Crane,Building,Sunny,Sat,1,2
2025-11-15,S003,Grader,Building,Sunny,Sat,1,1
2025-11-15,S003,Loader,Building,Sunny,Sat,1,0
2025-11-15,S003,Compactor,Building,Sunny,Sat,1,1
2025-11-15,S004,Excavator,Highway,Sunny,Sat,1,2
2025-11-15,S004,Bulldozer,Highway,Sunny,Sat,1,1
2025-11-15,S004,Crane,Highway,Sunny,Sat,1,0
2025-11-15,S004,Grader,Highway,Sunny,Sat,1,2
2025-11-15,S004,Loader,Highway,Sunny,Sat,1,0
2025-11-15,S004,Compactor,Highway,Sunny,Sat,1,3
2025-11-15,S005,Excavator,Mining,Sunny,Sat,1,1
2025-11-15,S005,Bulldozer,Mining,Sunny,Sat,1,2
2025-11-15,S005,Crane,Mining,Sunny,Sat,1,1
2025-11-15,S005,Grader,Mining,Sunny,Sat,1,0
2025-11-15,S005,Loader,Mining,Sunny,Sat,1,2
2025-11-15,S005,Compactor,Mining,Sunny,Sat,1,0
2025-11-15,S006,Excavator,Road,Sunny,Sat,1,1
2025-11-15,S006,Bulldozer,Road,Sunny,Sat,1,2
2025-11-15,S006,Crane,Road,Sunny,Sat,1,0
2025-11-15,S006,Grader,Road,Sunny,Sat,1,1
2025-11-15,S006,Loader,Road,Sunny,Sat,1,2
2025-11-15,S006,Compactor,Road,Sunny,Sat,1,1
2025-11-16,S001,Excavator,Road,Cloudy,Sun,1,2
2025-11-16,S001,Bulldozer,Road,Cloudy,Sun,1,0
2025-11-16,S001,Crane,Road,Cloudy,Sun,1,0
2025-11-16,S001,Grader,Road,Cloudy,Sun,1,1
2025-11-16,S001,Loader,Road,Cloudy,Sun,1,0
2025-11-16,S001,Compactor,Road,Cloudy,Sun,1,2
2025-11-16,S002,Excavator,Mining,Cloudy,Sun,1,1
2025-11-16,S002,Bulldozer,Mining,Cloudy,Sun,1,3
2025-11-16,S002,Crane,Mining,Cloudy,Sun,1,1
2025-11-16,S002,Grader,Mining,Cloudy,Sun,1,0
2025-11-16,S002,Loader,Mining,Cloudy,Sun,1,1
2025-11-16,S002,Compactor,Mining,Cloudy,Sun,1,1
2025-11-16,S003,Excavator,Building,Sunny,Sun,1,1
2025-11-16,S003,Bulldozer,Building,Sunny,Sun,1,1
2025-11-16,S003,Crane,Building,Sunny,Sun,1,1
2025-11-16,S003,Grader,Building,Sunny,Sun,1,1
2025-11-16,S003,Loader,Building,Sunny,Sun,1,2
2025-11-16,S003,Compactor,Building,Sunny,Sun,1,1
2025-11-16,S004,Excavator,Highway,Cloudy,Sun,1,2
2025-11-16,S004,Bulldozer,Highway,Cloudy,Sun,1,0
2025-11-16,S004,Crane,Highway,Cloudy,Sun,1,0
2025-11-16,S004,Grader,Highway,Cloudy,Sun,1,1
2025-11-16,S004,Loader,Highway,Cloudy,Sun,1,2
2025-11-16,S004,Compactor,Highway,Cloudy,Sun,1,2
2025-11-16,S005,Excavator,Mining,Cloudy,Sun,1,0
2025-11-16,S005,Bulldozer,Mining,Cloudy,Sun,1,2
2025-11-16,S005,Crane,Mining,Cloudy,Sun,1,0
2025-11-16,S005,Grader,Mining,Cloudy,Sun,1,0
2025-11-16,S005,Loader,Mining,Cloudy,Sun,1,2
2025-11-16,S005,Compactor,Mining,Cloudy,Sun,1,0
2025-11-16,S006,Excavator,Road,Sunny,Sun,1,2
2025-11-16,S006,Bulldozer,Road,Sunny,Sun,1,2
2025-11-16,S006,Crane,Road,Sunny,Sun,1,0
2025-11-16,S006,Grader,Road,Sunny,Sun,1,1
2025-11-16,S006,Loader,Road,Sunny,Sun,1,2
2025-11-16,S006,Compactor,Road,Sunny,Sun,1,2
2025-11-17,S001,Excavator,Road,Sunny,Mon,0,6
2025-11-17,S001,Bulldozer,Road,Sunny,Mon,0,3
2025-11-17,S001,Crane,Road,Sunny,Mon,0,2
2025-11-17,S001,Grader,Road,Sunny,Mon,0,5
2025-11-17,S001,Loader,Road,Sunny,Mon,0,3
2025-11-17,S001,Compactor,Road,Sunny,Mon,0,4
2025-11-17,S002,Excavator,Mining,Sunny,Mon,0,3
2025-11-17,S002,Bulldozer,Mining,Sunny,Mon,0,6
2025-11-17,S002,Crane,Mining,Sunny,Mon,0,2
2025-11-17,S002,Grader,Mining,Sunny,Mon,0,1
2025-11-17,S002,Loader,Mining,Sunny,Mon,0,4
2025-11-17,S002,Compactor,Mining,Sunny,Mon,0,2
2025-11-17,S003,Excavator,Building,Cloudy,Mon,0,1
2025-11-17,S003,Bulldozer,Building,Cloudy,Mon,0,1
2025-11-17,S003,Crane,Building,Cloudy,Mon,0,3
2025-11-17,S003,Grader,Building,Cloudy,Mon,0,1
2025-11-17,S003,Loader,Building,Cloudy,Mon,0,1
2025-11-17,S003,Compactor,Building,Cloudy,Mon,0,3
2025-11-17,S004,Excavator,Highway,Sunny,Mon,0,5
2025-11-17,S004,Bulldozer,Highway,Sunny,Mon,0,3
2025-11-17,S004,Crane,Highway,Sunny,Mon,0,2
2025-11-17,S004,Grader,Highway,Sunny,Mon,0,4
2025-11-17,S004,Loader,Highway,Sunny,Mon,0,3
2025-11-17,S004,Compactor,Highway,Sunny,Mon,0,4
2025-11-17,S005,Excavator,Mining,Rain,Mon,0,1
2025-11-17,S005,Bulldozer,Mining,Rain,Mon,0,4
2025-11-17,S005,Crane,Mining,Rain,Mon,0,1
2025-11-17,S005,Grader,Mining,Rain,Mon,0,0
2025-11-17,S005,Loader,Mining,Rain,Mon,0,2
2025-11-17,S005,Compactor,Mining,Rain,Mon,0,0
2025-11-17,S006,Excavator,Road,Sunny,Mon,0,5
2025-11-17,S006,Bulldozer,Road,Sunny,Mon,0,2
2025-11-17,S006,Crane,Road,Sunny,Mon,0,0
2025-11-17,S006,Grader,Road,Sunny,Mon,0,3
2025-11-17,S006,Loader,Road,Sunny,Mon,0,3
2025-11-17,S006,Compactor,Road,Sunny,Mon,0,4
2025-11-18,S001,Excavator,Road,Sunny,Tue,0,5
2025-11-18,S001,Bulldozer,Road,Sunny,Tue,0,1
2025-11-18,S001,Crane,Road,Sunny,Tue,0,0
2025-11-18,S001,Grader,Road,Sunny,Tue,0,3
2025-11-18,S001,Loader,Road,Sunny,Tue,0,4
2025-11-18,S001,Compactor,Road,Sunny,Tue,0,4
2025-11-18,S002,Excavator,Mining,Sunny,Tue,0,3
2025-11-18,S002,Bulldozer,Mining,Sunny,Tue,0,6
2025-11-18,S002,Crane,Mining,Sunny,Tue,0,3
2025-11-18,S002,Grader,Mining,Sunny,Tue,0,1
2025-11-18,S002,Loader,Mining,Sunny,Tue,0,5
2025-11-18,S002,Compactor,Mining,Sunny,Tue,0,0
2025-11-18,S003,Excavator,Building,Sunny,Tue,0,1
2025-11-18,S003,Bulldozer,Building,Sunny,Tue,0,1
2025-11-18,S003,Crane,Building,Sunny,Tue,0,5
2025-11-18,S003,Grader,Building,Sunny,Tue,0,2
2025-11-18,S003,Loader,Building,Sunny,Tue,0,3
2025-11-18,S003,Compactor,Building,Sunny,Tue,0,2
2025-11-18,S004,Excavator,Highway,Cloudy,Tue,0,5
2025-11-18,S004,Bulldozer,Highway,Cloudy,Tue,0,3
2025-11-18,S004,Crane,Highway,Cloudy,Tue,0,0
2025-11-18,S004,Grader,Highway,Cloudy,Tue,0,4
2025-11-18,S004,Loader,Highway,Cloudy,Tue,0,2
2025-11-18,S004,Compactor,Highway,Cloudy,Tue,0,4
2025-11-18,S005,Excavator,Mining,Sunny,Tue,0,2
2025-11-18,S005,Bulldozer,Mining,Sunny,Tue,0,5
2025-11-18,S005,Crane,Mining,Sunny,Tue,0,2
2025-11-18,S005,Grader,Mining,Sunny,Tue,0,1
2025-11-18,S005,Loader,Mining,Sunny,Tue,0,5
2025-11-18,S005,Compactor,Mining,Sunny,Tue,0,1
2025-11-18,S006,Excavator,Road,Rain,Tue,0,3
2025-11-18,S006,Bulldozer,Road,Rain,Tue,0,1
2025-11-18,S006,Crane,Road,Rain,Tue,0,0
2025-11-18,S006,Grader,Road,Rain,Tue,0,1
2025-11-18,S006,Loader,Road,Rain,Tue,0,2
2025-11-18,S006,Compactor,Road,Rain,Tue,0,1
2025-11-19,S001,Excavator,Road,Sunny,Wed,0,4
2025-11-19,S001,Bulldozer,Road,Sunny,Wed,0,2
2025-11-19,S001,Crane,Road,Sunny,Wed,0,1
2025-11-19,S001,Grader,Road,Sunny,Wed,0,3
2025-11-19,S001,Loader,Road,Sunny,Wed,0,3
2025-11-19,S001,Compactor,Road,Sunny,Wed,0,4
2025-11-19,S002,Excavator,Mining,Rain,Wed,0,1
2025-11-19,S002,Bulldozer,Mining,Rain,Wed,0,3
2025-11-19,S002,Crane,Mining,Rain,Wed,0,1
2025-11-19,S002,Grader,Mining,Rain,Wed,0,0
2025-11-19,S002,Loader,Mining,Rain,Wed,0,2
2025-11-19,S002,Compactor,Mining,Rain,Wed,0,1
2025-11-19,S003,Excavator,Building,Rain,Wed,0,2
2025-11-19,S003,Bulldozer,Building,Rain,Wed,0,1
2025-11-19,S003,Crane,Building,Rain,Wed,0,2
2025-11-19,S003,Grader,Building,Rain,Wed,0,0
2025-11-19,S003,Loader,Building,Rain,Wed,0,0
2025-11-19,S003,Compactor,Building,Rain,Wed,0,0
2025-11-19,S004,Excavator,Highway,Cloudy,Wed,0,3
2025-11-19,S004,Bulldozer,Highway,Cloudy,Wed,0,2
2025-11-19,S004,Crane,Highway,Cloudy,Wed,0,0
2025-11-19,S004,Grader,Highway,Cloudy,Wed,0,5
2025-11-19,S004,Loader,Highway,Cloudy,Wed,0,4
2025-11-19,S004,Compactor,Highway,Cloudy,Wed,0,3
2025-11-19,S005,Excavator,Mining,Sunny,Wed,0,4
2025-11-19,S005,Bulldozer,Mining,Sunny,Wed,0,6
2025-11-19,S005,Crane,Mining,Sunny,Wed,0,2
2025-11-19,S005,Grader,Mining,Sunny,Wed,0,2
2025-11-19,S005,Loader,Mining,Sunny,Wed,0,6
2025-11-19,S005,Compactor,Mining,Sunny,Wed,0,1
2025-11-19,S006,Excavator,Road,Rain,Wed,0,3
2025-11-19,S006,Bulldozer,Road,Rain,Wed,0,1
2025-11-19,S006,Crane,Road,Rain,Wed,0,0
2025-11-19,S006,Grader,Road,Rain,Wed,0,2
2025-11-19,S006,Loader,Road,Rain,Wed,0,2
2025-11-19,S006,Compactor,Road,Rain,Wed,0,3
2025-11-20,S001,Excavator,Road,Sunny,Thu,0,5
2025-11-20,S001,Bulldozer,Road,Sunny,Thu,0,2
2025-11-20,S001,Crane,Road,Sunny,Thu,0,1
2025-11-20,S001,Grader,Road,Sunny,Thu,0,3
2025-11-20,S001,Loader,Road,Sunny,Thu,0,4
2025-11-20,S001,Compactor,Road,Sunny,Thu,0,5
2025-11-20,S002,Excavator,Mining,Sunny,Thu,0,2
2025-11-20,S002,Bulldozer,Mining,Sunny,Thu,0,6
2025-11-20,S002,Crane,Mining,Sunny,Thu,0,1
2025-11-20,S002,Grader,Mining,Sunny,Thu,0,2
2025-11-20,S002,Loader,Mining,Sunny,Thu,0,6
2025-11-20,S002,Compactor,Mining,Sunny,Thu,0,1
2025-11-20,S003,Excavator,Building,Cloudy,Thu,0,1
2025-11-20,S003,Bulldozer,Building,Cloudy,Thu,0,0
2025-11-20,S003,Crane,Building,Cloudy,Thu,0,4
2025-11-20,S003,Grader,Building,Cloudy,Thu,0,1
2025-11-20,S003,Loader,Building,Cloudy,Thu,0,1
2025-11-20,S003,Compactor,Building,Cloudy,Thu,0,3
2025-11-20,S004,Excavator,Highway,Cloudy,Thu,0,4
2025-11-20,S004,Bulldozer,Highway,Cloudy,Thu,0,2
2025-11-20,S004,Crane,Highway,Cloudy,Thu,0,0
2025-11-20,S004,Grader,Highway,Cloudy,Thu,0,4
2025-11-20,S004,Loader,Highway,Cloudy,Thu,0,3
2025-11-20,S004,Compactor,Highway,Cloudy,Thu,0,5
2025-11-20,S005,Excavator,Mining,Cloudy,Thu,0,2
2025-11-20,S005,Bulldozer,Mining,Cloudy,Thu,0,4
2025-11-20,S005,Crane,Mining,Cloudy,Thu,0,1
2025-11-20,S005,Grader,Mining,Cloudy,Thu,0,2
2025-11-20,S005,Loader,Mining,Cloudy,Thu,0,4
2025-11-20,S005,Compactor,Mining,Cloudy,Thu,0,1
2025-11-20,S006,Excavator,Road,Cloudy,Thu,0,4
2025-11-20,S006,Bulldozer,Road,Cloudy,Thu,0,1
2025-11-20,S006,Crane,Road,Cloudy,Thu,0,1
2025-11-20,S006,Grader,Road,Cloudy,Thu,0,4
2025-11-20,S006,Loader,Road,Cloudy,Thu,0,4
2025-11-20,S006,Compactor,Road,Cloudy,Thu,0,3
2025-11-21,S001,Excavator,Road,Cloudy,Fri,0,4
2025-11-21,S001,Bulldozer,Road,Cloudy,Fri,0,2
2025-11-21,S001,Crane,Road,Cloudy,Fri,0,1
2025-11-21,S001,Grader,Road,Cloudy,Fri,0,4
2025-11-21,S001,Loader,Road,Cloudy,Fri,0,3
2025-11-21,S001,Compactor,Road,Cloudy,Fri,0,3
2025-11-21,S002,Excavator,Mining,Sunny,Fri,0,3
2025-11-21,S002,Bulldozer,Mining,Sunny,Fri,0,7
2025-11-21,S002,Crane,Mining,Sunny,Fri,0,1
2025-11-21,S002,Grader,Mining,Sunny,Fri,0,2
2025-11-21,S002,Loader,Mining,Sunny,Fri,0,4
2025-11-21,S002,Compactor,Mining,Sunny,Fri,0,1
2025-11-21,S003,Excavator,Building,Sunny,Fri,0,2
2025-11-21,S003,Bulldozer,Building,Sunny,Fri,0,1
2025-11-21,S003,Crane,Building,Sunny,Fri,0,6
2025-11-21,S003,Grader,Building,Sunny,Fri,0,1
2025-11-21,S003,Loader,Building,Sunny,Fri,0,2
2025-11-21,S003,Compactor,Building,Sunny,Fri,0,2
2025-11-21,S004,Excavator,Highway,Sunny,Fri,0,6
2025-11-21,S004,Bulldozer,Highway,Sunny,Fri,0,3
2025-11-21,S004,Crane,Highway,Sunny,Fri,0,0
2025-11-21,S004,Grader,Highway,Sunny,Fri,0,4
2025-11-21,S004,Loader,Highway,Sunny,Fri,0,3
2025-11-21,S004,Compactor,Highway,Sunny,Fri,0,6
2025-11-21,S005,Excavator,Mining,Rain,Fri,0,1
2025-11-21,S005,Bulldozer,Mining,Rain,Fri,0,3
2025-11-21,S005,Crane,Mining,Rain,Fri,0,2
2025-11-21,S005,Grader,Mining,Rain,Fri,0,1
2025-11-21,S005,Loader,Mining,Rain,Fri,0,2
2025-11-21,S005,Compactor,Mining,Rain,Fri,0,1
2025-11-21,S006,Excavator,Road,Sunny,Fri,0,6
2025-11-21,S006,Bulldozer,Road,Sunny,Fri,0,2
2025-11-21,S006,Crane,Road,Sunny,Fri,0,2
2025-11-21,S006,Grader,Road,Sunny,Fri,0,3
2025-11-21,S006,Loader,Road,Sunny,Fri,0,3
2025-11-21,S006,Compactor,Road,Sunny,Fri,0,5
2025-11-22,S001,Excavator,Road,Cloudy,Sat,1,2
2025-11-22,S001,Bulldozer,Road,Cloudy,Sat,1,0
2025-11-22,S001,Crane,Road,Cloudy,Sat,1,0
2025-11-22,S001,Grader,Road,Cloudy,Sat,1,2
2025-11-22,S001,Loader,Road,Cloudy,Sat,1,2
2025-11-22,S001,Compactor,Road,Cloudy,Sat,1,1
2025-11-22,S002,Excavator,Mining,Sunny,Sat,1,1
2025-11-22,S002,Bulldozer,Mining,Sunny,Sat,1,2
2025-11-22,S002,Crane,Mining,Sunny,Sat,1,0
2025-11-22,S002,Grader,Mining,Sunny,Sat,1,1
2025-11-22,S002,Loader,Mining,Sunny,Sat,1,1
2025-11-22,S002,Compactor,Mining,Sunny,Sat,1,1
2025-11-22,S003,Excavator,Building,Sunny,Sat,1,1
2025-11-22,S003,Bulldozer,Building,Sunny,Sat,1,1
2025-11-22,S003,Crane,Building,Sunny,Sat,1,2
2025-11-22,S003,Grader,Building,Sunny,Sat,1,1
2025-11-22,S003,Loader,Building,Sunny,Sat,1,0
2025-11-22,S003,Compactor,Building,Sunny,Sat,1,1
2025-11-22,S004,Excavator,Highway,Cloudy,Sat,1,1
2025-11-22,S004,Bulldozer,Highway,Cloudy,Sat,1,0
2025-11-22,S004,Crane,Highway,Cloudy,Sat,1,1
2025-11-22,S004,Grader,Highway,Cloudy,Sat,1,2
2025-11-22,S004,Loader,Highway,Cloudy,Sat,1,1
2025-11-22,S004,Compactor,Highway,Cloudy,Sat,1,2
2025-11-22,S005,Excavator,Mining,Sunny,Sat,1,1
2025-11-22,S005,Bulldozer,Mining,Sunny,Sat,1,3
2025-11-22,S005,Crane,Mining,Sunny,Sat,1,1
2025-11-22,S005,Grader,Mining,Sunny,Sat,1,0
2025-11-22,S005,Loader,Mining,Sunny,Sat,1,2
2025-11-22,S005,Compactor,Mining,Sunny,Sat,1,0
2025-11-22,S006,Excavator,Road,Rain,Sat,1,1
2025-11-22,S006,Bulldozer,Road,Rain,Sat,1,0
2025-11-22,S006,Crane,Road,Rain,Sat,1,1
2025-11-22,S006,Grader,Road,Rain,Sat,1,1
2025-11-22,S006,Loader,Road,Rain,Sat,1,0
2025-11-22,S006,Compactor,Road,Rain,Sat,1,1
2025-11-23,S001,Excavator,Road,Sunny,Sun,1,2
2025-11-23,S001,Bulldozer,Road,Sunny,Sun,1,0
2025-11-23,S001,Crane,Road,Sunny,Sun,1,0
2025-11-23,S001,Grader,Road,Sunny,Sun,1,1
2025-11-23,S001,Loader,Road,Sunny,Sun,1,0
2025-11-23,S001,Compactor,Road,Sunny,Sun,1,1
2025-11-23,S002,Excavator,Mining,Sunny,Sun,1,1
2025-11-23,S002,Bulldozer,Mining,Sunny,Sun,1,2
2025-11-23,S002,Crane,Mining,Sunny,Sun,1,2
2025-11-23,S002,Grader,Mining,Sunny,Sun,1,1
2025-11-23,S002,Loader,Mining,Sunny,Sun,1,2
2025-11-23,S002,Compactor,Mining,Sunny,Sun,1,0
2025-11-23,S003,Excavator,Building,Sunny,Sun,1,2
2025-11-23,S003,Bulldozer,Building,Sunny,Sun,1,1
2025-11-23,S003,Crane,Building,Sunny,Sun,1,2
2025-11-23,S003,Grader,Building,Sunny,Sun,1,1
2025-11-23,S003,Loader,Building,Sunny,Sun,1,1
2025-11-23,S003,Compactor,Building,Sunny,Sun,1,0
2025-11-23,S004,Excavator,Highway,Sunny,Sun,1,2
2025-11-23,S004,Bulldozer,Highway,Sunny,Sun,1,2
2025-11-23,S004,Crane,Highway,Sunny,Sun,1,0
2025-11-23,S004,Grader,Highway,Sunny,Sun,1,2
2025-11-23,S004,Loader,Highway,Sunny,Sun,1,0
2025-11-23,S004,Compactor,Highway,Sunny,Sun,1,1
2025-11-23,S005,Excavator,Mining,Sunny,Sun,1,2
2025-11-23,S005,Bulldozer,Mining,Sunny,Sun,1,3
2025-11-23,S005,Crane,Mining,Sunny,Sun,1,0
2025-11-23,S005,Grader,Mining,Sunny,Sun,1,0
2025-11-23,S005,Loader,Mining,Sunny,Sun,1,1
2025-11-23,S005,Compactor,Mining,Sunny,Sun,1,0
2025-11-23,S006,Excavator,Road,Sunny,Sun,1,1
2025-11-23,S006,Bulldozer,Road,Sunny,Sun,1,0
2025-11-23,S006,Crane,Road,Sunny,Sun,1,0
2025-11-23,S006,Grader,Road,Sunny,Sun,1,2
2025-11-23,S006,Loader,Road,Sunny,Sun,1,2
2025-11-23,S006,Compactor,Road,Sunny,Sun,1,2
2025-11-24,S001,Excavator,Road,Sunny,Mon,0,4
2025-11-24,S001,Bulldozer,Road,Sunny,Mon,0,2
2025-11-24,S001,Crane,Road,Sunny,Mon,0,2
2025-11-24,S001,Grader,Road,Sunny,Mon,0,4
2025-11-24,S001,Loader,Road,Sunny,Mon,0,2
2025-11-24,S001,Compactor,Road,Sunny,Mon,0,4
2025-11-24,S002,Excavator,Mining,Sunny,Mon,0,3
2025-11-24,S002,Bulldozer,Mining,Sunny,Mon,0,6
2025-11-24,S002,Crane,Mining,Sunny,Mon,0,1
2025-11-24,S002,Grader,Mining,Sunny,Mon,0,0
2025-11-24,S002,Loader,Mining,Sunny,Mon,0,6
2025-11-24,S002,Compactor,Mining,Sunny,Mon,0,2
2025-11-24,S003,Excavator,Building,Cloudy,Mon,0,1
2025-11-24,S003,Bulldozer,Building,Cloudy,Mon,0,1
2025-11-24,S003,Crane,Building,Cloudy,Mon,0,4
2025-11-24,S003,Grader,Building,Cloudy,Mon,0,0
2025-11-24,S003,Loader,Building,Cloudy,Mon,0,1
2025-11-24,S003,Compactor,Building,Cloudy,Mon,0,1
2025-11-24,S004,Excavator,Highway,Cloudy,Mon,0,4
2025-11-24,S004,Bulldozer,Highway,Cloudy,Mon,0,2
2025-11-24,S004,Crane,Highway,Cloudy,Mon,0,1
2025-11-24,S004,Grader,Highway,Cloudy,Mon,0,4
2025-11-24,S004,Loader,Highway,Cloudy,Mon,0,2
2025-11-24,S004,Compactor,Highway,Cloudy,Mon,0,4
2025-11-24,S005,Excavator,Mining,Cloudy,Mon,0,2
2025-11-24,S005,Bulldozer,Mining,Cloudy,Mon,0,6
2025-11-24,S005,Crane,Mining,Cloudy,Mon,0,2
2025-11-24,S005,Grader,Mining,Cloudy,Mon,0,0
2025-11-24,S005,Loader,Mining,Cloudy,Mon,0,5
2025-11-24,S005,Compactor,Mining,Cloudy,Mon,0,1
2025-11-24,S006,Excavator,Road,Sunny,Mon,0,4
2025-11-24,S006,Bulldozer,Road,Sunny,Mon,0,2
2025-11-24,S006,Crane,Road,Sunny,Mon,0,0
2025-11-24,S006,Grader,Road,Sunny,Mon,0,4
2025-11-24,S006,Loader,Road,Sunny,Mon,0,2
2025-11-24,S006,Compactor,Road,Sunny,Mon,0,4
2025-11-25,S001,Excavator,Road,Cloudy,Tue,0,4
2025-11-25,S001,Bulldozer,Road,Cloudy,Tue,0,2
2025-11-25,S001,Crane,Road,Cloudy,Tue,0,1
2025-11-25,S001,Grader,Road,Cloudy,Tue,0,4
2025-11-25,S001,Loader,Road,Cloudy,Tue,0,3
2025-11-25,S001,Compactor,Road,Cloudy,Tue,0,3
2025-11-25,S002,Excavator,Mining,Sunny,Tue,0,3
2025-11-25,S002,Bulldozer,Mining,Sunny,Tue,0,7
2025-11-25,S002,Crane,Mining,Sunny,Tue,0,3
2025-11-25,S002,Grader,Mining,Sunny,Tue,0,1
2025-11-25,S002,Loader,Mining,Sunny,Tue,0,5
2025-11-25,S002,Compactor,Mining,Sunny,Tue,0,1
2025-11-25,S003,Excavator,Building,Sunny,Tue,0,2
2025-11-25,S003,Bulldozer,Building,Sunny,Tue,0,2
2025-11-25,S003,Crane,Building,Sunny,Tue,0,6
2025-11-25,S003,Grader,Building,Sunny,Tue,0,0
2025-11-25,S003,Loader,Building,Sunny,Tue,0,1
2025-11-25,S003,Compactor,Building,Sunny,Tue,0,2
2025-11-25,S004,Excavator,Highway,Rain,Tue,0,3
2025-11-25,S004,Bulldozer,Highway,Rain,Tue,0,1
2025-11-25,S004,Crane,Highway,Rain,Tue,0,0
2025-11-25,S004,Grader,Highway,Rain,Tue,0,2
2025-11-25,S004,Loader,Highway,Rain,Tue,0,2
2025-11-25,S004,Compactor,Highway,Rain,Tue,0,2
2025-11-25,S005,Excavator,Mining,Sunny,Tue,0,3
2025-11-25,S005,Bulldozer,Mining,Sunny,Tue,0,6
2025-11-25,S005,Crane,Mining,Sunny,Tue,0,1
2025-11-25,S005,Grader,Mining,Sunny,Tue,0,0
2025-11-25,S005,Loader,Mining,Sunny,Tue,0,6
2025-11-25,S005,Compactor,Mining,Sunny,Tue,0,1
2025-11-25,S006,Excavator,Road,Sunny,Tue,0,5
2025-11-25,S006,Bulldozer,Road,Sunny,Tue,0,3
2025-11-25,S006,Crane,Road,Sunny,Tue,0,1
2025-11-25,S006,Grader,Road,Sunny,Tue,0,4
2025-11-25,S006,Loader,Road,Sunny,Tue,0,4
2025-11-25,S006,Compactor,Road,Sunny,Tue,0,3
2025-11-26,S001,Excavator,Road,Cloudy,Wed,0,4
2025-11-26,S001,Bulldozer,Road,Cloudy,Wed,0,2
2025-11-26,S001,Crane,Road,Cloudy,Wed,0,0
2025-11-26,S001,Grader,Road,Cloudy,Wed,0,4
2025-11-26,S001,Loader,Road,Cloudy,Wed,0,2
2025-11-26,S001,Compactor,Road,Cloudy,Wed,0,3
2025-11-26,S002,Excavator,Mining,Sunny,Wed,0,4
2025-11-26,S002,Bulldozer,Mining,Sunny,Wed,0,7
2025-11-26,S002,Crane,Mining,Sunny,Wed,0,1
2025-11-26,S002,Grader,Mining,Sunny,Wed,0,0
2025-11-26,S002,Loader,Mining,Sunny,Wed,0,5
2025-11-26,S002,Compactor,Mining,Sunny,Wed,0,0
2025-11-26,S003,Excavator,Building,Sunny,Wed,0,3
2025-11-26,S003,Bulldozer,Building,Sunny,Wed,0,1
2025-11-26,S003,Crane,Building,Sunny,Wed,0,5
2025-11-26,S003,Grader,Building,Sunny,Wed,0,2
2025-11-26,S003,Loader,Building,Sunny,Wed,0,2
2025-11-26,S003,Compactor,Building,Sunny,Wed,0,2
2025-11-26,S004,Excavator,Highway,Sunny,Wed,0,5
2025-11-26,S004,Bulldozer,Highway,Sunny,Wed,0,3
2025-11-26,S004,Crane,Highway,Sunny,Wed,0,0
2025-11-26,S004,Grader,Highway,Sunny,Wed,0,5
2025-11-26,S004,Loader,Highway,Sunny,Wed,0,4
2025-11-26,S004,Compactor,Highway,Sunny,Wed,0,6
2025-11-26,S005,Excavator,Mining,Rain,Wed,0,2
2025-11-26,S005,Bulldozer,Mining,Rain,Wed,0,3
2025-11-26,S005,Crane,Mining,Rain,Wed,0,1
2025-11-26,S005,Grader,Mining,Rain,Wed,0,1
2025-11-26,S005,Loader,Mining,Rain,Wed,0,2
2025-11-26,S005,Compactor,Mining,Rain,Wed,0,1
2025-11-26,S006,Excavator,Road,Sunny,Wed,0,5
2025-11-26,S006,Bulldozer,Road,Sunny,Wed,0,2
2025-11-26,S006,Crane,Road,Sunny,Wed,0,0
2025-11-26,S006,Grader,Road,Sunny,Wed,0,4
2025-11-26,S006,Loader,Road,Sunny,Wed,0,2
2025-11-26,S006,Compactor,Road,Sunny,Wed,0,4
2025-11-27,S001,Excavator,Road,Sunny,Thu,0,5
2025-11-27,S001,Bulldozer,Road,Sunny,Thu,0,1
2025-11-27,S001,Crane,Road,Sunny,Thu,0,2
2025-11-27,S001,Grader,Road,Sunny,Thu,0,3
2025-11-27,S001,Loader,Road,Sunny,Thu,0,4
2025-11-27,S001,Compactor,Road,Sunny,Thu,0,4
2025-11-27,S002,Excavator,Mining,Cloudy,Thu,0,2
2025-11-27,S002,Bulldozer,Mining,Cloudy,Thu,0,4
2025-11-27,S002,Crane,Mining,Cloudy,Thu,0,2
2025-11-27,S002,Grader,Mining,Cloudy,Thu,0,0
2025-11-27,S002,Loader,Mining,Cloudy,Thu,0,5
2025-11-27,S002,Compactor,Mining,Cloudy,Thu,0,1
2025-11-27,S003,Excavator,Building,Sunny,Thu,0,2
2025-11-27,S003,Bulldozer,Building,Sunny,Thu,0,0
2025-11-27,S003,Crane,Building,Sunny,Thu,0,5
2025-11-27,S003,Grader,Building,Sunny,Thu,0,0
2025-11-27,S003,Loader,Building,Sunny,Thu,0,1
2025-11-27,S003,Compactor,Building,Sunny,Thu,0,1
2025-11-27,S004,Excavator,Highway,Sunny,Thu,0,5
2025-11-27,S004,Bulldozer,Highway,Sunny,Thu,0,3
2025-11-27,S004,Crane,Highway,Sunny,Thu,0,1
2025-11-27,S004,Grader,Highway,Sunny,Thu,0,5
2025-11-27,S004,Loader,Highway,Sunny,Thu,0,3
2025-11-27,S004,Compactor,Highway,Sunny,Thu,0,5
2025-11-27,S005,Excavator,Mining,Sunny,Thu,0,4
2025-11-27,S005,Bulldozer,Mining,Sunny,Thu,0,5
2025-11-27,S005,Crane,Mining,Sunny,Thu,0,2
2025-11-27,S005,Grader,Mining,Sunny,Thu,0,0
2025-11-27,S005,Loader,Mining,Sunny,Thu,0,6
2025-11-27,S005,Compactor,Mining,Sunny,Thu,0,2
2025-11-27,S006,Excavator,Road,Sunny,Thu,0,6
2025-11-27,S006,Bulldozer,Road,Sunny,Thu,0,2
2025-11-27,S006,Crane,Road,Sunny,Thu,0,2
2025-11-27,S006,Grader,Road,Sunny,Thu,0,5
2025-11-27,S006,Loader,Road,Sunny,Thu,0,3
2025-11-27,S006,Compactor,Road,Sunny,Thu,0,4
2025-11-28,S001,Excavator,Road,Sunny,Fri,0,6
2025-11-28,S001,Bulldozer,Road,Sunny,Fri,0,2
2025-11-28,S001,Crane,Road,Sunny,Fri,0,1
2025-11-28,S001,Grader,Road,Sunny,Fri,0,3
2025-11-28,S001,Loader,Road,Sunny,Fri,0,3
2025-11-28,S001,Compactor,Road,Sunny,Fri,0,5
2025-11-28,S002,Excavator,Mining,Sunny,Fri,0,4
2025-11-28,S002,Bulldozer,Mining,Sunny,Fri,0,7
2025-11-28,S002,Crane,Mining,Sunny,Fri,0,3
2025-11-28,S002,Grader,Mining,Sunny,Fri,0,1
2025-11-28,S002,Loader,Mining,Sunny,Fri,0,5
2025-11-28,S002,Compactor,Mining,Sunny,Fri,0,1
2025-11-28,S003,Excavator,Building,Cloudy,Fri,0,2
2025-11-28,S003,Bulldozer,Building,Cloudy,Fri,0,1
2025-11-28,S003,Crane,Building,Cloudy,Fri,0,3
2025-11-28,S003,Grader,Building,Cloudy,Fri,0,1
2025-11-28,S003,Loader,Building,Cloudy,Fri,0,2
2025-11-28,S003,Compactor,Building,Cloudy,Fri,0,1
2025-11-28,S004,Excavator,Highway,Sunny,Fri,0,5
2025-11-28,S004,Bulldozer,Highway,Sunny,Fri,0,3
2025-11-28,S004,Crane,Highway,Sunny,Fri,0,0
2025-11-28,S004,Grader,Highway,Sunny,Fri,0,4
2025-11-28,S004,Loader,Highway,Sunny,Fri,0,3
2025-11-28,S004,Compactor,Highway,Sunny,Fri,0,4
2025-11-28,S005,Excavator,Mining,Cloudy,Fri,0,2
2025-11-28,S005,Bulldozer,Mining,Cloudy,Fri,0,5
2025-11-28,S005,Crane,Mining,Cloudy,Fri,0,1
2025-11-28,S005,Grader,Mining,Cloudy,Fri,0,0
2025-11-28,S005,Loader,Mining,Cloudy,Fri,0,4
2025-11-28,S005,Compactor,Mining,Cloudy,Fri,0,1
2025-11-28,S006,Excavator,Road,Sunny,Fri,0,5
2025-11-28,S006,Bulldozer,Road,Sunny,Fri,0,2
2025-11-28,S006,Crane,Road,Sunny,Fri,0,2
2025-11-28,S006,Grader,Road,Sunny,Fri,0,4
2025-11-28,S006,Loader,Road,Sunny,Fri,0,4
2025-11-28,S006,Compactor,Road,Sunny,Fri,0,3
2025-11-29,S001,Excavator,Road,Sunny,Sat,1,1
2025-11-29,S001,Bulldozer,Road,Sunny,Sat,1,1
2025-11-29,S001,Crane,Road,Sunny,Sat,1,0
2025-11-29,S001,Grader,Road,Sunny,Sat,1,2
2025-11-29,S001,Loader,Road,Sunny,Sat,1,1
2025-11-29,S001,Compactor,Road,Sunny,Sat,1,1
2025-11-29,S002,Excavator,Mining,Rain,Sat,1,0
2025-11-29,S002,Bulldozer,Mining,Rain,Sat,1,1
2025-11-29,S002,Crane,Mining,Rain,Sat,1,0
2025-11-29,S002,Grader,Mining,Rain,Sat,1,0
2025-11-29,S002,Loader,Mining,Rain,Sat,1,1
2025-11-29,S002,Compactor,Mining,Rain,Sat,1,1
2025-11-29,S003,Excavator,Building,Cloudy,Sat,1,2
2025-11-29,S003,Bulldozer,Building,Cloudy,Sat,1,1
2025-11-29,S003,Crane,Building,Cloudy,Sat,1,2
2025-11-29,S003,Grader,Building,Cloudy,Sat,1,0
2025-11-29,S003,Loader,Building,Cloudy,Sat,1,0
2025-11-29,S003,Compactor,Building,Cloudy,Sat,1,1
2025-11-29,S004,Excavator,Highway,Sunny,Sat,1,2
2025-11-29,S004,Bulldozer,Highway,Sunny,Sat,1,2
2025-11-29,S004,Crane,Highway,Sunny,Sat,1,1
2025-11-29,S004,Grader,Highway,Sunny,Sat,1,3
2025-11-29,S004,Loader,Highway,Sunny,Sat,1,1
2025-11-29,S004,Compactor,Highway,Sunny,Sat,1,2
2025-11-29,S005,Excavator,Mining,Cloudy,Sat,1,1
2025-11-29,S005,Bulldozer,Mining,Cloudy,Sat,1,3
2025-11-29,S005,Crane,Mining,Cloudy,Sat,1,0
2025-11-29,S005,Grader,Mining,Cloudy,Sat,1,0
2025-11-29,S005,Loader,Mining,Cloudy,Sat,1,2
2025-11-29,S005,Compactor,Mining,Cloudy,Sat,1,0
2025-11-29,S006,Excavator,Road,Cloudy,Sat,1,2
2025-11-29,S006,Bulldozer,Road,Cloudy,Sat,1,0
2025-11-29,S006,Crane,Road,Cloudy,Sat,1,0
2025-11-29,S006,Grader,Road,Cloudy,Sat,1,2
2025-11-29,S006,Loader,Road,Cloudy,Sat,1,1
2025-11-29,S006,Compactor,Road,Cloudy,Sat,1,1
2025-11-30,S001,Excavator,Road,Sunny,Sun,1,2
2025-11-30,S001,Bulldozer,Road,Sunny,Sun,1,1
2025-11-30,S001,Crane,Road,Sunny,Sun,1,0
2025-11-30,S001,Grader,Road,Sunny,Sun,1,2
2025-11-30,S001,Loader,Road,Sunny,Sun,1,2
2025-11-30,S001,Compactor,Road,Sunny,Sun,1,1
2025-11-30,S002,Excavator,Mining,Cloudy,Sun,1,1
2025-11-30,S002,Bulldozer,Mining,Cloudy,Sun,1,3
2025-11-30,S002,Crane,Mining,Cloudy,Sun,1,0
2025-11-30,S002,Grader,Mining,Cloudy,Sun,1,0
2025-11-30,S002,Loader,Mining,Cloudy,Sun,1,2
2025-11-30,S002,Compactor,Mining,Cloudy,Sun,1,1
2025-11-30,S003,Excavator,Building,Rain,Sun,1,1
2025-11-30,S003,Bulldozer,Building,Rain,Sun,1,0
2025-11-30,S003,Crane,Building,Rain,Sun,1,2
2025-11-30,S003,Grader,Building,Rain,Sun,1,0
2025-11-30,S003,Loader,Building,Rain,Sun,1,0
2025-11-30,S003,Compactor,Building,Rain,Sun,1,0
2025-11-30,S004,Excavator,Highway,Sunny,Sun,1,1
2025-11-30,S004,Bulldozer,Highway,Sunny,Sun,1,1
2025-11-30,S004,Crane,Highway,Sunny,Sun,1,0
2025-11-30,S004,Grader,Highway,Sunny,Sun,1,2
2025-11-30,S004,Loader,Highway,Sunny,Sun,1,1
2025-11-30,S004,Compactor,Highway,Sunny,Sun,1,1
2025-11-30,S005,Excavator,Mining,Cloudy,Sun,1,0
2025-11-30,S005,Bulldozer,Mining,Cloudy,Sun,1,1
2025-11-30,S005,Crane,Mining,Cloudy,Sun,1,1
2025-11-30,S005,Grader,Mining,Cloudy,Sun,1,0
2025-11-30,S005,Loader,Mining,Cloudy,Sun,1,3
2025-11-30,S005,Compactor,Mining,Cloudy,Sun,1,0
2025-11-30,S006,Excavator,Road,Sunny,Sun,1,2
2025-11-30,S006,Bulldozer,Road,Sunny,Sun,1,1
2025-11-30,S006,Crane,Road,Sunny,Sun,1,1
2025-11-30,S006,Grader,Road,Sunny,Sun,1,1
2025-11-30,S006,Loader,Road,Sunny,Sun,1,2
2025-11-30,S006,Compactor,Road,Sunny,Sun,1,2
2025-12-01,S001,Excavator,Road,Sunny,Mon,0,6
2025-12-01,S001,Bulldozer,Road,Sunny,Mon,0,3
2025-12-01,S001,Crane,Road,Sunny,Mon,0,0
2025-12-01,S001,Grader,Road,Sunny,Mon,0,4
2025-12-01,S001,Loader,Road,Sunny,Mon,0,4
2025-12-01,S001,Compactor,Road,Sunny,Mon,0,4
2025-12-01,S002,Excavator,Mining,Sunny,Mon,0,3
2025-12-01,S002,Bulldozer,Mining,Sunny,Mon,0,5
2025-12-01,S002,Crane,Mining,Sunny,Mon,0,2
2025-12-01,S002,Grader,Mining,Sunny,Mon,0,0
2025-12-01,S002,Loader,Mining,Sunny,Mon,0,6
2025-12-01,S002,Compactor,Mining,Sunny,Mon,0,2
2025-12-01,S003,Excavator,Building,Sunny,Mon,0,3
2025-12-01,S003,Bulldozer,Building,Sunny,Mon,0,1
2025-12-01,S003,Crane,Building,Sunny,Mon,0,5
2025-12-01,S003,Grader,Building,Sunny,Mon,0,0
2025-12-01,S003,Loader,Building,Sunny,Mon,0,3
2025-12-01,S003,Compactor,Building,Sunny,Mon,0,2
2025-12-01,S004,Excavator,Highway,Cloudy,Mon,0,4
2025-12-01,S004,Bulldozer,Highway,Cloudy,Mon,0,2
2025-12-01,S004,Crane,Highway,Cloudy,Mon,0,1
2025-12-01,S004,Grader,Highway,Cloudy,Mon,0,4
2025-12-01,S004,Loader,Highway,Cloudy,Mon,0,3
2025-12-01,S004,Compactor,Highway,Cloudy,Mon,0,5
2025-12-01,S005,Excavator,Mining,Sunny,Mon,0,3
2025-12-01,S005,Bulldozer,Mining,Sunny,Mon,0,6
2025-12-01,S005,Crane,Mining,Sunny,Mon,0,2
2025-12-01,S005,Grader,Mining,Sunny,Mon,0,1
2025-12-01,S005,Loader,Mining,Sunny,Mon,0,6
2025-12-01,S005,Compactor,Mining,Sunny,Mon,0,1
2025-12-01,S006,Excavator,Road,Sunny,Mon,0,5
2025-12-01,S006,Bulldozer,Road,Sunny,Mon,0,3
2025-12-01,S006,Crane,Road,Sunny,Mon,0,0
2025-12-01,S006,Grader,Road,Sunny,Mon,0,5
2025-12-01,S006,Loader,Road,Sunny,Mon,0,3
2025-12-01,S006,Compactor,Road,Sunny,Mon,0,4
2025-12-02,S001,Excavator,Road,Cloudy,Tue,0,4
2025-12-02,S001,Bulldozer,Road,Cloudy,Tue,0,2
2025-12-02,S001,Crane,Road,Cloudy,Tue,0,1
2025-12-02,S001,Grader,Road,Cloudy,Tue,0,2
2025-12-02,S001,Loader,Road,Cloudy,Tue,0,2
2025-12-02,S001,Compactor,Road,Cloudy,Tue,0,3
2025-12-02,S002,Excavator,Mining,Sunny,Tue,0,3
2025-12-02,S002,Bulldozer,Mining,Sunny,Tue,0,7
2025-12-02,S002,Crane,Mining,Sunny,Tue,0,1
2025-12-02,S002,Grader,Mining,Sunny,Tue,0,1
2025-12-02,S002,Loader,Mining,Sunny,Tue,0,5
2025-12-02,S002,Compactor,Mining,Sunny,Tue,0,0
2025-12-02,S003,Excavator,Building,Sunny,Tue,0,1
2025-12-02,S003,Bulldozer,Building,Sunny,Tue,0,1
2025-12-02,S003,Crane,Building,Sunny,Tue,0,4
2025-12-02,S003,Grader,Building,Sunny,Tue,0,1
2025-12-02,S003,Loader,Building,Sunny,Tue,0,1
2025-12-02,S003,Compactor,Building,Sunny,Tue,0,3
2025-12-02,S004,Excavator,Highway,Sunny,Tue,0,5
2025-12-02,S004,Bulldozer,Highway,Sunny,Tue,0,3
2025-12-02,S004,Crane,Highway,Sunny,Tue,0,1
2025-12-02,S004,Grader,Highway,Sunny,Tue,0,4
2025-12-02,S004,Loader,Highway,Sunny,Tue,0,4
2025-12-02,S004,Compactor,Highway,Sunny,Tue,0,5
2025-12-02,S005,Excavator,Mining,Sunny,Tue,0,3
2025-12-02,S005,Bulldozer,Mining,Sunny,Tue,0,6
2025-12-02,S005,Crane,Mining,Sunny,Tue,0,2
2025-12-02,S005,Grader,Mining,Sunny,Tue,0,1
2025-12-02,S005,Loader,Mining,Sunny,Tue,0,5
2025-12-02,S005,Compactor,Mining,Sunny,Tue,0,2
2025-12-02,S006,Excavator,Road,Cloudy,Tue,0,5
2025-12-02,S006,Bulldozer,Road,Cloudy,Tue,0,1
2025-12-02,S006,Crane,Road,Cloudy,Tue,0,1
2025-12-02,S006,Grader,Road,Cloudy,Tue,0,3
2025-12-02,S006,Loader,Road,Cloudy,Tue,0,2
2025-12-02,S006,Compactor,Road,Cloudy,Tue,0,3
2025-12-03,S001,Excavator,Road,Sunny,Wed,0,4
2025-12-03,S001,Bulldozer,Road,Sunny,Wed,0,1
2025-12-03,S001,Crane,Road,Sunny,Wed,0,1
2025-12-03,S001,Grader,Road,Sunny,Wed,0,5
2025-12-03,S001,Loader,Road,Sunny,Wed,0,3
2025-12-03,S001,Compactor,Road,Sunny,Wed,0,5
2025-12-03,S002,Excavator,Mining,Rain,Wed,0,2
2025-12-03,S002,Bulldozer,Mining,Rain,Wed,0,4
2025-12-03,S002,Crane,Mining,Rain,Wed,0,1
2025-12-03,S002,Grader,Mining,Rain,Wed,0,1
2025-12-03,S002,Loader,Mining,Rain,Wed,0,2
2025-12-03,S002,Compactor,Mining,Rain,Wed,0,1
2025-12-03,S003,Excavator,Building,Cloudy,Wed,0,1
2025-12-03,S003,Bulldozer,Building,Cloudy,Wed,0,2
2025-12-03,S003,Crane,Building,Cloudy,Wed,0,3
2025-12-03,S003,Grader,Building,Cloudy,Wed,0,1
2025-12-03,S003,Loader,Building,Cloudy,Wed,0,1
2025-12-03,S003,Compactor,Building,Cloudy,Wed,0,2
2025-12-03,S004,Excavator,Highway,Sunny,Wed,0,4
2025-12-03,S004,Bulldozer,Highway,Sunny,Wed,0,4
2025-12-03,S004,Crane,Highway,Sunny,Wed,0,0
2025-12-03,S004,Grader,Highway,Sunny,Wed,0,6
2025-12-03,S004,Loader,Highway,Sunny,Wed,0,3
2025-12-03,S004,Compactor,Highway,Sunny,Wed,0,5
2025-12-03,S005,Excavator,Mining,Sunny,Wed,0,4
2025-12-03,S005,Bulldozer,Mining,Sunny,Wed,0,6
2025-12-03,S005,Crane,Mining,Sunny,Wed,0,2
2025-12-03,S005,Grader,Mining,Sunny,Wed,0,0
2025-12-03,S005,Loader,Mining,Sunny,Wed,0,5
2025-12-03,S005,Compactor,Mining,Sunny,Wed,0,0
2025-12-03,S006,Excavator,Road,Sunny,Wed,0,5
2025-12-03,S006,Bulldozer,Road,Sunny,Wed,0,2
2025-12-03,S006,Crane,Road,Sunny,Wed,0,0
2025-12-03,S006,Grader,Road,Sunny,Wed,0,3
2025-12-03,S006,Loader,Road,Sunny,Wed,0,4
2025-12-03,S006,Compactor,Road,Sunny,Wed,0,4
2025-12-04,S001,Excavator,Road,Sunny,Thu,0,6
2025-12-04,S001,Bulldozer,Road,Sunny,Thu,0,3
2025-12-04,S001,Crane,Road,Sunny,Thu,0,1
2025-12-04,S001,Grader,Road,Sunny,Thu,0,5
2025-12-04,S001,Loader,Road,Sunny,Thu,0,3
2025-12-04,S001,Compactor,Road,Sunny,Thu,0,3
2025-12-04,S002,Excavator,Mining,Sunny,Thu,0,2
2025-12-04,S002,Bulldozer,Mining,Sunny,Thu,0,6
2025-12-04,S002,Crane,Mining,Sunny,Thu,0,2
2025-12-04,S002,Grader,Mining,Sunny,Thu,0,2
2025-12-04,S002,Loader,Mining,Sunny,Thu,0,4
2025-12-04,S002,Compactor,Mining,Sunny,Thu,0,0
2025-12-04,S003,Excavator,Building,Sunny,Thu,0,2
2025-12-04,S003,Bulldozer,Building,Sunny,Thu,0,2
2025-12-04,S003,Crane,Building,Sunny,Thu,0,6
2025-12-04,S003,Grader,Building,Sunny,Thu,0,0
2025-12-04,S003,Loader,Building,Sunny,Thu,0,2
2025-12-04,S003,Compactor,Building,Sunny,Thu,0,1
2025-12-04,S004,Excavator,Highway,Sunny,Thu,0,5
2025-12-04,S004,Bulldozer,Highway,Sunny,Thu,0,2
2025-12-04,S004,Crane,Highway,Sunny,Thu,0,1
2025-12-04,S004,Grader,Highway,Sunny,Thu,0,4
2025-12-04,S004,Loader,Highway,Sunny,Thu,0,3
2025-12-04,S004,Compactor,Highway,Sunny,Thu,0,5
2025-12-04,S005,Excavator,Mining,Sunny,Thu,0,3
2025-12-04,S005,Bulldozer,Mining,Sunny,Thu,0,6
2025-12-04,S005,Crane,Mining,Sunny,Thu,0,1
2025-12-04,S005,Grader,Mining,Sunny,Thu,0,1
2025-12-04,S005,Loader,Mining,Sunny,Thu,0,5
2025-12-04,S005,Compactor,Mining,Sunny,Thu,0,0
2025-12-04,S006,Excavator,Road,Sunny,Thu,0,6
2025-12-04,S006,Bulldozer,Road,Sunny,Thu,0,2
2025-12-04,S006,Crane,Road,Sunny,Thu,0,1
2025-12-04,S006,Grader,Road,Sunny,Thu,0,3
2025-12-04,S006,Loader,Road,Sunny,Thu,0,3
2025-12-04,S006,Compactor,Road,Sunny,Thu,0,4
2025-12-05,S001,Excavator,Road,Cloudy,Fri,0,5
2025-12-05,S001,Bulldozer,Road,Cloudy,Fri,0,1
2025-12-05,S001,Crane,Road,Cloudy,Fri,0,2
2025-12-05,S001,Grader,Road,Cloudy,Fri,0,2
2025-12-05,S001,Loader,Road,Cloudy,Fri,0,3
2025-12-05,S001,Compactor,Road,Cloudy,Fri,0,3
2025-12-05,S002,Excavator,Mining,Cloudy,Fri,0,3
2025-12-05,S002,Bulldozer,Mining,Cloudy,Fri,0,6
2025-12-05,S002,Crane,Mining,Cloudy,Fri,0,1
2025-12-05,S002,Grader,Mining,Cloudy,Fri,0,1
2025-12-05,S002,Loader,Mining,Cloudy,Fri,0,3
2025-12-05,S002,Compactor,Mining,Cloudy,Fri,0,1
2025-12-05,S003,Excavator,Building,Sunny,Fri,0,2
2025-12-05,S003,Bulldozer,Building,Sunny,Fri,0,0
2025-12-05,S003,Crane,Building,Sunny,Fri,0,5
2025-12-05,S003,Grader,Building,Sunny,Fri,0,0
2025-12-05,S003,Loader,Building,Sunny,Fri,0,1
2025-12-05,S003,Compactor,Building,Sunny,Fri,0,3
2025-12-05,S004,Excavator,Highway,Sunny,Fri,0,5
2025-12-05,S004,Bulldozer,Highway,Sunny,Fri,0,4
2025-12-05,S004,Crane,Highway,Sunny,Fri,0,1
2025-12-05,S004,Grader,Highway,Sunny,Fri,0,6
2025-12-05,S004,Loader,Highway,Sunny,Fri,0,4
2025-12-05,S004,Compactor,Highway,Sunny,Fri,0,4
2025-12-05,S005,Excavator,Mining,Sunny,Fri,0,4
2025-12-05,S005,Bulldozer,Mining,Sunny,Fri,0,7
2025-12-05,S005,Crane,Mining,Sunny,Fri,0,2
2025-12-05,S005,Grader,Mining,Sunny,Fri,0,2
2025-12-05,S005,Loader,Mining,Sunny,Fri,0,4
2025-12-05,S005,Compactor,Mining,Sunny,Fri,0,0
2025-12-05,S006,Excavator,Road,Cloudy,Fri,0,3
2025-12-05,S006,Bulldozer,Road,Cloudy,Fri,0,2
2025-12-05,S006,Crane,Road,Cloudy,Fri,0,0
2025-12-05,S006,Grader,Road,Cloudy,Fri,0,4
2025-12-05,S006,Loader,Road,Cloudy,Fri,0,2
2025-12-05,S006,Compactor,Road,Cloudy,Fri,0,3
2025-12-06,S001,Excavator,Road,Sunny,Sat,1,2
2025-12-06,S001,Bulldozer,Road,Sunny,Sat,1,2
2025-12-06,S001,Crane,Road,Sunny,Sat,1,0
2025-12-06,S001,Grader,Road,Sunny,Sat,1,2
2025-12-06,S001,Loader,Road,Sunny,Sat,1,2
2025-12-06,S001,Compactor,Road,Sunny,Sat,1,2
2025-12-06,S002,Excavator,Mining,Sunny,Sat,1,2
2025-12-06,S002,Bulldozer,Mining,Sunny,Sat,1,2
2025-12-06,S002,Crane,Mining,Sunny,Sat,1,0
2025-12-06,S002,Grader,Mining,Sunny,Sat,1,1
2025-12-06,S002,Loader,Mining,Sunny,Sat,1,3
2025-12-06,S002,Compactor,Mining,Sunny,Sat,1,1
2025-12-06,S003,Excavator,Building,Sunny,Sat,1,0
2025-12-06,S003,Bulldozer,Building,Sunny,Sat,1,0
2025-12-06,S003,Crane,Building,Sunny,Sat,1,2
2025-12-06,S003,Grader,Building,Sunny,Sat,1,0
2025-12-06,S003,Loader,Building,Sunny,Sat,1,1
2025-12-06,S003,Compactor,Building,Sunny,Sat,1,0
2025-12-06,S004,Excavator,Highway,Cloudy,Sat,1,1
2025-12-06,S004,Bulldozer,Highway,Cloudy,Sat,1,1
2025-12-06,S004,Crane,Highway,Cloudy,Sat,1,0
2025-12-06,S004,Grader,Highway,Cloudy,Sat,1,3
2025-12-06,S004,Loader,Highway,Cloudy,Sat,1,1
2025-12-06,S004,Compactor,Highway,Cloudy,Sat,1,2
2025-12-06,S005,Excavator,Mining,Cloudy,Sat,1,1
2025-12-06,S005,Bulldozer,Mining,Cloudy,Sat,1,3
2025-12-06,S005,Crane,Mining,Cloudy,Sat,1,0
2025-12-06,S005,Grader,Mining,Cloudy,Sat,1,0
2025-12-06,S005,Loader,Mining,Cloudy,Sat,1,1
2025-12-06,S005,Compactor,Mining,Cloudy,Sat,1,0
2025-12-06,S006,Excavator,Road,Sunny,Sat,1,1
2025-12-06,S006,Bulldozer,Road,Sunny,Sat,1,2
2025-12-06,S006,Crane,Road,Sunny,Sat,1,1
2025-12-06,S006,Grader,Road,Sunny,Sat,1,2
2025-12-06,S006,Loader,Road,Sunny,Sat,1,2
2025-12-06,S006,Compactor,Road,Sunny,Sat,1,1
2025-12-07,S001,Excavator,Road,Rain,Sun,1,2
2025-12-07,S001,Bulldozer,Road,Rain,Sun,1,0
2025-12-07,S001,Crane,Road,Rain,Sun,1,0
2025-12-07,S001,Grader,Road,Rain,Sun,1,0
2025-12-07,S001,Loader,Road,Rain,Sun,1,1
2025-12-07,S001,Compactor,Road,Rain,Sun,1,1
2025-12-07,S002,Excavator,Mining,Cloudy,Sun,1,1
2025-12-07,S002,Bulldozer,Mining,Cloudy,Sun,1,2
2025-12-07,S002,Crane,Mining,Cloudy,Sun,1,1
2025-12-07,S002,Grader,Mining,Cloudy,Sun,1,0
2025-12-07,S002,Loader,Mining,Cloudy,Sun,1,1
2025-12-07,S002,Compactor,Mining,Cloudy,Sun,1,0
2025-12-07,S003,Excavator,Building,Rain,Sun,1,0
2025-12-07,S003,Bulldozer,Building,Rain,Sun,1,0
2025-12-07,S003,Crane,Building,Rain,Sun,1,1
2025-12-07,S003,Grader,Building,Rain,Sun,1,0
2025-12-07,S003,Loader,Building,Rain,Sun,1,0
2025-12-07,S003,Compactor,Building,Rain,Sun,1,1
2025-12-07,S004,Excavator,Highway,Sunny,Sun,1,1
2025-12-07,S004,Bulldozer,Highway,Sunny,Sun,1,1
2025-12-07,S004,Crane,Highway,Sunny,Sun,1,1
2025-12-07,S004,Grader,Highway,Sunny,Sun,1,2
2025-12-07,S004,Loader,Highway,Sunny,Sun,1,1
2025-12-07,S004,Compactor,Highway,Sunny,Sun,1,3
2025-12-07,S005,Excavator,Mining,Cloudy,Sun,1,1
2025-12-07,S005,Bulldozer,Mining,Cloudy,Sun,1,3
2025-12-07,S005,Crane,Mining,Cloudy,Sun,1,1
2025-12-07,S005,Grader,Mining,Cloudy,Sun,1,0
2025-12-07,S005,Loader,Mining,Cloudy,Sun,1,3
2025-12-07,S005,Compactor,Mining,Cloudy,Sun,1,1
2025-12-07,S006,Excavator,Road,Rain,Sun,1,2
2025-12-07,S006,Bulldozer,Road,Rain,Sun,1,0
2025-12-07,S006,Crane,Road,Rain,Sun,1,0
2025-12-07,S006,Grader,Road,Rain,Sun,1,0
2025-12-07,S006,Loader,Road,Rain,Sun,1,1
2025-12-07,S006,Compactor,Road,Rain,Sun,1,1
2025-12-08,S001,Excavator,Road,Cloudy,Mon,0,5
2025-12-08,S001,Bulldozer,Road,Cloudy,Mon,0,1
2025-12-08,S001,Crane,Road,Cloudy,Mon,0,0
2025-12-08,S001,Grader,Road,Cloudy,Mon,0,4
2025-12-08,S001,Loader,Road,Cloudy,Mon,0,2
2025-12-08,S001,Compactor,Road,Cloudy,Mon,0,3
2025-12-08,S002,Excavator,Mining,Sunny,Mon,0,3
2025-12-08,S002,Bulldozer,Mining,Sunny,Mon,0,6
2025-12-08,S002,Crane,Mining,Sunny,Mon,0,1
2025-12-08,S002,Grader,Mining,Sunny,Mon,0,1
2025-12-08,S002,Loader,Mining,Sunny,Mon,0,6
2025-12-08,S002,Compactor,Mining,Sunny,Mon,0,2
2025-12-08,S003,Excavator,Building,Sunny,Mon,0,3
2025-12-08,S003,Bulldozer,Building,Sunny,Mon,0,2
2025-12-08,S003,Crane,Building,Sunny,Mon,0,5
2025-12-08,S003,Grader,Building,Sunny,Mon,0,1
2025-12-08,S003,Loader,Building,Sunny,Mon,0,2
2025-12-08,S003,Compactor,Building,Sunny,Mon,0,3
2025-12-08,S004,Excavator,Highway,Sunny,Mon,0,5
2025-12-08,S004,Bulldozer,Highway,Sunny,Mon,0,2
2025-12-08,S004,Crane,Highway,Sunny,Mon,0,1
2025-12-08,S004,Grader,Highway,Sunny,Mon,0,4
2025-12-08,S004,Loader,Highway,Sunny,Mon,0,3
2025-12-08,S004,Compactor,Highway,Sunny,Mon,0,4
2025-12-08,S005,Excavator,Mining,Sunny,Mon,0,4
2025-12-08,S005,Bulldozer,Mining,Sunny,Mon,0,6
2025-12-08,S005,Crane,Mining,Sunny,Mon,0,3
2025-12-08,S005,Grader,Mining,Sunny,Mon,0,1
2025-12-08,S005,Loader,Mining,Sunny,Mon,0,5
2025-12-08,S005,Compactor,Mining,Sunny,Mon,0,1
2025-12-08,S006,Excavator,Road,Rain,Mon,0,3
2025-12-08,S006,Bulldozer,Road,Rain,Mon,0,0
2025-12-08,S006,Crane,Road,Rain,Mon,0,1
2025-12-08,S006,Grader,Road,Rain,Mon,0,2
2025-12-08,S006,Loader,Road,Rain,Mon,0,1
2025-12-08,S006,Compactor,Road,Rain,Mon,0,1
2025-12-09,S001,Excavator,Road,Cloudy,Tue,0,5
2025-12-09,S001,Bulldozer,Road,Cloudy,Tue,0,2
2025-12-09,S001,Crane,Road,Cloudy,Tue,0,0
2025-12-09,S001,Grader,Road,Cloudy,Tue,0,3
2025-12-09,S001,Loader,Road,Cloudy,Tue,0,2
2025-12-09,S001,Compactor,Road,Cloudy,Tue,0,3
2025-12-09,S002,Excavator,Mining,Cloudy,Tue,0,3
2025-12-09,S002,Bulldozer,Mining,Cloudy,Tue,0,5
2025-12-09,S002,Crane,Mining,Cloudy,Tue,0,2
2025-12-09,S002,Grader,Mining,Cloudy,Tue,0,0
2025-12-09,S002,Loader,Mining,Cloudy,Tue,0,4
2025-12-09,S002,Compactor,Mining,Cloudy,Tue,0,1
2025-12-09,S003,Excavator,Building,Sunny,Tue,0,2
2025-12-09,S003,Bulldozer,Building,Sunny,Tue,0,1
2025-12-09,S003,Crane,Building,Sunny,Tue,0,5
2025-12-09,S003,Grader,Building,Sunny,Tue,0,1
2025-12-09,S003,Loader,Building,Sunny,Tue,0,1
2025-12-09,S003,Compactor,Building,Sunny,Tue,0,2
2025-12-09,S004,Excavator,Highway,Sunny,Tue,0,4
2025-12-09,S004,Bulldozer,Highway,Sunny,Tue,0,4
2025-12-09,S004,Crane,Highway,Sunny,Tue,0,1
2025-12-09,S004,Grader,Highway,Sunny,Tue,0,6
2025-12-09,S004,Loader,Highway,Sunny,Tue,0,3
2025-12-09,S004,Compactor,Highway,Sunny,Tue,0,6
2025-12-09,S005,Excavator,Mining,Cloudy,Tue,0,3
2025-12-09,S005,Bulldozer,Mining,Cloudy,Tue,0,4
2025-12-09,S005,Crane,Mining,Cloudy,Tue,0,1
2025-12-09,S005,Grader,Mining,Cloudy,Tue,0,1
2025-12-09,S005,Loader,Mining,Cloudy,Tue,0,4
2025-12-09,S005,Compactor,Mining,Cloudy,Tue,0,1
2025-12-09,S006,Excavator,Road,Sunny,Tue,0,4
2025-12-09,S006,Bulldozer,Road,Sunny,Tue,0,1
2025-12-09,S006,Crane,Road,Sunny,Tue,0,1
2025-12-09,S006,Grader,Road,Sunny,Tue,0,3
2025-12-09,S006,Loader,Road,Sunny,Tue,0,2
2025-12-09,S006,Compactor,Road,Sunny,Tue,0,3
2025-12-10,S001,Excavator,Road,Cloudy,Wed,0,4
2025-12-10,S001,Bulldozer,Road,Cloudy,Wed,0,2
2025-12-10,S001,Crane,Road,Cloudy,Wed,0,1
2025-12-10,S001,Grader,Road,Cloudy,Wed,0,2
2025-12-10,S001,Loader,Road,Cloudy,Wed,0,3
2025-12-10,S001,Compactor,Road,Cloudy,Wed,0,4
2025-12-10,S002,Excavator,Mining,Sunny,Wed,0,3
2025-12-10,S002,Bulldozer,Mining,Sunny,Wed,0,6
2025-12-10,S002,Crane,Mining,Sunny,Wed,0,2
2025-12-10,S002,Grader,Mining,Sunny,Wed,0,1
2025-12-10,S002,Loader,Mining,Sunny,Wed,0,5
2025-12-10,S002,Compactor,Mining,Sunny,Wed,0,1
2025-12-10,S003,Excavator,Building,Sunny,Wed,0,2
2025-12-10,S003,Bulldozer,Building,Sunny,Wed,0,1
2025-12-10,S003,Crane,Building,Sunny,Wed,0,6
2025-12-10,S003,Grader,Building,Sunny,Wed,0,1
2025-12-10,S003,Loader,Building,Sunny,Wed,0,1
2025-12-10,S003,Compactor,Building,Sunny,Wed,0,1
2025-12-10,S004,Excavator,Highway,Sunny,Wed,0,5
2025-12-10,S004,Bulldozer,Highway,Sunny,Wed,0,2
2025-12-10,S004,Crane,Highway,Sunny,Wed,0,1
2025-12-10,S004,Grader,Highway,Sunny,Wed,0,4
2025-12-10,S004,Loader,Highway,Sunny,Wed,0,3
2025-12-10,S004,Compactor,Highway,Sunny,Wed,0,4
2025-12-10,S005,Excavator,Mining,Cloudy,Wed,0,2
2025-12-10,S005,Bulldozer,Mining,Cloudy,Wed,0,5
2025-12-10,S005,Crane,Mining,Cloudy,Wed,0,2
2025-12-10,S005,Grader,Mining,Cloudy,Wed,0,2
2025-12-10,S005,Loader,Mining,Cloudy,Wed,0,4
2025-12-10,S005,Compactor,Mining,Cloudy,Wed,0,2
2025-12-10,S006,Excavator,Road,Cloudy,Wed,0,4
2025-12-10,S006,Bulldozer,Road,Cloudy,Wed,0,1
2025-12-10,S006,Crane,Road,Cloudy,Wed,0,0
2025-12-10,S006,Grader,Road,Cloudy,Wed,0,4
2025-12-10,S006,Loader,Road,Cloudy,Wed,0,2
2025-12-10,S006,Compactor,Road,Cloudy,Wed,0,4
2025-12-11,S001,Excavator,Road,Sunny,Thu,0,4
2025-12-11,S001,Bulldozer,Road,Sunny,Thu,0,2
2025-12-11,S001,Crane,Road,Sunny,Thu,0,1
2025-12-11,S001,Grader,Road,Sunny,Thu,0,3
2025-12-11,S001,Loader,Road,Sunny,Thu,0,2
2025-12-11,S001,Compactor,Road,Sunny,Thu,0,5
2025-12-11,S002,Excavator,Mining,Sunny,Thu,0,4
2025-12-11,S002,Bulldozer,Mining,Sunny,Thu,0,6
2025-12-11,S002,Crane,Mining,Sunny,Thu,0,1
2025-12-11,S002,Grader,Mining,Sunny,Thu,0,1
2025-12-11,S002,Loader,Mining,Sunny,Thu,0,5
2025-12-11,S002,Compactor,Mining,Sunny,Thu,0,0
2025-12-11,S003,Excavator,Building,Sunny,Thu,0,3
2025-12-11,S003,Bulldozer,Building,Sunny,Thu,0,1
2025-12-11,S003,Crane,Building,Sunny,Thu,0,5
2025-12-11,S003,Grader,Building,Sunny,Thu,0,1
2025-12-11,S003,Loader,Building,Sunny,Thu,0,3
2025-12-11,S003,Compactor,Building,Sunny,Thu,0,1
2025-12-11,S004,Excavator,Highway,Sunny,Thu,0,5
2025-12-11,S004,Bulldozer,Highway,Sunny,Thu,0,3
2025-12-11,S004,Crane,Highway,Sunny,Thu,0,2
2025-12-11,S004,Grader,Highway,Sunny,Thu,0,4
2025-12-11,S004,Loader,Highway,Sunny,Thu,0,2
2025-12-11,S004,Compactor,Highway,Sunny,Thu,0,5
2025-12-11,S005,Excavator,Mining,Sunny,Thu,0,2
2025-12-11,S005,Bulldozer,Mining,Sunny,Thu,0,5
2025-12-11,S005,Crane,Mining,Sunny,Thu,0,1
2025-12-11,S005,Grader,Mining,Sunny,Thu,0,1
2025-12-11,S005,Loader,Mining,Sunny,Thu,0,4
2025-12-11,S005,Compactor,Mining,Sunny,Thu,0,0
2025-12-11,S006,Excavator,Road,Sunny,Thu,0,5
2025-12-11,S006,Bulldozer,Road,Sunny,Thu,0,2
2025-12-11,S006,Crane,Road,Sunny,Thu,0,1
2025-12-11,S006,Grader,Road,Sunny,Thu,0,5
2025-12-11,S006,Loader,Road,Sunny,Thu,0,2
2025-12-11,S006,Compactor,Road,Sunny,Thu,0,4
2025-12-12,S001,Excavator,Road,Cloudy,Fri,0,3
2025-12-12,S001,Bulldozer,Road,Cloudy,Fri,0,1
2025-12-12,S001,Crane,Road,Cloudy,Fri,0,1
2025-12-12,S001,Grader,Road,Cloudy,Fri,0,3
2025-12-12,S001,Loader,Road,Cloudy,Fri,0,2
2025-12-12,S001,Compactor,Road,Cloudy,Fri,0,4
2025-12-12,S002,Excavator,Mining,Cloudy,Fri,0,3
2025-12-12,S002,Bulldozer,Mining,Cloudy,Fri,0,5
2025-12-12,S002,Crane,Mining,Cloudy,Fri,0,2
2025-12-12,S002,Grader,Mining,Cloudy,Fri,0,1
2025-12-12,S002,Loader,Mining,Cloudy,Fri,0,4
2025-12-12,S002,Compactor,Mining,Cloudy,Fri,0,0
2025-12-12,S003,Excavator,Building,Cloudy,Fri,0,2
2025-12-12,S003,Bulldozer,Building,Cloudy,Fri,0,0
2025-12-12,S003,Crane,Building,Cloudy,Fri,0,4
2025-12-12,S003,Grader,Building,Cloudy,Fri,0,1
2025-12-12,S003,Loader,Building,Cloudy,Fri,0,2
2025-12-12,S003,Compactor,Building,Cloudy,Fri,0,1
2025-12-12,S004,Excavator,Highway,Sunny,Fri,0,5
2025-12-12,S004,Bulldozer,Highway,Sunny,Fri,0,2
2025-12-12,S004,Crane,Highway,Sunny,Fri,0,2
2025-12-12,S004,Grader,Highway,Sunny,Fri,0,5
2025-12-12,S004,Loader,Highway,Sunny,Fri,0,3
2025-12-12,S004,Compactor,Highway,Sunny,Fri,0,5
2025-12-12,S005,Excavator,Mining,Cloudy,Fri,0,2
2025-12-12,S005,Bulldozer,Mining,Cloudy,Fri,0,4
2025-12-12,S005,Crane,Mining,Cloudy,Fri,0,2
2025-12-12,S005,Grader,Mining,Cloudy,Fri,0,0
2025-12-12,S005,Loader,Mining,Cloudy,Fri,0,4
2025-12-12,S005,Compactor,Mining,Cloudy,Fri,0,0
2025-12-12,S006,Excavator,Road,Sunny,Fri,0,5
2025-12-12,S006,Bulldozer,Road,Sunny,Fri,0,3
2025-12-12,S006,Crane,Road,Sunny,Fri,0,1
2025-12-12,S006,Grader,Road,Sunny,Fri,0,4
2025-12-12,S006,Loader,Road,Sunny,Fri,0,3
2025-12-12,S006,Compactor,Road,Sunny,Fri,0,4
2025-12-13,S001,Excavator,Road,Sunny,Sat,1,2
2025-12-13,S001,Bulldozer,Road,Sunny,Sat,1,1
2025-12-13,S001,Crane,Road,Sunny,Sat,1,1
2025-12-13,S001,Grader,Road,Sunny,Sat,1,3
2025-12-13,S001,Loader,Road,Sunny,Sat,1,0
2025-12-13,S001,Compactor,Road,Sunny,Sat,1,2
2025-12-13,S002,Excavator,Mining,Sunny,Sat,1,1
2025-12-13,S002,Bulldozer,Mining,Sunny,Sat,1,3
2025-12-13,S002,Crane,Mining,Sunny,Sat,1,1
2025-12-13,S002,Grader,Mining,Sunny,Sat,1,0
2025-12-13,S002,Loader,Mining,Sunny,Sat,1,3
2025-12-13,S002,Compactor,Mining,Sunny,Sat,1,1
2025-12-13,S003,Excavator,Building,Sunny,Sat,1,1
2025-12-13,S003,Bulldozer,Building,Sunny,Sat,1,0
2025-12-13,S003,Crane,Building,Sunny,Sat,1,2
2025-12-13,S003,Grader,Building,Sunny,Sat,1,0
2025-12-13,S003,Loader,Building,Sunny,Sat,1,1
2025-12-13,S003,Compactor,Building,Sunny,Sat,1,1
2025-12-13,S004,Excavator,Highway,Sunny,Sat,1,2
2025-12-13,S004,Bulldozer,Highway,Sunny,Sat,1,2
2025-12-13,S004,Crane,Highway,Sunny,Sat,1,1
2025-12-13,S004,Grader,Highway,Sunny,Sat,1,2
2025-12-13,S004,Loader,Highway,Sunny,Sat,1,1
2025-12-13,S004,Compactor,Highway,Sunny,Sat,1,2
2025-12-13,S005,Excavator,Mining,Sunny,Sat,1,2
2025-12-13,S005,Bulldozer,Mining,Sunny,Sat,1,3
2025-12-13,S005,Crane,Mining,Sunny,Sat,1,2
2025-12-13,S005,Grader,Mining,Sunny,Sat,1,1
2025-12-13,S005,Loader,Mining,Sunny,Sat,1,1
2025-12-13,S005,Compactor,Mining,Sunny,Sat,1,1
2025-12-13,S006,Excavator,Road,Sunny,Sat,1,2
2025-12-13,S006,Bulldozer,Road,Sunny,Sat,1,1
2025-12-13,S006,Crane,Road,Sunny,Sat,1,0
2025-12-13,S006,Grader,Road,Sunny,Sat,1,1
2025-12-13,S006,Loader,Road,Sunny,Sat,1,2
2025-12-13,S006,Compactor,Road,Sunny,Sat,1,1
2025-12-14,S001,Excavator,Road,Sunny,Sun,1,2
2025-12-14,S001,Bulldozer,Road,Sunny,Sun,1,1
2025-12-14,S001,Crane,Road,Sunny,Sun,1,1
2025-12-14,S001,Grader,Road,Sunny,Sun,1,2
2025-12-14,S001,Loader,Road,Sunny,Sun,1,1
2025-12-14,S001,Compactor,Road,Sunny,Sun,1,1
2025-12-14,S002,Excavator,Mining,Cloudy,Sun,1,2
2025-12-14,S002,Bulldozer,Mining,Cloudy,Sun,1,1
2025-12-14,S002,Crane,Mining,Cloudy,Sun,1,1
2025-12-14,S002,Grader,Mining,Cloudy,Sun,1,1
2025-12-14,S002,Loader,Mining,Cloudy,Sun,1,1
2025-12-14,S002,Compactor,Mining,Cloudy,Sun,1,0
2025-12-14,S003,Excavator,Building,Rain,Sun,1,1
2025-12-14,S003,Bulldozer,Building,Rain,Sun,1,0
2025-12-14,S003,Crane,Building,Rain,Sun,1,0
2025-12-14,S003,Grader,Building,Rain,Sun,1,0
2025-12-14,S003,Loader,Building,Rain,Sun,1,1
2025-12-14,S003,Compactor,Building,Rain,Sun,1,0
2025-12-14,S004,Excavator,Highway,Sunny,Sun,1,3
2025-12-14,S004,Bulldozer,Highway,Sunny,Sun,1,1
2025-12-14,S004,Crane,Highway,Sunny,Sun,1,0
2025-12-14,S004,Grader,Highway,Sunny,Sun,1,2
2025-12-14,S004,Loader,Highway,Sunny,Sun,1,2
2025-12-14,S004,Compactor,Highway,Sunny,Sun,1,2
2025-12-14,S005,Excavator,Mining,Cloudy,Sun,1,1
2025-12-14,S005,Bulldozer,Mining,Cloudy,Sun,1,2
2025-12-14,S005,Crane,Mining,Cloudy,Sun,1,1
2025-12-14,S005,Grader,Mining,Cloudy,Sun,1,1
2025-12-14,S005,Loader,Mining,Cloudy,Sun,1,1
2025-12-14,S005,Compactor,Mining,Cloudy,Sun,1,0
2025-12-14,S006,Excavator,Road,Sunny,Sun,1,3
2025-12-14,S006,Bulldozer,Road,Sunny,Sun,1,1
2025-12-14,S006,Crane,Road,Sunny,Sun,1,0
2025-12-14,S006,Grader,Road,Sunny,Sun,1,2
2025-12-14,S006,Loader,Road,Sunny,Sun,1,2
2025-12-14,S006,Compactor,Road,Sunny,Sun,1,1
2025-12-15,S001,Excavator,Road,Cloudy,Mon,0,5
2025-12-15,S001,Bulldozer,Road,Cloudy,Mon,0,2
2025-12-15,S001,Crane,Road,Cloudy,Mon,0,0
2025-12-15,S001,Grader,Road,Cloudy,Mon,0,2
2025-12-15,S001,Loader,Road,Cloudy,Mon,0,3
2025-12-15,S001,Compactor,Road,Cloudy,Mon,0,3
2025-12-15,S002,Excavator,Mining,Cloudy,Mon,0,3
2025-12-15,S002,Bulldozer,Mining,Cloudy,Mon,0,6
2025-12-15,S002,Crane,Mining,Cloudy,Mon,0,2
2025-12-15,S002,Grader,Mining,Cloudy,Mon,0,1
2025-12-15,S002,Loader,Mining,Cloudy,Mon,0,5
2025-12-15,S002,Compactor,Mining,Cloudy,Mon,0,2
2025-12-15,S003,Excavator,Building,Cloudy,Mon,0,2
2025-12-15,S003,Bulldozer,Building,Cloudy,Mon,0,0
2025-12-15,S003,Crane,Building,Cloudy,Mon,0,5
2025-12-15,S003,Grader,Building,Cloudy,Mon,0,0
2025-12-15,S003,Loader,Building,Cloudy,Mon,0,1
2025-12-15,S003,Compactor,Building,Cloudy,Mon,0,2
2025-12-15,S004,Excavator,Highway,Sunny,Mon,0,6
2025-12-15,S004,Bulldozer,Highway,Sunny,Mon,0,3
2025-12-15,S004,Crane,Highway,Sunny,Mon,0,0
2025-12-15,S004,Grader,Highway,Sunny,Mon,0,4
2025-12-15,S004,Loader,Highway,Sunny,Mon,0,4
2025-12-15,S004,Compactor,Highway,Sunny,Mon,0,6
2025-12-15,S005,Excavator,Mining,Sunny,Mon,0,3
2025-12-15,S005,Bulldozer,Mining,Sunny,Mon,0,5
2025-12-15,S005,Crane,Mining,Sunny,Mon,0,3
2025-12-15,S005,Grader,Mining,Sunny,Mon,0,1
2025-12-15,S005,Loader,Mining,Sunny,Mon,0,4
2025-12-15,S005,Compactor,Mining,Sunny,Mon,0,1
2025-12-15,S006,Excavator,Road,Sunny,Mon,0,5
2025-12-15,S006,Bulldozer,Road,Sunny,Mon,0,2
2025-12-15,S006,Crane,Road,Sunny,Mon,0,0
2025-12-15,S006,Grader,Road,Sunny,Mon,0,5
2025-12-15,S006,Loader,Road,Sunny,Mon,0,3
2025-12-15,S006,Compactor,Road,Sunny,Mon,0,4
2025-12-16,S001,Excavator,Road,Cloudy,Tue,0,5
2025-12-16,S001,Bulldozer,Road,Cloudy,Tue,0,2
2025-12-16,S001,Crane,Road,Cloudy,Tue,0,1
2025-12-16,S001,Grader,Road,Cloudy,Tue,0,3
2025-12-16,S001,Loader,Road,Cloudy,Tue,0,2
2025-12-16,S001,Compactor,Road,Cloudy,Tue,0,3
2025-12-16,S002,Excavator,Mining,Cloudy,Tue,0,2
2025-12-16,S002,Bulldozer,Mining,Cloudy,Tue,0,6
2025-12-16,S002,Crane,Mining,Cloudy,Tue,0,2
2025-12-16,S002,Grader,Mining,Cloudy,Tue,0,2
2025-12-16,S002,Loader,Mining,Cloudy,Tue,0,5
2025-12-16,S002,Compactor,Mining,Cloudy,Tue,0,2
2025-12-16,S003,Excavator,Building,Sunny,Tue,0,2
2025-12-16,S003,Bulldozer,Building,Sunny,Tue,0,0
2025-12-16,S003,Crane,Building,Sunny,Tue,0,4
2025-12-16,S003,Grader,Building,Sunny,Tue,0,1
2025-12-16,S003,Loader,Building,Sunny,Tue,0,1
2025-12-16,S003,Compactor,Building,Sunny,Tue,0,2
2025-12-16,S004,Excavator,Highway,Sunny,Tue,0,5
2025-12-16,S004,Bulldozer,Highway,Sunny,Tue,0,4
2025-12-16,S004,Crane,Highway,Sunny,Tue,0,2
2025-12-16,S004,Grader,Highway,Sunny,Tue,0,5
2025-12-16,S004,Loader,Highway,Sunny,Tue,0,3
2025-12-16,S004,Compactor,Highway,Sunny,Tue,0,5
2025-12-16,S005,Excavator,Mining,Sunny,Tue,0,3
2025-12-16,S005,Bulldozer,Mining,Sunny,Tue,0,6
2025-12-16,S005,Crane,Mining,Sunny,Tue,0,2
2025-12-16,S005,Grader,Mining,Sunny,Tue,0,1
2025-12-16,S005,Loader,Mining,Sunny,Tue,0,5
2025-12-16,S005,Compactor,Mining,Sunny,Tue,0,1
2025-12-16,S006,Excavator,Road,Rain,Tue,0,3
2025-12-16,S006,Bulldozer,Road,Rain,Tue,0,1
2025-12-16,S006,Crane,Road,Rain,Tue,0,1
2025-12-16,S006,Grader,Road,Rain,Tue,0,2
2025-12-16,S006,Loader,Road,Rain,Tue,0,2
2025-12-16,S006,Compactor,Road,Rain,Tue,0,2
2025-12-17,S001,Excavator,Road,Sunny,Wed,0,5
2025-12-17,S001,Bulldozer,Road,Sunny,Wed,0,1
2025-12-17,S001,Crane,Road,Sunny,Wed,0,2
2025-12-17,S001,Grader,Road,Sunny,Wed,0,3
2025-12-17,S001,Loader,Road,Sunny,Wed,0,4
2025-12-17,S001,Compactor,Road,Sunny,Wed,0,4
2025-12-17,S002,Excavator,Mining,Sunny,Wed,0,3
2025-12-17,S002,Bulldozer,Mining,Sunny,Wed,0,7
2025-12-17,S002,Crane,Mining,Sunny,Wed,0,2
2025-12-17,S002,Grader,Mining,Sunny,Wed,0,1
2025-12-17,S002,Loader,Mining,Sunny,Wed,0,5
2025-12-17,S002,Compactor,Mining,Sunny,Wed,0,1
2025-12-17,S003,Excavator,Building,Sunny,Wed,0,2
2025-12-17,S003,Bulldozer,Building,Sunny,Wed,0,0
2025-12-17,S003,Crane,Building,Sunny,Wed,0,4
2025-12-17,S003,Grader,Building,Sunny,Wed,0,1
2025-12-17,S003,Loader,Building,Sunny,Wed,0,1
2025-12-17,S003,Compactor,Building,Sunny,Wed,0,2
2025-12-17,S004,Excavator,Highway,Sunny,Wed,0,5
2025-12-17,S004,Bulldozer,Highway,Sunny,Wed,0,3
2025-12-17,S004,Crane,Highway,Sunny,Wed,0,0
2025-12-17,S004,Grader,Highway,Sunny,Wed,0,4
2025-12-17,S004,Loader,Highway,Sunny,Wed,0,3
2025-12-17,S004,Compactor,Highway,Sunny,Wed,0,5
2025-12-17,S005,Excavator,Mining,Rain,Wed,0,2
2025-12-17,S005,Bulldozer,Mining,Rain,Wed,0,4
2025-12-17,S005,Crane,Mining,Rain,Wed,0,1
2025-12-17,S005,Grader,Mining,Rain,Wed,0,0
2025-12-17,S005,Loader,Mining,Rain,Wed,0,3
2025-12-17,S005,Compactor,Mining,Rain,Wed,0,0
2025-12-17,S006,Excavator,Road,Rain,Wed,0,2
2025-12-17,S006,Bulldozer,Road,Rain,Wed,0,1
2025-12-17,S006,Crane,Road,Rain,Wed,0,0
2025-12-17,S006,Grader,Road,Rain,Wed,0,2
2025-12-17,S006,Loader,Road,Rain,Wed,0,2
2025-12-17,S006,Compactor,Road,Rain,Wed,0,2
2025-12-18,S001,Excavator,Road,Sunny,Thu,0,5
2025-12-18,S001,Bulldozer,Road,Sunny,Thu,0,3
2025-12-18,S001,Crane,Road,Sunny,Thu,0,1
2025-12-18,S001,Grader,Road,Sunny,Thu,0,4
2025-12-18,S001,Loader,Road,Sunny,Thu,0,3
2025-12-18,S001,Compactor,Road,Sunny,Thu,0,4
2025-12-18,S002,Excavator,Mining,Sunny,Thu,0,3
2025-12-18,S002,Bulldozer,Mining,Sunny,Thu,0,6
2025-12-18,S002,Crane,Mining,Sunny,Thu,0,3
2025-12-18,S002,Grader,Mining,Sunny,Thu,0,1
2025-12-18,S002,Loader,Mining,Sunny,Thu,0,4
2025-12-18,S002,Compactor,Mining,Sunny,Thu,0,1
2025-12-18,S003,Excavator,Building,Cloudy,Thu,0,2
2025-12-18,S003,Bulldozer,Building,Cloudy,Thu,0,0
2025-12-18,S003,Crane,Building,Cloudy,Thu,0,4
2025-12-18,S003,Grader,Building,Cloudy,Thu,0,0
2025-12-18,S003,Loader,Building,Cloudy,Thu,0,2
2025-12-18,S003,Compactor,Building,Cloudy,Thu,0,2
2025-12-18,S004,Excavator,Highway,Sunny,Thu,0,6
2025-12-18,S004,Bulldozer,Highway,Sunny,Thu,0,4
2025-12-18,S004,Crane,Highway,Sunny,Thu,0,2
2025-12-18,S004,Grader,Highway,Sunny,Thu,0,5
2025-12-18,S004,Loader,Highway,Sunny,Thu,0,4
2025-12-18,S004,Compactor,Highway,Sunny,Thu,0,5
2025-12-18,S005,Excavator,Mining,Cloudy,Thu,0,2
2025-12-18,S005,Bulldozer,Mining,Cloudy,Thu,0,5
2025-12-18,S005,Crane,Mining,Cloudy,Thu,0,1
2025-12-18,S005,Grader,Mining,Cloudy,Thu,0,1
2025-12-18,S005,Loader,Mining,Cloudy,Thu,0,5
2025-12-18,S005,Compactor,Mining,Cloudy,Thu,0,1
2025-12-18,S006,Excavator,Road,Sunny,Thu,0,5
2025-12-18,S006,Bulldozer,Road,Sunny,Thu,0,2
2025-12-18,S006,Crane,Road,Sunny,Thu,0,0
2025-12-18,S006,Grader,Road,Sunny,Thu,0,4
2025-12-18,S006,Loader,Road,Sunny,Thu,0,4
2025-12-18,S006,Compactor,Road,Sunny,Thu,0,4
2025-12-19,S001,Excavator,Road,Sunny,Fri,0,5
2025-12-19,S001,Bulldozer,Road,Sunny,Fri,0,2
2025-12-19,S001,Crane,Road,Sunny,Fri,0,2
2025-12-19,S001,Grader,Road,Sunny,Fri,0,3
2025-12-19,S001,Loader,Road,Sunny,Fri,0,3
2025-12-19,S001,Compactor,Road,Sunny,Fri,0,4
2025-12-19,S002,Excavator,Mining,Rain,Fri,0,1
2025-12-19,S002,Bulldozer,Mining,Rain,Fri,0,2
2025-12-19,S002,Crane,Mining,Rain,Fri,0,1
2025-12-19,S002,Grader,Mining,Rain,Fri,0,0
2025-12-19,S002,Loader,Mining,Rain,Fri,0,3
2025-12-19,S002,Compactor,Mining,Rain,Fri,0,0
2025-12-19,S003,Excavator,Building,Cloudy,Fri,0,2
2025-12-19,S003,Bulldozer,Building,Cloudy,Fri,0,1
2025-12-19,S003,Crane,Building,Cloudy,Fri,0,5
2025-12-19,S003,Grader,Building,Cloudy,Fri,0,1
2025-12-19,S003,Loader,Building,Cloudy,Fri,0,2
2025-12-19,S003,Compactor,Building,Cloudy,Fri,0,1
2025-12-19,S004,Excavator,Highway,Sunny,Fri,0,4
2025-12-19,S004,Bulldozer,Highway,Sunny,Fri,0,2
2025-12-19,S004,Crane,Highway,Sunny,Fri,0,1
2025-12-19,S004,Grader,Highway,Sunny,Fri,0,5
2025-12-19,S004,Loader,Highway,Sunny,Fri,0,4
2025-12-19,S004,Compactor,Highway,Sunny,Fri,0,5
2025-12-19,S005,Excavator,Mining,Sunny,Fri,0,4
2025-12-19,S005,Bulldozer,Mining,Sunny,Fri,0,7
2025-12-19,S005,Crane,Mining,Sunny,Fri,0,3
2025-12-19,S005,Grader,Mining,Sunny,Fri,0,0
2025-12-19,S005,Loader,Mining,Sunny,Fri,0,6
2025-12-19,S005,Compactor,Mining,Sunny,Fri,0,1
2025-12-19,S006,Excavator,Road,Cloudy,Fri,0,4
2025-12-19,S006,Bulldozer,Road,Cloudy,Fri,0,2
2025-12-19,S006,Crane,Road,Cloudy,Fri,0,1
2025-12-19,S006,Grader,Road,Cloudy,Fri,0,4
2025-12-19,S006,Loader,Road,Cloudy,Fri,0,3
2025-12-19,S006,Compactor,Road,Cloudy,Fri,0,3
2025-12-20,S001,Excavator,Road,Cloudy,Sat,1,1
2025-12-20,S001,Bulldozer,Road,Cloudy,Sat,1,1
2025-12-20,S001,Crane,Road,Cloudy,Sat,1,0
2025-12-20,S001,Grader,Road,Cloudy,Sat,1,2
2025-12-20,S001,Loader,Road,Cloudy,Sat,1,0
2025-12-20,S001,Compactor,Road,Cloudy,Sat,1,2
2025-12-20,S002,Excavator,Mining,Cloudy,Sat,1,1
2025-12-20,S002,Bulldozer,Mining,Cloudy,Sat,1,3
2025-12-20,S002,Crane,Mining,Cloudy,Sat,1,1
2025-12-20,S002,Grader,Mining,Cloudy,Sat,1,1
2025-12-20,S002,Loader,Mining,Cloudy,Sat,1,1
2025-12-20,S002,Compactor,Mining,Cloudy,Sat,1,0
2025-12-20,S003,Excavator,Building,Sunny,Sat,1,0
2025-12-20,S003,Bulldozer,Building,Sunny,Sat,1,0
2025-12-20,S003,Crane,Building,Sunny,Sat,1,1
2025-12-20,S003,Grader,Building,Sunny,Sat,1,0
2025-12-20,S003,Loader,Building,Sunny,Sat,1,1
2025-12-20,S003,Compactor,Building,Sunny,Sat,1,0
2025-12-20,S004,Excavator,Highway,Cloudy,Sat,1,2
2025-12-20,S004,Bulldozer,Highway,Cloudy,Sat,1,1
2025-12-20,S004,Crane,Highway,Cloudy,Sat,1,0
2025-12-20,S004,Grader,Highway,Cloudy,Sat,1,2
2025-12-20,S004,Loader,Highway,Cloudy,Sat,1,2
2025-12-20,S004,Compactor,Highway,Cloudy,Sat,1,2
2025-12-20,S005,Excavator,Mining,Sunny,Sat,1,2
2025-12-20,S005,Bulldozer,Mining,Sunny,Sat,1,2
2025-12-20,S005,Crane,Mining,Sunny,Sat,1,2
2025-12-20,S005,Grader,Mining,Sunny,Sat,1,0
2025-12-20,S005,Loader,Mining,Sunny,Sat,1,2
2025-12-20,S005,Compactor,Mining,Sunny,Sat,1,0
2025-12-20,S006,Excavator,Road,Sunny,Sat,1,1
2025-12-20,S006,Bulldozer,Road,Sunny,Sat,1,2
2025-12-20,S006,Crane,Road,Sunny,Sat,1,1
2025-12-20,S006,Grader,Road,Sunny,Sat,1,2
2025-12-20,S006,Loader,Road,Sunny,Sat,1,1
2025-12-20,S006,Compactor,Road,Sunny,Sat,1,1
2025-12-21,S001,Excavator,Road,Sunny,Sun,1,3
2025-12-21,S001,Bulldozer,Road,Sunny,Sun,1,1
2025-12-21,S001,Crane,Road,Sunny,Sun,1,0
2025-12-21,S001,Grader,Road,Sunny,Sun,1,3
2025-12-21,S001,Loader,Road,Sunny,Sun,1,2
2025-12-21,S001,Compactor,Road,Sunny,Sun,1,2
2025-12-21,S002,Excavator,Mining,Sunny,Sun,1,2
2025-12-21,S002,Bulldozer,Mining,Sunny,Sun,1,3
2025-12-21,S002,Crane,Mining,Sunny,Sun,1,0
2025-12-21,S002,Grader,Mining,Sunny,Sun,1,0
2025-12-21,S002,Loader,Mining,Sunny,Sun,1,1
2025-12-21,S002,Compactor,Mining,Sunny,Sun,1,0
2025-12-21,S003,Excavator,Building,Rain,Sun,1,1
2025-12-21,S003,Bulldozer,Building,Rain,Sun,1,0
2025-12-21,S003,Crane,Building,Rain,Sun,1,0
2025-12-21,S003,Grader,Building,Rain,Sun,1,0
2025-12-21,S003,Loader,Building,Rain,Sun,1,0
2025-12-21,S003,Compactor,Building,Rain,Sun,1,1
2025-12-21,S004,Excavator,Highway,Sunny,Sun,1,3
2025-12-21,S004,Bulldozer,Highway,Sunny,Sun,1,0
2025-12-21,S004,Crane,Highway,Sunny,Sun,1,0
2025-12-21,S004,Grader,Highway,Sunny,Sun,1,2
2025-12-21,S004,Loader,Highway,Sunny,Sun,1,1
2025-12-21,S004,Compactor,Highway,Sunny,Sun,1,1
2025-12-21,S005,Excavator,Mining,Sunny,Sun,1,1
2025-12-21,S005,Bulldozer,Mining,Sunny,Sun,1,3
2025-12-21,S005,Crane,Mining,Sunny,Sun,1,0
2025-12-21,S005,Grader,Mining,Sunny,Sun,1,1
2025-12-21,S005,Loader,Mining,Sunny,Sun,1,2
2025-12-21,S005,Compactor,Mining,Sunny,Sun,1,0
2025-12-21,S006,Excavator,Road,Sunny,Sun,1,2
2025-12-21,S006,Bulldozer,Road,Sunny,Sun,1,0
2025-12-21,S006,Crane,Road,Sunny,Sun,1,0
2025-12-21,S006,Grader,Road,Sunny,Sun,1,2
2025-12-21,S006,Loader,Road,Sunny,Sun,1,1
2025-12-21,S006,Compactor,Road,Sunny,Sun,1,3
2025-12-22,S001,Excavator,Road,Sunny,Mon,0,4
2025-12-22,S001,Bulldozer,Road,Sunny,Mon,0,1
2025-12-22,S001,Crane,Road,Sunny,Mon,0,2
2025-12-22,S001,Grader,Road,Sunny,Mon,0,5
2025-12-22,S001,Loader,Road,Sunny,Mon,0,3
2025-12-22,S001,Compactor,Road,Sunny,Mon,0,4
2025-12-22,S002,Excavator,Mining,Sunny,Mon,0,3
2025-12-22,S002,Bulldozer,Mining,Sunny,Mon,0,6
2025-12-22,S002,Crane,Mining,Sunny,Mon,0,2
2025-12-22,S002,Grader,Mining,Sunny,Mon,0,1
2025-12-22,S002,Loader,Mining,Sunny,Mon,0,5
2025-12-22,S002,Compactor,Mining,Sunny,Mon,0,0
2025-12-22,S003,Excavator,Building,Rain,Mon,0,1
2025-12-22,S003,Bulldozer,Building,Rain,Mon,0,0
2025-12-22,S003,Crane,Building,Rain,Mon,0,2
2025-12-22,S003,Grader,Building,Rain,Mon,0,1
2025-12-22,S003,Loader,Building,Rain,Mon,0,1
2025-12-22,S003,Compactor,Building,Rain,Mon,0,1
2025-12-22,S004,Excavator,Highway,Cloudy,Mon,0,4
2025-12-22,S004,Bulldozer,Highway,Cloudy,Mon,0,2
2025-12-22,S004,Crane,Highway,Cloudy,Mon,0,0
2025-12-22,S004,Grader,Highway,Cloudy,Mon,0,5
2025-12-22,S004,Loader,Highway,Cloudy,Mon,0,3
2025-12-22,S004,Compactor,Highway,Cloudy,Mon,0,5
2025-12-22,S005,Excavator,Mining,Rain,Mon,0,1
2025-12-22,S005,Bulldozer,Mining,Rain,Mon,0,3
2025-12-22,S005,Crane,Mining,Rain,Mon,0,1
2025-12-22,S005,Grader,Mining,Rain,Mon,0,1
2025-12-22,S005,Loader,Mining,Rain,Mon,0,3
2025-12-22,S005,Compactor,Mining,Rain,Mon,0,1
2025-12-22,S006,Excavator,Road,Sunny,Mon,0,6
2025-12-22,S006,Bulldozer,Road,Sunny,Mon,0,2
2025-12-22,S006,Crane,Road,Sunny,Mon,0,1
2025-12-22,S006,Grader,Road,Sunny,Mon,0,3
2025-12-22,S006,Loader,Road,Sunny,Mon,0,3
2025-12-22,S006,Compactor,Road,Sunny,Mon,0,3
2025-12-23,S001,Excavator,Road,Rain,Tue,0,3
2025-12-23,S001,Bulldozer,Road,Rain,Tue,0,1
2025-12-23,S001,Crane,Road,Rain,Tue,0,0
2025-12-23,S001,Grader,Road,Rain,Tue,0,2
2025-12-23,S001,Loader,Road,Rain,Tue,0,2
2025-12-23,S001,Compactor,Road,Rain,Tue,0,3
2025-12-23,S002,Excavator,Mining,Cloudy,Tue,0,3
2025-12-23,S002,Bulldozer,Mining,Cloudy,Tue,0,5
2025-12-23,S002,Crane,Mining,Cloudy,Tue,0,1
2025-12-23,S002,Grader,Mining,Cloudy,Tue,0,1
2025-12-23,S002,Loader,Mining,Cloudy,Tue,0,4
2025-12-23,S002,Compactor,Mining,Cloudy,Tue,0,1
2025-12-23,S003,Excavator,Building,Rain,Tue,0,2
2025-12-23,S003,Bulldozer,Building,Rain,Tue,0,0
2025-12-23,S003,Crane,Building,Rain,Tue,0,2
2025-12-23,S003,Grader,Building,Rain,Tue,0,0
2025-12-23,S003,Loader,Building,Rain,Tue,0,1
2025-12-23,S003,Compactor,Building,Rain,Tue,0,1
2025-12-23,S004,Excavator,Highway,Cloudy,Tue,0,4
2025-12-23,S004,Bulldozer,Highway,Cloudy,Tue,0,3
2025-12-23,S004,Crane,Highway,Cloudy,Tue,0,0
2025-12-23,S004,Grader,Highway,Cloudy,Tue,0,4
2025-12-23,S004,Loader,Highway,Cloudy,Tue,0,3
2025-12-23,S004,Compactor,Highway,Cloudy,Tue,0,3
2025-12-23,S005,Excavator,Mining,Sunny,Tue,0,3
2025-12-23,S005,Bulldozer,Mining,Sunny,Tue,0,6
2025-12-23,S005,Crane,Mining,Sunny,Tue,0,1
2025-12-23,S005,Grader,Mining,Sunny,Tue,0,2
2025-12-23,S005,Loader,Mining,Sunny,Tue,0,5
2025-12-23,S005,Compactor,Mining,Sunny,Tue,0,2
2025-12-23,S006,Excavator,Road,Sunny,Tue,0,6
2025-12-23,S006,Bulldozer,Road,Sunny,Tue,0,3
2025-12-23,S006,Crane,Road,Sunny,Tue,0,1
2025-12-23,S006,Grader,Road,Sunny,Tue,0,4
2025-12-23,S006,Loader,Road,Sunny,Tue,0,3
2025-12-23,S006,Compactor,Road,Sunny,Tue,0,4
2025-12-24,S001,Excavator,Road,Sunny,Wed,0,6
2025-12-24,S001,Bulldozer,Road,Sunny,Wed,0,2
2025-12-24,S001,Crane,Road,Sunny,Wed,0,1
2025-12-24,S001,Grader,Road,Sunny,Wed,0,4
2025-12-24,S001,Loader,Road,Sunny,Wed,0,4
2025-12-24,S001,Compactor,Road,Sunny,Wed,0,4
2025-12-24,S002,Excavator,Mining,Sunny,Wed,0,3
2025-12-24,S002,Bulldozer,Mining,Sunny,Wed,0,6
2025-12-24,S002,Crane,Mining,Sunny,Wed,0,1
2025-12-24,S002,Grader,Mining,Sunny,Wed,0,1
2025-12-24,S002,Loader,Mining,Sunny,Wed,0,4
2025-12-24,S002,Compactor,Mining,Sunny,Wed,0,1
2025-12-24,S003,Excavator,Building,Sunny,Wed,0,2
2025-12-24,S003,Bulldozer,Building,Sunny,Wed,0,0
2025-12-24,S003,Crane,Building,Sunny,Wed,0,5
2025-12-24,S003,Grader,Building,Sunny,Wed,0,0
2025-12-24,S003,Loader,Building,Sunny,Wed,0,3
2025-12-24,S003,Compactor,Building,Sunny,Wed,0,2
2025-12-24,S004,Excavator,Highway,Sunny,Wed,0,5
2025-12-24,S004,Bulldozer,Highway,Sunny,Wed,0,4
2025-12-24,S004,Crane,Highway,Sunny,Wed,0,1
2025-12-24,S004,Grader,Highway,Sunny,Wed,0,4
2025-12-24,S004,Loader,Highway,Sunny,Wed,0,3
2025-12-24,S004,Compactor,Highway,Sunny,Wed,0,4
2025-12-24,S005,Excavator,Mining,Cloudy,Wed,0,3
2025-12-24,S005,Bulldozer,Mining,Cloudy,Wed,0,5
2025-12-24,S005,Crane,Mining,Cloudy,Wed,0,2
2025-12-24,S005,Grader,Mining,Cloudy,Wed,0,2
2025-12-24,S005,Loader,Mining,Cloudy,Wed,0,5
2025-12-24,S005,Compactor,Mining,Cloudy,Wed,0,1
2025-12-24,S006,Excavator,Road,Sunny,Wed,0,4
2025-12-24,S006,Bulldozer,Road,Sunny,Wed,0,2
2025-12-24,S006,Crane,Road,Sunny,Wed,0,1
2025-12-24,S006,Grader,Road,Sunny,Wed,0,3
2025-12-24,S006,Loader,Road,Sunny,Wed,0,2
2025-12-24,S006,Compactor,Road,Sunny,Wed,0,4
2025-12-25,S001,Excavator,Road,Cloudy,Thu,0,4
2025-12-25,S001,Bulldozer,Road,Cloudy,Thu,0,2
2025-12-25,S001,Crane,Road,Cloudy,Thu,0,0
2025-12-25,S001,Grader,Road,Cloudy,Thu,0,4
2025-12-25,S001,Loader,Road,Cloudy,Thu,0,3
2025-12-25,S001,Compactor,Road,Cloudy,Thu,0,3
2025-12-25,S002,Excavator,Mining,Rain,Thu,0,2
2025-12-25,S002,Bulldozer,Mining,Rain,Thu,0,3
2025-12-25,S002,Crane,Mining,Rain,Thu,0,2
2025-12-25,S002,Grader,Mining,Rain,Thu,0,0
2025-12-25,S002,Loader,Mining,Rain,Thu,0,2
2025-12-25,S002,Compactor,Mining,Rain,Thu,0,0
2025-12-25,S003,Excavator,Building,Cloudy,Thu,0,2
2025-12-25,S003,Bulldozer,Building,Cloudy,Thu,0,0
2025-12-25,S003,Crane,Building,Cloudy,Thu,0,5
2025-12-25,S003,Grader,Building,Cloudy,Thu,0,1
2025-12-25,S003,Loader,Building,Cloudy,Thu,0,2
2025-12-25,S003,Compactor,Building,Cloudy,Thu,0,2
2025-12-25,S004,Excavator,Highway,Sunny,Thu,0,5
2025-12-25,S004,Bulldozer,Highway,Sunny,Thu,0,3
2025-12-25,S004,Crane,Highway,Sunny,Thu,0,1
2025-12-25,S004,Grader,Highway,Sunny,Thu,0,4
2025-12-25,S004,Loader,Highway,Sunny,Thu,0,3
2025-12-25,S004,Compactor,Highway,Sunny,Thu,0,6
2025-12-25,S005,Excavator,Mining,Sunny,Thu,0,3
2025-12-25,S005,Bulldozer,Mining,Sunny,Thu,0,6
2025-12-25,S005,Crane,Mining,Sunny,Thu,0,1
2025-12-25,S005,Grader,Mining,Sunny,Thu,0,0
2025-12-25,S005,Loader,Mining,Sunny,Thu,0,4
2025-12-25,S005,Compactor,Mining,Sunny,Thu,0,1
2025-12-25,S006,Excavator,Road,Sunny,Thu,0,5
2025-12-25,S006,Bulldozer,Road,Sunny,Thu,0,2
2025-12-25,S006,Crane,Road,Sunny,Thu,0,0
2025-12-25,S006,Grader,Road,Sunny,Thu,0,4
2025-12-25,S006,Loader,Road,Sunny,Thu,0,3
2025-12-25,S006,Compactor,Road,Sunny,Thu,0,3
2025-12-26,S001,Excavator,Road,Rain,Fri,0,3
2025-12-26,S001,Bulldozer,Road,Rain,Fri,0,2
2025-12-26,S001,Crane,Road,Rain,Fri,0,0
2025-12-26,S001,Grader,Road,Rain,Fri,0,3
2025-12-26,S001,Loader,Road,Rain,Fri,0,2
2025-12-26,S001,Compactor,Road,Rain,Fri,0,2
2025-12-26,S002,Excavator,Mining,Sunny,Fri,0,3
2025-12-26,S002,Bulldozer,Mining,Sunny,Fri,0,6
2025-12-26,S002,Crane,Mining,Sunny,Fri,0,1
2025-12-26,S002,Grader,Mining,Sunny,Fri,0,0
2025-12-26,S002,Loader,Mining,Sunny,Fri,0,6
2025-12-26,S002,Compactor,Mining,Sunny,Fri,0,0
2025-12-26,S003,Excavator,Building,Sunny,Fri,0,1
2025-12-26,S003,Bulldozer,Building,Sunny,Fri,0,1
2025-12-26,S003,Crane,Building,Sunny,Fri,0,5
2025-12-26,S003,Grader,Building,Sunny,Fri,0,1
2025-12-26,S003,Loader,Building,Sunny,Fri,0,2
2025-12-26,S003,Compactor,Building,Sunny,Fri,0,2
2025-12-26,S004,Excavator,Highway,Cloudy,Fri,0,4
2025-12-26,S004,Bulldozer,Highway,Cloudy,Fri,0,2
2025-12-26,S004,Crane,Highway,Cloudy,Fri,0,1
2025-12-26,S004,Grader,Highway,Cloudy,Fri,0,4
2025-12-26,S004,Loader,Highway,Cloudy,Fri,0,3
2025-12-26,S004,Compactor,Highway,Cloudy,Fri,0,5
2025-12-26,S005,Excavator,Mining,Cloudy,Fri,0,3
2025-12-26,S005,Bulldozer,Mining,Cloudy,Fri,0,6
2025-12-26,S005,Crane,Mining,Cloudy,Fri,0,2
2025-12-26,S005,Grader,Mining,Cloudy,Fri,0,1
2025-12-26,S005,Loader,Mining,Cloudy,Fri,0,4
2025-12-26,S005,Compactor,Mining,Cloudy,Fri,0,2
2025-12-26,S006,Excavator,Road,Rain,Fri,0,2
2025-12-26,S006,Bulldozer,Road,Rain,Fri,0,1
2025-12-26,S006,Crane,Road,Rain,Fri,0,1
2025-12-26,S006,Grader,Road,Rain,Fri,0,3
2025-12-26,S006,Loader,Road,Rain,Fri,0,1
2025-12-26,S006,Compactor,Road,Rain,Fri,0,3
2025-12-27,S001,Excavator,Road,Cloudy,Sat,1,2
2025-12-27,S001,Bulldozer,Road,Cloudy,Sat,1,0
2025-12-27,S001,Crane,Road,Cloudy,Sat,1,0
2025-12-27,S001,Grader,Road,Cloudy,Sat,1,1
2025-12-27,S001,Loader,Road,Cloudy,Sat,1,1
2025-12-27,S001,Compactor,Road,Cloudy,Sat,1,1
2025-12-27,S002,Excavator,Mining,Sunny,Sat,1,0
2025-12-27,S002,Bulldozer,Mining,Sunny,Sat,1,3
2025-12-27,S002,Crane,Mining,Sunny,Sat,1,0
2025-12-27,S002,Grader,Mining,Sunny,Sat,1,0
2025-12-27,S002,Loader,Mining,Sunny,Sat,1,2
2025-12-27,S002,Compactor,Mining,Sunny,Sat,1,0
2025-12-27,S003,Excavator,Building,Sunny,Sat,1,0
2025-12-27,S003,Bulldozer,Building,Sunny,Sat,1,1
2025-12-27,S003,Crane,Building,Sunny,Sat,1,2
2025-12-27,S003,Grader,Building,Sunny,Sat,1,0
2025-12-27,S003,Loader,Building,Sunny,Sat,1,1
2025-12-27,S003,Compactor,Building,Sunny,Sat,1,0
2025-12-27,S004,Excavator,Highway,Cloudy,Sat,1,3
2025-12-27,S004,Bulldozer,Highway,Cloudy,Sat,1,0
2025-12-27,S004,Crane,Highway,Cloudy,Sat,1,0
2025-12-27,S004,Grader,Highway,Cloudy,Sat,1,2
2025-12-27,S004,Loader,Highway,Cloudy,Sat,1,2
2025-12-27,S004,Compactor,Highway,Cloudy,Sat,1,3
2025-12-27,S005,Excavator,Mining,Cloudy,Sat,1,2
2025-12-27,S005,Bulldozer,Mining,Cloudy,Sat,1,1
2025-12-27,S005,Crane,Mining,Cloudy,Sat,1,2
2025-12-27,S005,Grader,Mining,Cloudy,Sat,1,1
2025-12-27,S005,Loader,Mining,Cloudy,Sat,1,2
2025-12-27,S005,Compactor,Mining,Cloudy,Sat,1,1
2025-12-27,S006,Excavator,Road,Sunny,Sat,1,2
2025-12-27,S006,Bulldozer,Road,Sunny,Sat,1,0
2025-12-27,S006,Crane,Road,Sunny,Sat,1,0
2025-12-27,S006,Grader,Road,Sunny,Sat,1,3
2025-12-27,S006,Loader,Road,Sunny,Sat,1,2
2025-12-27,S006,Compactor,Road,Sunny,Sat,1,2
2025-12-28,S001,Excavator,Road,Sunny,Sun,1,1
2025-12-28,S001,Bulldozer,Road,Sunny,Sun,1,1
2025-12-28,S001,Crane,Road,Sunny,Sun,1,0
2025-12-28,S001,Grader,Road,Sunny,Sun,1,2
2025-12-28,S001,Loader,Road,Sunny,Sun,1,1
2025-12-28,S001,Compactor,Road,Sunny,Sun,1,1
2025-12-28,S002,Excavator,Mining,Sunny,Sun,1,1
2025-12-28,S002,Bulldozer,Mining,Sunny,Sun,1,2
2025-12-28,S002,Crane,Mining,Sunny,Sun,1,1
2025-12-28,S002,Grader,Mining,Sunny,Sun,1,1
2025-12-28,S002,Loader,Mining,Sunny,Sun,1,3
2025-12-28,S002,Compactor,Mining,Sunny,Sun,1,1
2025-12-28,S003,Excavator,Building,Cloudy,Sun,1,0
2025-12-28,S003,Bulldozer,Building,Cloudy,Sun,1,0
2025-12-28,S003,Crane,Building,Cloudy,Sun,1,1
2025-12-28,S003,Grader,Building,Cloudy,Sun,1,0
2025-12-28,S003,Loader,Building,Cloudy,Sun,1,1
2025-12-28,S003,Compactor,Building,Cloudy,Sun,1,2
2025-12-28,S004,Excavator,Highway,Rain,Sun,1,0
2025-12-28,S004,Bulldozer,Highway,Rain,Sun,1,0
2025-12-28,S004,Crane,Highway,Rain,Sun,1,1
2025-12-28,S004,Grader,Highway,Rain,Sun,1,1
2025-12-28,S004,Loader,Highway,Rain,Sun,1,0
2025-12-28,S004,Compactor,Highway,Rain,Sun,1,2
2025-12-28,S005,Excavator,Mining,Cloudy,Sun,1,2
2025-12-28,S005,Bulldozer,Mining,Cloudy,Sun,1,3
2025-12-28,S005,Crane,Mining,Cloudy,Sun,1,1
2025-12-28,S005,Grader,Mining,Cloudy,Sun,1,1
2025-12-28,S005,Loader,Mining,Cloudy,Sun,1,3
2025-12-28,S005,Compactor,Mining,Cloudy,Sun,1,0
2025-12-28,S006,Excavator,Road,Sunny,Sun,1,2
2025-12-28,S006,Bulldozer,Road,Sunny,Sun,1,1
2025-12-28,S006,Crane,Road,Sunny,Sun,1,0
2025-12-28,S006,Grader,Road,Sunny,Sun,1,1
2025-12-28,S006,Loader,Road,Sunny,Sun,1,2
2025-12-28,S006,Compactor,Road,Sunny,Sun,1,3
2025-12-29,S001,Excavator,Road,Sunny,Mon,0,6
2025-12-29,S001,Bulldozer,Road,Sunny,Mon,0,3
2025-12-29,S001,Crane,Road,Sunny,Mon,0,2
2025-12-29,S001,Grader,Road,Sunny,Mon,0,3
2025-12-29,S001,Loader,Road,Sunny,Mon,0,3
2025-12-29,S001,Compactor,Road,Sunny,Mon,0,4
2025-12-29,S002,Excavator,Mining,Cloudy,Mon,0,3
2025-12-29,S002,Bulldozer,Mining,Cloudy,Mon,0,4
2025-12-29,S002,Crane,Mining,Cloudy,Mon,0,2
2025-12-29,S002,Grader,Mining,Cloudy,Mon,0,0
2025-12-29,S002,Loader,Mining,Cloudy,Mon,0,4
2025-12-29,S002,Compactor,Mining,Cloudy,Mon,0,0
2025-12-29,S003,Excavator,Building,Sunny,Mon,0,1
2025-12-29,S003,Bulldozer,Building,Sunny,Mon,0,1
2025-12-29,S003,Crane,Building,Sunny,Mon,0,5
2025-12-29,S003,Grader,Building,Sunny,Mon,0,2
2025-12-29,S003,Loader,Building,Sunny,Mon,0,2
2025-12-29,S003,Compactor,Building,Sunny,Mon,0,3
2025-12-29,S004,Excavator,Highway,Sunny,Mon,0,4
2025-12-29,S004,Bulldozer,Highway,Sunny,Mon,0,3
2025-12-29,S004,Crane,Highway,Sunny,Mon,0,1
2025-12-29,S004,Grader,Highway,Sunny,Mon,0,6
2025-12-29,S004,Loader,Highway,Sunny,Mon,0,2
2025-12-29,S004,Compactor,Highway,Sunny,Mon,0,4
2025-12-29,S005,Excavator,Mining,Sunny,Mon,0,3
2025-12-29,S005,Bulldozer,Mining,Sunny,Mon,0,7
2025-12-29,S005,Crane,Mining,Sunny,Mon,0,2
2025-12-29,S005,Grader,Mining,Sunny,Mon,0,0
2025-12-29,S005,Loader,Mining,Sunny,Mon,0,5
2025-12-29,S005,Compactor,Mining,Sunny,Mon,0,2
2025-12-29,S006,Excavator,Road,Sunny,Mon,0,4
2025-12-29,S006,Bulldozer,Road,Sunny,Mon,0,2
2025-12-29,S006,Crane,Road,Sunny,Mon,0,0
2025-12-29,S006,Grader,Road,Sunny,Mon,0,4
2025-12-29,S006,Loader,Road,Sunny,Mon,0,2
2025-12-29,S006,Compactor,Road,Sunny,Mon,0,4
2025-12-30,S001,Excavator,Road,Sunny,Tue,0,6
2025-12-30,S001,Bulldozer,Road,Sunny,Tue,0,1
2025-12-30,S001,Crane,Road,Sunny,Tue,0,0
2025-12-30,S001,Grader,Road,Sunny,Tue,0,3
2025-12-30,S001,Loader,Road,Sunny,Tue,0,3
2025-12-30,S001,Compactor,Road,Sunny,Tue,0,4
2025-12-30,S002,Excavator,Mining,Cloudy,Tue,0,3
2025-12-30,S002,Bulldozer,Mining,Cloudy,Tue,0,5
2025-12-30,S002,Crane,Mining,Cloudy,Tue,0,1
2025-12-30,S002,Grader,Mining,Cloudy,Tue,0,1
2025-12-30,S002,Loader,Mining,Cloudy,Tue,0,5
2025-12-30,S002,Compactor,Mining,Cloudy,Tue,0,0
2025-12-30,S003,Excavator,Building,Cloudy,Tue,0,1
2025-12-30,S003,Bulldozer,Building,Cloudy,Tue,0,2
2025-12-30,S003,Crane,Building,Cloudy,Tue,0,5
2025-12-30,S003,Grader,Building,Cloudy,Tue,0,0
2025-12-30,S003,Loader,Building,Cloudy,Tue,0,2
2025-12-30,S003,Compactor,Building,Cloudy,Tue,0,2
2025-12-30,S004,Excavator,Highway,Sunny,Tue,0,5
2025-12-30,S004,Bulldozer,Highway,Sunny,Tue,0,4
2025-12-30,S004,Crane,Highway,Sunny,Tue,0,1
2025-12-30,S004,Grader,Highway,Sunny,Tue,0,5
2025-12-30,S004,Loader,Highway,Sunny,Tue,0,3
2025-12-30,S004,Compactor,Highway,Sunny,Tue,0,4
2025-12-30,S005,Excavator,Mining,Cloudy,Tue,0,2
2025-12-30,S005,Bulldozer,Mining,Cloudy,Tue,0,6
2025-12-30,S005,Crane,Mining,Cloudy,Tue,0,1
2025-12-30,S005,Grader,Mining,Cloudy,Tue,0,1
2025-12-30,S005,Loader,Mining,Cloudy,Tue,0,4
2025-12-30,S005,Compactor,Mining,Cloudy,Tue,0,1
2025-12-30,S006,Excavator,Road,Rain,Tue,0,3
2025-12-30,S006,Bulldozer,Road,Rain,Tue,0,2
2025-12-30,S006,Crane,Road,Rain,Tue,0,1
2025-12-30,S006,Grader,Road,Rain,Tue,0,1
2025-12-30,S006,Loader,Road,Rain,Tue,0,1
2025-12-30,S006,Compactor,Road,Rain,Tue,0,2
2025-12-31,S001,Excavator,Road,Cloudy,Wed,0,4
2025-12-31,S001,Bulldozer,Road,Cloudy,Wed,0,1
2025-12-31,S001,Crane,Road,Cloudy,Wed,0,1
2025-12-31,S001,Grader,Road,Cloudy,Wed,0,3
2025-12-31,S001,Loader,Road,Cloudy,Wed,0,2
2025-12-31,S001,Compactor,Road,Cloudy,Wed,0,4
2025-12-31,S002,Excavator,Mining,Sunny,Wed,0,4
2025-12-31,S002,Bulldozer,Mining,Sunny,Wed,0,5
2025-12-31,S002,Crane,Mining,Sunny,Wed,0,2
2025-12-31,S002,Grader,Mining,Sunny,Wed,0,0
2025-12-31,S002,Loader,Mining,Sunny,Wed,0,6
2025-12-31,S002,Compactor,Mining,Sunny,Wed,0,1
2025-12-31,S003,Excavator,Building,Rain,Wed,0,0
2025-12-31,S003,Bulldozer,Building,Rain,Wed,0,0
2025-12-31,S003,Crane,Building,Rain,Wed,0,2
2025-12-31,S003,Grader,Building,Rain,Wed,0,1
2025-12-31,S003,Loader,Building,Rain,Wed,0,0
2025-12-31,S003,Compactor,Building,Rain,Wed,0,2
2025-12-31,S004,Excavator,Highway,Sunny,Wed,0,5
2025-12-31,S004,Bulldozer,Highway,Sunny,Wed,0,3
2025-12-31,S004,Crane,Highway,Sunny,Wed,0,1
2025-12-31,S004,Grader,Highway,Sunny,Wed,0,4
2025-12-31,S004,Loader,Highway,Sunny,Wed,0,2
2025-12-31,S004,Compactor,Highway,Sunny,Wed,0,6
2025-12-31,S005,Excavator,Mining,Cloudy,Wed,0,3
2025-12-31,S005,Bulldozer,Mining,Cloudy,Wed,0,4
2025-12-31,S005,Crane,Mining,Cloudy,Wed,0,1
2025-12-31,S005,Grader,Mining,Cloudy,Wed,0,0
2025-12-31,S005,Loader,Mining,Cloudy,Wed,0,3
2025-12-31,S005,Compactor,Mining,Cloudy,Wed,0,1
2025-12-31,S006,Excavator,Road,Sunny,Wed,0,5
2025-12-31,S006,Bulldozer,Road,Sunny,Wed,0,3
2025-12-31,S006,Crane,Road,Sunny,Wed,0,1
2025-12-31,S006,Grader,Road,Sunny,Wed,0,5
2025-12-31,S006,Loader,Road,Sunny,Wed,0,3
2025-12-31,S006,Compactor,Road,Sunny,Wed,0,3
